id,originalValue,adoptedValue,disposition,action,applicableSystems,modelOrComponent,unit,scope,direction,precision,density,conditions,source,auditDate,sourceAsOf,conclusion
"sys.gb300-nvl72:keySpecs.gpuCount","72","72","reviewed","retained","[""sys.gb300-nvl72""]","NVIDIA GB300 NVL72","张","NVIDIA GB300 NVL72 / gpuCount；适用范围见限定条件与来源位置","not specified / not applicable","not applicable / unspecified","not applicable / unspecified","","{""id"":""src.nvidia-nvl72-ra"",""url"":""https://docs.nvidia.com/enterprise-reference-architectures/nvl72-ai-factory/latest/overview.html"",""localFile"":null,""locator"":""Overview，「72 NVIDIA Blackwell Ultra GPUs」""}","2026-09-12","2026-08","已按所列官方位置核验并采纳；限定条件随值展示。"
"sys.gb300-nvl72:keySpecs.cpuCount","36","36","reviewed","retained","[""sys.gb300-nvl72""]","NVIDIA GB300 NVL72","颗","NVIDIA GB300 NVL72 / cpuCount；适用范围见限定条件与来源位置","not specified / not applicable","not applicable / unspecified","not applicable / unspecified","","{""id"":""src.nvidia-nvl72-ra"",""url"":""https://docs.nvidia.com/enterprise-reference-architectures/nvl72-ai-factory/latest/overview.html"",""localFile"":null,""locator"":""Overview，「36 NVIDIA® Grace CPUs」""}","2026-09-12","2026-08","已按所列官方位置核验并采纳；限定条件随值展示。"
"sys.gb300-nvl72:keySpecs.computeTrayCount","18","18","reviewed","retained","[""sys.gb300-nvl72""]","NVIDIA GB300 NVL72","个","NVIDIA GB300 NVL72 / computeTrayCount；适用范围见限定条件与来源位置","not specified / not applicable","not applicable / unspecified","not applicable / unspecified","","{""id"":""src.nvidia-nvl72-ra"",""url"":""https://docs.nvidia.com/enterprise-reference-architectures/nvl72-ai-factory/latest/overview.html"",""localFile"":null,""locator"":""Overview，「18 compute trays connected via the fifth generation of NVLink」""}","2026-09-12","2026-08","已按所列官方位置核验并采纳；限定条件随值展示。"
"sys.gb300-nvl72:keySpecs.nvswitchTrayCount","9","9","reviewed","retained","[""sys.gb300-nvl72""]","NVIDIA GB300 NVL72","个","NVIDIA GB300 NVL72 / nvswitchTrayCount；适用范围见限定条件与来源位置","not specified / not applicable","not applicable / unspecified","not applicable / unspecified","","{""id"":""src.nvidia-nvl72-ra"",""url"":""https://docs.nvidia.com/enterprise-reference-architectures/nvl72-ai-factory/latest/components.html"",""localFile"":null,""locator"":""System Hardware & Components，「9 NVSwitch trays for full non-blocking P2P connectivity of all 72 Blackwell Ultra GPUs」""}","2026-09-12","2026-08","已按所列官方位置核验并采纳；限定条件随值展示。"
"sys.gb300-nvl72:keySpecs.rackPowerKW","142","142","reviewed","retained","[""sys.gb300-nvl72""]","NVIDIA GB300 NVL72","kW","NVIDIA GB300 NVL72 / rackPowerKW；适用范围见限定条件与来源位置","not specified / not applicable","not applicable / unspecified","not applicable / unspecified","官方口径为「最高（up to）142 kW」，不是典型工况功率；用于 tokens/W 估算时须在 caveat 中声明。","{""id"":""src.nvidia-nvl72-ra"",""url"":""https://docs.nvidia.com/enterprise-reference-architectures/nvl72-ai-factory/latest/components.html"",""localFile"":null,""locator"":""System Hardware & Components，「Full rack requiring up to 142 kW」""}","2026-09-12","2026-08","已按所列官方位置核验并采纳；限定条件随值展示。"
"sys.gb300-nvl72:keySpecs.nvlinkAggregateBandwidthTBs","130","130","reviewed","retained","[""sys.gb300-nvl72""]","NVIDIA GB300 NVL72","TB/s","NVIDIA GB300 NVL72 / nvlinkAggregateBandwidthTBs；适用范围见限定条件与来源位置","not specified / not applicable","not applicable / unspecified","not applicable / unspecified","","{""id"":""src.nvidia-nvl72-ra"",""url"":""https://docs.nvidia.com/enterprise-reference-architectures/nvl72-ai-factory/latest/components.html"",""localFile"":null,""locator"":""System Hardware & Components，「a total aggregated bandwidth of 130 TB/s」（产品页规格表同值）""}","2026-09-12","2026-08","已按所列官方位置核验并采纳；限定条件随值展示。"
"sys.gb300-nvl72:keySpecs.gpuMemoryTotalTB","20","20","reviewed","retained","[""sys.gb300-nvl72""]","NVIDIA GB300 NVL72","TB","NVIDIA GB300 NVL72 / gpuMemoryTotalTB；适用范围见限定条件与来源位置","not specified / not applicable","not applicable / unspecified","not applicable / unspecified","","{""id"":""src.nvidia-gb300-page"",""url"":""https://www.nvidia.com/en-us/data-center/gb300-nvl72/"",""localFile"":null,""locator"":""产品页规格表 GPU Memory | Bandwidth，「20 TB」""}","2026-09-12","2026-08","已按所列官方位置核验并采纳；限定条件随值展示。"
"sys.gb300-nvl72:keySpecs.gpuMemoryBandwidthTBs","576","576","reviewed","retained","[""sys.gb300-nvl72""]","NVIDIA GB300 NVL72","TB/s","NVIDIA GB300 NVL72 / gpuMemoryBandwidthTBs；适用范围见限定条件与来源位置","not specified / not applicable","not applicable / unspecified","not applicable / unspecified","","{""id"":""src.nvidia-gb300-page"",""url"":""https://www.nvidia.com/en-us/data-center/gb300-nvl72/"",""localFile"":null,""locator"":""产品页规格表 GPU Memory | Bandwidth，「Up to 576 TB/s」""}","2026-09-12","2026-08","已按所列官方位置核验并采纳；限定条件随值展示。"
"sys.gb300-nvl72:keySpecs.cpuMemoryTB","17","17","reviewed","retained","[""sys.gb300-nvl72""]","NVIDIA GB300 NVL72","TB","NVIDIA GB300 NVL72 / cpuMemoryTB；适用范围见限定条件与来源位置","not specified / not applicable","not applicable / unspecified","not applicable / unspecified","","{""id"":""src.nvidia-gb300-page"",""url"":""https://www.nvidia.com/en-us/data-center/gb300-nvl72/"",""localFile"":null,""locator"":""产品页规格表 CPU Memory | Bandwidth，「17 TB LPDDR5X」""}","2026-09-12","2026-08","已按所列官方位置核验并采纳；限定条件随值展示。"
"sys.gb300-nvl72:keySpecs.fastMemoryTB","37","37","reviewed","retained","[""sys.gb300-nvl72""]","NVIDIA GB300 NVL72","TB","NVIDIA GB300 NVL72 / fastMemoryTB；适用范围见限定条件与来源位置","not specified / not applicable","not applicable / unspecified","not applicable / unspecified","","{""id"":""src.nvidia-gb300-page"",""url"":""https://www.nvidia.com/en-us/data-center/gb300-nvl72/"",""localFile"":null,""locator"":""产品页规格表 Fast Memory，「37 TB」""}","2026-09-12","2026-08","已按所列官方位置核验并采纳；限定条件随值展示。"
"sys.gb300-nvl72:keySpecs.fp4DensePflops","1080","1080","reviewed","retained","[""sys.gb300-nvl72""]","NVIDIA GB300 NVL72","PFLOPS","NVIDIA GB300 NVL72 / fp4DensePflops；适用范围见限定条件与来源位置","not specified / not applicable","FP4","dense","1440 为含稀疏口径，1080 为稠密口径。产能估算只用稠密值。","{""id"":""src.nvidia-gb300-page"",""url"":""https://www.nvidia.com/en-us/data-center/gb300-nvl72/"",""localFile"":null,""locator"":""产品页规格表 FP4 Tensor Core，「1440 | 1080」+ 脚注 2「Without sparsity」""}","2026-09-12","2026-08","已按所列官方位置核验并采纳；限定条件随值展示。"
"sys.gb300-nvl72:keySpecs.fp8SparsePflops","720","720","reviewed","retained","[""sys.gb300-nvl72""]","NVIDIA GB300 NVL72","PFLOPS","NVIDIA GB300 NVL72 / fp8SparsePflops；适用范围见限定条件与来源位置","not specified / not applicable","FP8","dense","该值含稀疏；稠密口径为 360 PFLOPS。","{""id"":""src.nvidia-gb300-page"",""url"":""https://www.nvidia.com/en-us/data-center/gb300-nvl72/"",""localFile"":null,""locator"":""产品页规格表 FP8/FP6 Tensor Core，「720 PFLOPS」+ 脚注 1「All Tensor Core specifications are with sparsity unless otherwise noted」""}","2026-09-12","2026-08","已按所列官方位置核验并采纳；限定条件随值展示。"
"sys.gb300-nvl72:keySpecs.cpuCoreCount","2592","2592","reviewed","retained","[""sys.gb300-nvl72""]","NVIDIA GB300 NVL72","核","NVIDIA GB300 NVL72 / cpuCoreCount；适用范围见限定条件与来源位置","not specified / not applicable","not applicable / unspecified","not applicable / unspecified","","{""id"":""src.nvidia-gb300-page"",""url"":""https://www.nvidia.com/en-us/data-center/gb300-nvl72/"",""localFile"":null,""locator"":""产品页规格表 CPU Core Count，「2,592 Arm Neoverse V2 cores」""}","2026-09-12","2026-08","已按所列官方位置核验并采纳；限定条件随值展示。"
"sys.gb300-nvl72:keySpecs.maxScalableUnits","8","8","reviewed","retained","[""sys.gb300-nvl72""]","NVIDIA GB300 NVL72","个 SU","NVIDIA GB300 NVL72 / maxScalableUnits；适用范围见限定条件与来源位置","not specified / not applicable","not applicable / unspecified","not applicable / unspecified","一个 SU = 一个 NVL72 机架。8 SU 是官方完整验证过的规模上限，不是物理上限。","{""id"":""src.nvidia-nvl72-ra"",""url"":""https://docs.nvidia.com/enterprise-reference-architectures/nvl72-ai-factory/latest/overview.html"",""localFile"":null,""locator"":""Overview，「A fully tested system scales up to 8 SUs (Scalable Units)」""}","2026-09-12","2026-08","已按所列官方位置核验并采纳；限定条件随值展示。"
"sys.gb300-nvl72:keySpecs.aiFactoryOutputVsHopper","50","50","non-spec","retained","[""sys.gb300-nvl72""]","NVIDIA GB300 NVL72","倍","NVIDIA GB300 NVL72 / aiFactoryOutputVsHopper；适用范围见限定条件与来源位置","not specified / not applicable","not applicable / unspecified","not applicable / unspecified","⚠️ 厂商营销口径，不是单卡算力比，不可直接换算成 token 产能。★ 官方自己给了拆解（GB300 NVL72 产品页）：「Compared to Hopper, the GB300 NVL72 delivers an impressive 10x boost in user responsiveness (TPS per user) and a 5x improvement in throughput (TPS per megawatt (MW)). Together, these advancements translate into a remarkable 50x leap in overall AI factory output.」——即 50 = 10（每用户 TPS）× 5（每兆瓦 TPS）。**因子里有功耗（TPS/MW），没有成本**；讲的时候别加「成本」二字。另：数据手册第 3 页把它画成帕累托前沿的最优交点（DeepSeek-R1，ISL 32K / OSL 8K，GB300 NVL72 用 FP4 Dynamo disaggregation vs H100 用 FP8 in-flight batching，标注「Projected performance subject to change」）。","{""id"":""src.nvidia-nvl72-ra"",""url"":""https://docs.nvidia.com/enterprise-reference-architectures/nvl72-ai-factory/latest/components.html"",""localFile"":null,""locator"":""System Hardware & Components，「can deliver up to a 50x overall increase in AI factory output performance compared to NVIDIA Hopper-based platforms」""}","2026-09-12","2026-08","保留厂商宣称、第三方推测或教学观点及证据标签，不作为官方硬件数学输入。"
"sys.vera-rubin-nvl72:keySpecs.gpuCount","72","72","reviewed","retained","[""sys.vera-rubin-nvl72""]","NVIDIA Vera Rubin NVL72","张","NVIDIA Vera Rubin NVL72 / gpuCount；适用范围见限定条件与来源位置","not specified / not applicable","not applicable / unspecified","not applicable / unspecified","⚠️ 官方规格表脚注 1：「Preliminary information. All values are up to and subject to change.」（预发布口径，不是量产验收值）","{""id"":""src.nvidia-vera-rubin-page"",""url"":""https://www.nvidia.com/en-us/data-center/vera-rubin-nvl72/"",""localFile"":null,""locator"":""规格表 Configuration 行，「72 Rubin GPUs | 36 Vera CPUs」""}","2026-09-12","2026-08","已按所列官方位置核验并采纳；限定条件随值展示。"
"sys.vera-rubin-nvl72:keySpecs.cpuCount","36","36","reviewed","retained","[""sys.vera-rubin-nvl72""]","NVIDIA Vera Rubin NVL72","颗","NVIDIA Vera Rubin NVL72 / cpuCount；适用范围见限定条件与来源位置","not specified / not applicable","not applicable / unspecified","not applicable / unspecified","⚠️ 官方规格表脚注 1：「Preliminary information. All values are up to and subject to change.」（预发布口径，不是量产验收值）","{""id"":""src.nvidia-vera-rubin-page"",""url"":""https://www.nvidia.com/en-us/data-center/vera-rubin-nvl72/"",""localFile"":null,""locator"":""规格表 Configuration 行，「72 Rubin GPUs | 36 Vera CPUs」""}","2026-09-12","2026-08","已按所列官方位置核验并采纳；限定条件随值展示。"
"sys.vera-rubin-nvl72:keySpecs.computeTrayCount","18","18","reviewed","retained","[""sys.vera-rubin-nvl72""]","NVIDIA Vera Rubin NVL72","个","NVIDIA Vera Rubin NVL72 / computeTrayCount；适用范围见限定条件与来源位置","not specified / not applicable","not applicable / unspecified","not applicable / unspecified","","{""id"":""src.nvidia-rubin-pod-blog"",""url"":""https://developer.nvidia.com/blog/nvidia-vera-rubin-pod-seven-chips-five-rack-scale-systems-one-ai-supercomputer/"",""localFile"":null,""locator"":""NVIDIA Vera Rubin NVL72 节，「…across 18 compute trays, alongside 9 NVLink switch trays」""}","2026-09-12","2026-03","已按所列官方位置核验并采纳；限定条件随值展示。"
"sys.vera-rubin-nvl72:keySpecs.nvswitchTrayCount","9","9","reviewed","retained","[""sys.vera-rubin-nvl72""]","NVIDIA Vera Rubin NVL72","个","NVIDIA Vera Rubin NVL72 / nvswitchTrayCount；适用范围见限定条件与来源位置","not specified / not applicable","not applicable / unspecified","not applicable / unspecified","","{""id"":""src.nvidia-rubin-pod-blog"",""url"":""https://developer.nvidia.com/blog/nvidia-vera-rubin-pod-seven-chips-five-rack-scale-systems-one-ai-supercomputer/"",""localFile"":null,""locator"":""NVIDIA Vera Rubin NVL72 节，「…alongside 9 NVLink switch trays」（DGX 产品页规格表同口径：「9x L1 NVIDIA NVLink Switches」）""}","2026-09-12","2026-03","已按所列官方位置核验并采纳；限定条件随值展示。"
"sys.vera-rubin-nvl72:keySpecs.rackPowerKW","null","null","scope-conflict","retained","[""sys.vera-rubin-nvl72""]","NVIDIA Vera Rubin NVL72","kW","NVIDIA Vera Rubin NVL72 / rackPowerKW；适用范围见限定条件与来源位置","not specified / not applicable","not applicable / unspecified","not applicable / unspecified","★ NVIDIA 至今未在任何官方规格表中公布 Vera Rubin NVL72 的整机架功率。唯一提到该数字的 NVIDIA 博客（DSX MaxLPS）正文写「Vera Rubin NVL72 从 136 kW 降到 101 kW」，同页配图却把同一组数字标成 GB300 NVL72，且那是 provisioned power 而非铭牌规格——因此本项目取 null，tokens/W 一律不出数。","{""id"":""src.nvidia-vera-rubin-page"",""url"":""https://www.nvidia.com/en-us/data-center/vera-rubin-nvl72/"",""localFile"":null,""locator"":null}","2026-09-12","2026-08","原始资料存在配置、数量或范围差异；保留出处供对照，不作为已确认的统一配置。 ★ NVIDIA 至今未在任何官方规格表中公布 Vera Rubin NVL72 的整机架功率。唯一提到该数字的 NVIDIA 博客（DSX MaxLPS）正文写「Vera Rubin NVL72 从 136 kW 降到 101 kW」，同页配图却把同一组数字标成 GB300 NVL72，且那是 provisioned power 而非铭牌规格——因此本项目取 null，tokens/W 一律不出数。"
"sys.vera-rubin-nvl72:keySpecs.nvlinkAggregateBandwidthTBs","260","216","reviewed","corrected","[""sys.vera-rubin-nvl72""]","NVIDIA Vera Rubin NVL72","TB/s","NVIDIA Vera Rubin NVL72 / nvlinkAggregateBandwidthTBs；适用范围见限定条件与来源位置","bidirectional aggregate","not applicable / unspecified","not applicable / unspecified","整架双向合计，DSX MaxLPS。 Preliminary information; up to，规格随配置而变。","{""id"":""src.nvidia-vera-rubin-page"",""url"":""https://www.nvidia.com/en-us/data-center/vera-rubin-nvl72/"",""localFile"":null,""locator"":""Rack Specifications / NVLink""}","2026-09-12","2026-09","已按所列官方位置核验并采纳；限定条件随值展示。"
"sys.vera-rubin-nvl72:keySpecs.c2cAggregateBandwidthTBs","65","65","reviewed","retained","[""sys.vera-rubin-nvl72""]","NVIDIA Vera Rubin NVL72","TB/s","NVIDIA Vera Rubin NVL72 / c2cAggregateBandwidthTBs；适用范围见限定条件与来源位置","not specified / not applicable","not applicable / unspecified","not applicable / unspecified","= 36 个超级芯片 × 1.8 TB/s ≈ 64.8 TB/s，官方取整为 65 TB/s；不是 GPU↔GPU 的 NVLink 6，而是 CPU↔GPU 的 NVLink-C2C 在整机架尺度上的聚合值。
⚠️ 官方规格表脚注 1：「Preliminary information. All values are up to and subject to change.」（预发布口径，不是量产验收值）","{""id"":""src.nvidia-vera-rubin-page"",""url"":""https://www.nvidia.com/en-us/data-center/vera-rubin-nvl72/"",""localFile"":null,""locator"":""规格表 NVLink-C2C Bandwidth 行：整机架列「65 TB/s」，Vera Rubin Superchip 列「1.8 TB/s」""}","2026-09-12","2026-08","已按所列官方位置核验并采纳；限定条件随值展示。"
"sys.vera-rubin-nvl72:keySpecs.gpuMemoryTotalTB","20.7","20.7","reviewed","retained","[""sys.vera-rubin-nvl72""]","NVIDIA Vera Rubin NVL72","TB","NVIDIA Vera Rubin NVL72 / gpuMemoryTotalTB；适用范围见限定条件与来源位置","not specified / not applicable","not applicable / unspecified","not applicable / unspecified","⚠️ 官方规格表脚注 1：「Preliminary information. All values are up to and subject to change.」（预发布口径，不是量产验收值）","{""id"":""src.nvidia-vera-rubin-page"",""url"":""https://www.nvidia.com/en-us/data-center/vera-rubin-nvl72/"",""localFile"":null,""locator"":""规格表 GPU Memory | Bandwidth 行，「20.7 TB HBM4」""}","2026-09-12","2026-08","已按所列官方位置核验并采纳；限定条件随值展示。"
"sys.vera-rubin-nvl72:keySpecs.gpuMemoryBandwidthTBs","1580","1400","reviewed","corrected","[""sys.vera-rubin-nvl72""]","NVIDIA Vera Rubin NVL72","TB/s","NVIDIA Vera Rubin NVL72 / gpuMemoryBandwidthTBs；适用范围见限定条件与来源位置","not specified / not applicable","not applicable / unspecified","not applicable / unspecified","整架；网页取整，DSX MaxLPS。 Preliminary information; up to，规格随配置而变。","{""id"":""src.nvidia-vera-rubin-page"",""url"":""https://www.nvidia.com/en-us/data-center/vera-rubin-nvl72/"",""localFile"":null,""locator"":""Rack Specifications / HBM bandwidth""}","2026-09-12","2026-09","已按所列官方位置核验并采纳；限定条件随值展示。"
"sys.vera-rubin-nvl72:keySpecs.cpuMemoryTB","54","54","reviewed","retained","[""sys.vera-rubin-nvl72""]","NVIDIA Vera Rubin NVL72","TB","NVIDIA Vera Rubin NVL72 / cpuMemoryTB；适用范围见限定条件与来源位置","not specified / not applicable","not applicable / unspecified","not applicable / unspecified","⚠️ 官方规格表脚注 1：「Preliminary information. All values are up to and subject to change.」（预发布口径，不是量产验收值）","{""id"":""src.nvidia-vera-rubin-page"",""url"":""https://www.nvidia.com/en-us/data-center/vera-rubin-nvl72/"",""localFile"":null,""locator"":""规格表 CPU Memory 行，「54 TB LPDDR5X」""}","2026-09-12","2026-08","已按所列官方位置核验并采纳；限定条件随值展示。"
"sys.vera-rubin-nvl72:keySpecs.fastMemoryTB","75","75","reviewed","retained","[""sys.vera-rubin-nvl72""]","NVIDIA Vera Rubin NVL72","TB","NVIDIA Vera Rubin NVL72 / fastMemoryTB；适用范围见限定条件与来源位置","not specified / not applicable","not applicable / unspecified","not applicable / unspecified","= 20.7 TB HBM4 + 54 TB LPDDR5X。对照 GB300 的 37 TB，「快内存」翻了一倍。
⚠️ 官方规格表脚注 1：「Preliminary information. All values are up to and subject to change.」（预发布口径，不是量产验收值）","{""id"":""src.nvidia-vera-rubin-datasheet"",""url"":""https://dam-cdn.nvd.orangelogic.com/AssetLink/56p68o47y6f1yucpubl0ump1c0aif422.pdf"",""localFile"":null,""locator"":""数据手册第 1 页 Key Features，「75 TB of fast-access memory」""}","2026-09-12","2026-08","已按所列官方位置核验并采纳；限定条件随值展示。"
"sys.vera-rubin-nvl72:keySpecs.fp4DensePflops","2520","2520","reviewed","retained","[""sys.vera-rubin-nvl72""]","NVIDIA Vera Rubin NVL72","PFLOPS","NVIDIA Vera Rubin NVL72 / fp4DensePflops；适用范围见限定条件与来源位置","not specified / not applicable","FP4","dense","稠密口径，可与 GB300 的 1080 PFLOPS 稠密值直接对比（2.33×）。
⚠️ 官方规格表脚注 1：「Preliminary information. All values are up to and subject to change.」（预发布口径，不是量产验收值）","{""id"":""src.nvidia-vera-rubin-page"",""url"":""https://www.nvidia.com/en-us/data-center/vera-rubin-nvl72/"",""localFile"":null,""locator"":""规格表 NVFP4 Training² 行，「2,520 PFLOPS」+ 脚注 2「Dense specification」""}","2026-09-12","2026-08","已按所列官方位置核验并采纳；限定条件随值展示。"
"sys.vera-rubin-nvl72:keySpecs.fp4InferencePflops","3600","3600","reviewed","retained","[""sys.vera-rubin-nvl72""]","NVIDIA Vera Rubin NVL72","PFLOPS","NVIDIA Vera Rubin NVL72 / fp4InferencePflops；适用范围见限定条件与来源位置","not specified / not applicable","FP4","dense","⚠️ **这一列是稀疏口径，官方已明说**：Vera Rubin 数据手册 PDF 的 Technical Specifications¹ 脚注 1 比产品页多出后半句，逐字为「Preliminary information. All values are up to and subject to change. NVFP4 Inference specification is sparse.」（产品页脚注 1 只有前半句，且该行也没有脚注 2「Dense specification.」）。因此本项目不让它进 mathSpecs，产能估算只用上面带脚注 2 的稠密值——这不是保守处理，是有硬证据的排除。","{""id"":""src.nvidia-vera-rubin-page"",""url"":""https://www.nvidia.com/en-us/data-center/vera-rubin-nvl72/"",""localFile"":null,""locator"":""规格表 NVFP4 Inference 行，「3,600 PFLOPS」（发布稿口径：单卡 50 PFLOPS）""}","2026-09-12","2026-08","已按所列官方位置核验并采纳；限定条件随值展示。"
"sys.vera-rubin-nvl72:keySpecs.fp8DensePflops","1260","1260","reviewed","retained","[""sys.vera-rubin-nvl72""]","NVIDIA Vera Rubin NVL72","PFLOPS","NVIDIA Vera Rubin NVL72 / fp8DensePflops；适用范围见限定条件与来源位置","not specified / not applicable","FP8","dense","GB300 产品页给的 720 PFLOPS 是含稀疏口径（稠密 360），因此稠密对稠密是 360 → 1260（3.5×）。
⚠️ 官方规格表脚注 1：「Preliminary information. All values are up to and subject to change.」（预发布口径，不是量产验收值）","{""id"":""src.nvidia-vera-rubin-page"",""url"":""https://www.nvidia.com/en-us/data-center/vera-rubin-nvl72/"",""localFile"":null,""locator"":""规格表 FP8/FP6 Training² 行，「1,260 PFLOPS」+ 脚注 2「Dense specification」""}","2026-09-12","2026-08","已按所列官方位置核验并采纳；限定条件随值展示。"
"sys.vera-rubin-nvl72:keySpecs.cpuCoreCount","3168","3168","reviewed","retained","[""sys.vera-rubin-nvl72""]","NVIDIA Vera Rubin NVL72","核","NVIDIA Vera Rubin NVL72 / cpuCoreCount；适用范围见限定条件与来源位置","not specified / not applicable","not applicable / unspecified","not applicable / unspecified","⚠️ 官方规格表脚注 1：「Preliminary information. All values are up to and subject to change.」（预发布口径，不是量产验收值）","{""id"":""src.nvidia-vera-rubin-page"",""url"":""https://www.nvidia.com/en-us/data-center/vera-rubin-nvl72/"",""localFile"":null,""locator"":""规格表 CPU Core Count 行，「3,168 custom NVIDIA Olympus cores (Arm compatible)」""}","2026-09-12","2026-08","已按所列官方位置核验并采纳；限定条件随值展示。"
"sys.vera-rubin-nvl72:keySpecs.scaleOutBandwidthTBs","28.8","32.4","reviewed","corrected","[""sys.vera-rubin-nvl72""]","NVIDIA Vera Rubin NVL72","TB/s","NVIDIA Vera Rubin NVL72 / scaleOutBandwidthTBs；适用范围见限定条件与来源位置","bidirectional aggregate","not applicable / unspecified","not applicable / unspecified","整架双向合计，DSX MaxLPS。 Preliminary information; up to，规格随配置而变。","{""id"":""src.nvidia-vera-rubin-page"",""url"":""https://www.nvidia.com/en-us/data-center/vera-rubin-nvl72/"",""localFile"":null,""locator"":""Rack Specifications / Scale-out bandwidth""}","2026-09-12","2026-09","已按所列官方位置核验并采纳；限定条件随值展示。"
"sys.vera-rubin-nvl72:keySpecs.totalChipCount","1296","1296","reviewed","retained","[""sys.vera-rubin-nvl72""]","NVIDIA Vera Rubin NVL72","颗","NVIDIA Vera Rubin NVL72 / totalChipCount；适用范围见限定条件与来源位置","not specified / not applicable","not applicable / unspecified","not applicable / unspecified","⚠️ 官方规格表脚注 1：「Preliminary information. All values are up to and subject to change.」（预发布口径，不是量产验收值）","{""id"":""src.nvidia-vera-rubin-page"",""url"":""https://www.nvidia.com/en-us/data-center/vera-rubin-nvl72/"",""localFile"":null,""locator"":""规格表 Total NVIDIA + HBM4 Chips 行，「1,296」""}","2026-09-12","2026-08","已按所列官方位置核验并采纳；限定条件随值展示。"
"sys.vera-rubin-nvl72:keySpecs.availability","官方最新口径：量产出货「今年秋季开始」（2026-05-31 发布稿）；CES 2026-01 发布稿的原口径为「2026 下半年由合作伙伴上市」","官方最新口径：量产出货「今年秋季开始」（2026-05-31 发布稿）；CES 2026-01 发布稿的原口径为「2026 下半年由合作伙伴上市」","non-spec","retained","[""sys.vera-rubin-nvl72""]","NVIDIA Vera Rubin NVL72","null","NVIDIA Vera Rubin NVL72 / availability；适用范围见限定条件与来源位置","not specified / not applicable","not applicable / unspecified","not applicable / unspecified","★ 三点口径纪律：① **evidence 是 vendor_claim 不是 verified_spec**——这是发布稿里的前瞻性上市承诺（两篇发布稿末尾都带 Safe Harbor 声明），不是「官方规格表/参考架构中的确切数字」。② **两版官方口径并存**：2026-01 CES 发布稿「NVIDIA Rubin is in full production, and Rubin-based products will be available from partners the second half of 2026.」；2026-05-31 GTC Taipei 发布稿把它细化为「set to begin starting this fall」。后者更新更具体，前者不作废——两句不矛盾，是同一承诺的收窄。③ **注意「full production」说的是制造不是出货**：官方原文是平台「ramping into full production」，而客户侧的 production shipments 是「set to begin」（将要开始）。截至本内容包生成时点，NVIDIA 没有发过「已开始出货」的官方声明，因此 sys.vera-rubin-nvl72 的 status 保持 announced，不改 shipping——把「即将出货」讲成「在售」正是本项目要防的那类偏差。","{""id"":""src.nvidia-vera-rubin-fullprod-press"",""url"":""https://nvidianews.nvidia.com/news/vera-rubin-full-production-agentic-ai-factory"",""localFile"":null,""locator"":""Availability 节，「Production shipments of Vera Rubin are set to begin starting this fall.」（同稿正文：「NVIDIA today announced the NVIDIA Vera Rubin platform is ramping into full production to power agentic AI factories worldwide.」）""}","2026-09-12","2026-05","保留厂商宣称、第三方推测或教学观点及证据标签，不作为官方硬件数学输入。"
"sys.rubin-ultra-nvl576:keySpecs.gpuCount","576","576","non-spec","retained","[""sys.rubin-ultra-nvl576""]","NVIDIA Vera Rubin Ultra NVL576","张","NVIDIA Vera Rubin Ultra NVL576 / gpuCount；适用范围见限定条件与来源位置","not specified / not applicable","not applicable / unspecified","not applicable / unspecified","SemiAnalysis p.3 表①按「逻辑 GPU（封装）」给出同一数字并独立佐证，另给 GPU die 数 1,152（每封装 2 颗 reticle 尺寸 GPU die，见 gpuDieCount）。","{""id"":""src.nvidia-rubin-pod-blog"",""url"":""https://developer.nvidia.com/blog/nvidia-vera-rubin-pod-seven-chips-five-rack-scale-systems-one-ai-supercomputer/"",""localFile"":null,""locator"":""NVIDIA Vera Rubin Ultra NVL576 节，「Vera Rubin Ultra NVL576 will combine eight separate MGX NVL racks, each with 72 Rubin Ultra GPUs, all in a single 576-GPU NVLink domain with copper and direct optical connections.」""}","2026-09-12","2026-03","保留厂商宣称、第三方推测或教学观点及证据标签，不作为官方硬件数学输入。"
"sys.rubin-ultra-nvl576:keySpecs.gpuDieCount","1152","1152","non-spec","retained","[""sys.rubin-ultra-nvl576""]","NVIDIA Vera Rubin Ultra NVL576","颗","NVIDIA Vera Rubin Ultra NVL576 / gpuDieCount；适用范围见限定条件与来源位置","not specified / not applicable","not applicable / unspecified","not applicable / unspecified","","{""id"":""src.semianalysis-nvl576"",""url"":null,""localFile"":""sources/Rubin Ultra NVL576 架构：快速概览.pdf"",""locator"":""p.3 表①，Vera Rubin Ultra NVL576 列 # of GPU dies = 1,152""}","2026-09-12","2026-08","保留厂商宣称、第三方推测或教学观点及证据标签，不作为官方硬件数学输入。"
"sys.rubin-ultra-nvl576:keySpecs.cpuSocketCount","288","288","non-spec","retained","[""sys.rubin-ultra-nvl576""]","NVIDIA Vera Rubin Ultra NVL576","个","NVIDIA Vera Rubin Ultra NVL576 / cpuSocketCount；适用范围见限定条件与来源位置","not specified / not applicable","not applicable / unspecified","not applicable / unspecified","","{""id"":""src.semianalysis-nvl576"",""url"":null,""localFile"":""sources/Rubin Ultra NVL576 架构：快速概览.pdf"",""locator"":""p.3 表①，# of CPU Sockets = 288（CPU 型号列为 Vera）""}","2026-09-12","2026-08","保留厂商宣称、第三方推测或教学观点及证据标签，不作为官方硬件数学输入。"
"sys.rubin-ultra-nvl576:keySpecs.rackCount","8","8","non-spec","retained","[""sys.rubin-ultra-nvl576""]","NVIDIA Vera Rubin Ultra NVL576","个","NVIDIA Vera Rubin Ultra NVL576 / rackCount；适用范围见限定条件与来源位置","not specified / not applicable","not applicable / unspecified","not applicable / unspecified","★ 与 GB300/Vera Rubin 的「8 个机架 = 8 个互相独立的 NVLink 域」不同：这 8 个机架合起来才是**一个** NVL576 域（官方原话：「all in a single 576-GPU NVLink domain」）。","{""id"":""src.nvidia-rubin-pod-blog"",""url"":""https://developer.nvidia.com/blog/nvidia-vera-rubin-pod-seven-chips-five-rack-scale-systems-one-ai-supercomputer/"",""localFile"":null,""locator"":""NVIDIA Vera Rubin Ultra NVL576 节，「combine eight separate MGX NVL racks」；SemiAnalysis p.3 表①独立佐证 Form Factor =「8x Oberon Racks」，p.4 机架立面图逐个标注为 VRU NVL576 (Rack 1) … (Rack 8)""}","2026-09-12","2026-03","保留厂商宣称、第三方推测或教学观点及证据标签，不作为官方硬件数学输入。"
"sys.rubin-ultra-nvl576:keySpecs.rackPowerKW","null","null","not-found","retained","[""sys.rubin-ultra-nvl576""]","NVIDIA Vera Rubin Ultra NVL576","kW","NVIDIA Vera Rubin Ultra NVL576 / rackPowerKW；适用范围见限定条件与来源位置","not specified / not applicable","not applicable / unspecified","not applicable / unspecified","官方与分析师文章都未给出机架级或系统级总功率。SemiAnalysis 立面图上每机架有 4 个 3U 110 kW 电源架（4 × 110 = 440 kW 是本项目的算术推论，不是文中数字），因此本项目取 null，产能估算的 tokens/W 一律不出数。","{""id"":""src.semianalysis-nvl576"",""url"":null,""localFile"":""sources/Rubin Ultra NVL576 架构：快速概览.pdf"",""locator"":null}","2026-09-12","2026-08","截至 2026-09-12，所查官方资料仍未提供可采纳的适用值；不能据此断言从未公开。 官方与分析师文章都未给出机架级或系统级总功率。SemiAnalysis 立面图上每机架有 4 个 3U 110 kW 电源架（4 × 110 = 440 kW 是本项目的算术推论，不是文中数字），因此本项目取 null，产能估算的 tokens/W 一律不出数。"
"sys.rubin-ultra-nvl576:keySpecs.computeTrayCount","18","18","non-spec","retained","[""sys.rubin-ultra-nvl576""]","NVIDIA Vera Rubin Ultra NVL576","个","NVIDIA Vera Rubin Ultra NVL576 / computeTrayCount；适用范围见限定条件与来源位置","not specified / not applicable","not applicable / unspecified","not applicable / unspecified","","{""id"":""src.semianalysis-nvl576"",""url"":null,""localFile"":""sources/Rubin Ultra NVL576 架构：快速概览.pdf"",""locator"":""p.5「机架高度」节：Rubin Ultra 的 Oberon 系统为 (9+18+9)，计算托架总数仍为 18 个，均匀分布于机架顶部和底部（各 9 个）""}","2026-09-12","2026-08","保留厂商宣称、第三方推测或教学观点及证据标签，不作为官方硬件数学输入。"
"sys.rubin-ultra-nvl576:keySpecs.nvswitchTrayCount","18","18","non-spec","retained","[""sys.rubin-ultra-nvl576""]","NVIDIA Vera Rubin Ultra NVL576","个","NVIDIA Vera Rubin Ultra NVL576 / nvswitchTrayCount；适用范围见限定条件与来源位置","not specified / not applicable","not applicable / unspecified","not applicable / unspecified","","{""id"":""src.semianalysis-nvl576"",""url"":null,""localFile"":""sources/Rubin Ultra NVL576 架构：快速概览.pdf"",""locator"":""p.5：NVLink Switch 托架数量翻倍至每机架 18 个，单托架高度缩减至 0.75U""}","2026-09-12","2026-08","保留厂商宣称、第三方推测或教学观点及证据标签，不作为官方硬件数学输入。"
"sys.rubin-ultra-nvl576:keySpecs.nvlinkGeneration","NVLink 7","NVLink 7","non-spec","retained","[""sys.rubin-ultra-nvl576""]","NVIDIA Vera Rubin Ultra NVL576","null","NVIDIA Vera Rubin Ultra NVL576 / nvlinkGeneration；适用范围见限定条件与来源位置","not specified / not applicable","not applicable / unspecified","not applicable / unspecified","","{""id"":""src.semianalysis-nvl576"",""url"":null,""localFile"":""sources/Rubin Ultra NVL576 架构：快速概览.pdf"",""locator"":""p.3 表②「Nvidia Roadmap – Scale-Up Networking」，NVLink Generation = NVLink 7""}","2026-09-12","2026-08","保留厂商宣称、第三方推测或教学观点及证据标签，不作为官方硬件数学输入。"
"sys.rubin-ultra-nvl576:keySpecs.nvlinkPerGpuGBs","1800","1800","non-spec","retained","[""sys.rubin-ultra-nvl576""]","NVIDIA Vera Rubin Ultra NVL576","GB/s","NVIDIA Vera Rubin Ultra NVL576 / nvlinkPerGpuGBs；适用范围见限定条件与来源位置","unidirectional","not applicable / unspecified","not applicable / unspecified","单向口径，与同表 Vera Rubin NVL72 相同（表中两列合并）。","{""id"":""src.semianalysis-nvl576"",""url"":null,""localFile"":""sources/Rubin Ultra NVL576 架构：快速概览.pdf"",""locator"":""p.3 表②，Bandwidth per Logical GPU (GB/s uni-directional) = 1,800""}","2026-09-12","2026-08","保留厂商宣称、第三方推测或教学观点及证据标签，不作为官方硬件数学输入。"
"sys.rubin-ultra-nvl576:keySpecs.topologyNameOfficial","两层全互连 NVLink 拓扑（two-layer all-to-all）","两层全互连 NVLink 拓扑（two-layer all-to-all）","non-spec","retained","[""sys.rubin-ultra-nvl576""]","NVIDIA Vera Rubin Ultra NVL576","null","NVIDIA Vera Rubin Ultra NVL576 / topologyNameOfficial；适用范围见限定条件与来源位置","not specified / not applicable","not applicable / unspecified","not applicable / unspecified","★ v1.5 订正：**官方已经点名了拓扑类别**，此前本项目两处 note 写「官方没有点名任何拓扑」是事实错误。应用引的「with copper and direct optical connections」是同一段的**后半句**，前半句就给了拓扑名。⚠️ 与分析师说法的关系：SemiAnalysis 表①的「Dragonfly」是它自己的归类，**与官方措辞不等价**——two-layer all-to-all 描述的是「两层、层内全互连」的连接关系，Dragonfly 是一类具体的组网算法族。对外讲拓扑时先说官方词（two-layer all-to-all），再说分析师词并标明出处，不要只说 Dragonfly。","{""id"":""src.nvidia-rubin-pod-blog"",""url"":""https://developer.nvidia.com/blog/nvidia-vera-rubin-pod-seven-chips-five-rack-scale-systems-one-ai-supercomputer/"",""localFile"":null,""locator"":""NVIDIA Vera Rubin Ultra NVL576 节，「NVIDIA Vera Rubin Ultra introduces a new two-layer all-to-all NVLink topology that will enable developers to scale-up to 576 GPUs.」（导语同口径：「Future scaling includes NVIDIA Vera Rubin Ultra NVL576 with a two-layer all-to-all NVLink topology across eight racks」）""}","2026-09-12","2026-03","保留厂商宣称、第三方推测或教学观点及证据标签，不作为官方硬件数学输入。"
"sys.rubin-ultra-nvl576:keySpecs.scaleUpTopology","Direct Connect NPO（机架内铜背板 + 机架间 NPO/CPO Dragonfly）","Direct Connect NPO（机架内铜背板 + 机架间 NPO/CPO Dragonfly）","non-spec","retained","[""sys.rubin-ultra-nvl576""]","NVIDIA Vera Rubin Ultra NVL576","null","NVIDIA Vera Rubin Ultra NVL576 / scaleUpTopology；适用范围见限定条件与来源位置","not specified / not applicable","not applicable / unspecified","not applicable / unspecified","⚠️ 这是**分析师**口径。官方口径见同层的 topologyNameOfficial：POD 博客已点名「a new two-layer all-to-all NVLink topology」，并说明介质是「copper and direct optical connections」。「NPO/CPO」「Dragonfly」这两个词 NVIDIA 官方材料没有用过，且「Dragonfly」与官方的 two-layer all-to-all **不等价**，是分析师自己的归类，不能互相替换着讲。","{""id"":""src.semianalysis-nvl576"",""url"":null,""localFile"":""sources/Rubin Ultra NVL576 架构：快速概览.pdf"",""locator"":""p.3 表②，Scale-Up Topology =「Direct Connect NPO」；Within Rack =「Copper Backplane」；Between Racks =「NPO/CPO」（表中黄色高亮）""}","2026-09-12","2026-08","保留厂商宣称、第三方推测或教学观点及证据标签，不作为官方硬件数学输入。"
"sys.rubin-ultra-nvl576:keySpecs.nvlinkDomainOptions","NVL72 / NVL144（Kyber，单机架）/ NVL576（旗舰，本代）","NVL72 / NVL144（Kyber，单机架）/ NVL576（旗舰，本代）","non-spec","retained","[""sys.rubin-ultra-nvl576""]","NVIDIA Vera Rubin Ultra NVL576","null","NVIDIA Vera Rubin Ultra NVL576 / nvlinkDomainOptions；适用范围见限定条件与来源位置","not specified / not applicable","not applicable / unspecified","not applicable / unspecified","★ v1.5 订正 Kyber 的定位（此前写「Kyber 是**独立于** MGX NVL 的另一款产品线、两者**并列**」，与官方措辞相反）。官方原话是**继承关系**：「To scale beyond NVL576, a new MGX rack, NVIDIA Kyber, will be introduced.」「NVIDIA Kyber is the next-generation MGX NVL rack design that will double the NVLink domain per rack to fit 144 GPUs.」（2025-10 OCP 博客更直白：「NVIDIA Kyber — the successor to NVIDIA Oberon」）——Kyber 是 MGX NVL 机架的**下一代 / Oberon 的继任者**，不是与 MGX NVL 并列的另一条产品线。⚠️ 但**防混淆的结论不变，而且官方原话支持得更硬**：Kyber NVL144 是「standalone NVL144 system」（单机架 144 GPU），NVL576 是 8 个本代 MGX NVL 机架合成的一个域——两者是同一份三档菜单里的**两档不同产品**，「Kyber」不是 NVL576 机架的代号，别当同一硬件的两种叫法。","{""id"":""src.nvidia-rubin-pod-blog"",""url"":""https://developer.nvidia.com/blog/nvidia-vera-rubin-pod-seven-chips-five-rack-scale-systems-one-ai-supercomputer/"",""localFile"":null,""locator"":""NVIDIA Kyber NVL1152: The next generation 节，「Kyber will first be introduced with Vera Rubin Ultra as a standalone NVL144 system, providing customers with three options for Vera Rubin Ultra NVLink scale-up domains: NVL72, NVL144, and the flagship NVL576.」""}","2026-09-12","2026-03","保留厂商宣称、第三方推测或教学观点及证据标签，不作为官方硬件数学输入。"
"sys.rubin-ultra-nvl576:keySpecs.prototypeCodename","Polyphe","Polyphe","non-spec","retained","[""sys.rubin-ultra-nvl576""]","NVIDIA Vera Rubin Ultra NVL576","null","NVIDIA Vera Rubin Ultra NVL576 / prototypeCodename；适用范围见限定条件与来源位置","not specified / not applicable","not applicable / unspecified","not applicable / unspecified","","{""id"":""src.nvidia-rubin-pod-blog"",""url"":""https://developer.nvidia.com/blog/nvidia-vera-rubin-pod-seven-chips-five-rack-scale-systems-one-ai-supercomputer/"",""localFile"":null,""locator"":""NVIDIA Vera Rubin Ultra NVL576 节，「Polyphe is the NVIDIA internal fully functional GB200-based prototype of the multirack NVL576 scale-up architecture.」""}","2026-09-12","2026-03","保留厂商宣称、第三方推测或教学观点及证据标签，不作为官方硬件数学输入。"
"sys.rubin-ultra-nvl576:keySpecs.announceTimeline","2027 下半年（2025-03 GTC 现场原话，且该句自身矛盾）","2027 下半年（2025-03 GTC 现场原话，且该句自身矛盾）","non-spec","retained","[""sys.rubin-ultra-nvl576""]","NVIDIA Vera Rubin Ultra NVL576","null","NVIDIA Vera Rubin Ultra NVL576 / announceTimeline；适用范围见限定条件与来源位置","not specified / not applicable","not applicable / unspecified","not applicable / unspecified","⚠️ 这条读数很弱，三层限定缺一不可：① 原话**没有点名 NVL576**（只泛指「systems built on Rubin Ultra」；该篇全文「576」出现 0 次）；② **原句自身矛盾**（v1.5 新增留痕）——前半句把 NVL144 归入「Rubin **Ultra**」并说 2026 下半年到货，后半句又说「Rubin Ultra 系统」2027 下半年，同一句里「Rubin Ultra」指了两个不同的东西。因此「2027 下半年」到底覆盖哪一档产品，从这句话里读不出来，confidence 已降到 low；③ 2026 年的官方材料（POD/OCP 博客）都不再给出具体交付日期，本条只作历史留痕，不作交付承诺引用。","{""id"":""src.nvidia-gtc25-keynote-blog"",""url"":""https://blogs.nvidia.com/blog/nvidia-keynote-at-gtc-2025-ai-news-live-updates/"",""localFile"":null,""locator"":""Vera Rubin 一节，「Systems built on Rubin Ultra, including the Vera Rubin NVL 144, will arrive in the second half of next year. And due for the second half of 2027:  systems built on Rubin Ultra.」""}","2026-09-12","2025-03","保留厂商宣称、第三方推测或教学观点及证据标签，不作为官方硬件数学输入。"
"sys.rubin-ultra-nvl576:keySpecs.delayOutlook","可能延期或仅限小批量（媒体报道，无具体年份）","可能延期或仅限小批量（媒体报道，无具体年份）","non-spec","retained","[""sys.rubin-ultra-nvl576""]","NVIDIA Vera Rubin Ultra NVL576","null","NVIDIA Vera Rubin Ultra NVL576 / delayOutlook；适用范围见限定条件与来源位置","not specified / not applicable","not applicable / unspecified","not applicable / unspecified","⚠️ 同一篇报道里明确写的「延至 2028」说的是另一个产品 **Kyber NVL144**，原因逐字为「Kyber NVL144 rack architecture has been delayed to 2028 as the PCB midplane remains challenging from a manufacturability standpoint」——是 **PCB 中板的可制造性**（v1.5 订正：此前写作「良率问题」，原文没有出现 yield/良率，属转述失真）。对 NVL576 原文没有给出具体年份。文中 NVIDIA 的表态逐字为「Nvidia rejected the SemiAnalysis report and said, ""Our roadmap is intact.""」——是**驳斥**（rejected）而不是中性「回应」；这仍是媒体转述的官方表态，不是独立声明，讲给客户听时要说明这层转述关系。","{""id"":""src.cnbc-kyber-delay"",""url"":""https://www.cnbc.com/2026/07/06/nvidia-kyber-rack-system-delays-manufacturing-taiwan-rubin-chips-.html"",""localFile"":null,""locator"":""「NVL576 — a larger system linking eight racks via optical connections — is also likely delayed or limited to small volumes, the research firm said.」""}","2026-09-12","2026-07","保留厂商宣称、第三方推测或教学观点及证据标签，不作为官方硬件数学输入。"
"sys.rubin-ultra-nvl576:keySpecs.analystStructuralDetail","机架内重排为 9+18+9（计算/交换/计算）、0.75U NVLink 交换托架、PHD3 背板连接器、NPO/CPO 光互连模块形态、「Dragonfly」跨机架拓扑命名——均为 SemiAnalysis 的结构细节推测，NVIDIA 官方材料未证实这些具体实现。","机架内重排为 9+18+9（计算/交换/计算）、0.75U NVLink 交换托架、PHD3 背板连接器、NPO/CPO 光互连模块形态、「Dragonfly」跨机架拓扑命名——均为 SemiAnalysis 的结构细节推测，NVIDIA 官方材料未证实这些具体实现。","non-spec","retained","[""sys.rubin-ultra-nvl576""]","NVIDIA Vera Rubin Ultra NVL576","null","NVIDIA Vera Rubin Ultra NVL576 / analystStructuralDetail；适用范围见限定条件与来源位置","not specified / not applicable","not applicable / unspecified","not applicable / unspecified","这条 Claim 的作用是把「分析师推测的具体实现」与上面几条官方事实（gpuCount / rackCount / nvlinkDomainOptions / topologyNameOfficial / prototypeCodename）显式分开，避免两者被当成同一置信等级引用——3D 组件层的官方壳体（机架、机架内背板、跨机架光互连）与分析师规格件（GPU/HBM/托盘细节/交换芯片）也按这条线分层，见组件定义里的 status 字段。⚠️ v1.5 措辞拆分：**「Oberon」本身是 NVIDIA 官方的机架世代名**（2025-10 OCP 博客原文「NVIDIA Kyber — the successor to NVIDIA Oberon」），此前把「Oberon 机架」整体归为分析师推测是错的；真正属于分析师的是**这一代 Oberon 壳体内部怎么重排**（9+18+9 等上面列的那几项）。","{""id"":""src.semianalysis-nvl576"",""url"":null,""localFile"":""sources/Rubin Ultra NVL576 架构：快速概览.pdf"",""locator"":""p.4–p.5（机架立面图与机架高度节），p.10（NPO/CPO 与 Dragonfly 拓扑描述）""}","2026-09-12","2026-08","保留厂商宣称、第三方推测或教学观点及证据标签，不作为官方硬件数学输入。"
"sys.rubin-ultra-nvl576:keySpecs.year","2027（表①）","2027（表①）","non-spec","retained","[""sys.rubin-ultra-nvl576""]","NVIDIA Vera Rubin Ultra NVL576","null","NVIDIA Vera Rubin Ultra NVL576 / year；适用范围见限定条件与来源位置","not specified / not applicable","not applicable / unspecified","not applicable / unspecified","⚠️ 同页表②的年份表头只到 2026，却把 Rubin Ultra 的 NVL72/NVL576 放在 2026 跨度下。两表矛盾，本项目取表①——这是 SemiAnalysis 文中自己的表格冲突，与上面 announceTimeline 的官方口径是两条独立记录，不互相印证也不互相推翻。","{""id"":""src.semianalysis-nvl576"",""url"":null,""localFile"":""sources/Rubin Ultra NVL576 架构：快速概览.pdf"",""locator"":""p.3 表①年份表头 2024 | 2025 | 2026 | 2027，Rubin Ultra 归于 2027 列""}","2026-09-12","2026-08","保留厂商宣称、第三方推测或教学观点及证据标签，不作为官方硬件数学输入。"
"sys.groq3-lpx:keySpecs.gpuCount","null","null","not-applicable","retained","[""sys.groq3-lpx""]","NVIDIA Groq 3 LPX","张","NVIDIA Groq 3 LPX / gpuCount；适用范围见限定条件与来源位置","not specified / not applicable","not applicable / unspecified","not applicable / unspecified","★ LPX 机架里没有 GPU——加速器是 256 颗 LPU（见 acceleratorCount）。这个键只是为了满足内容包「keySpecs 至少含 gpuCount / rackPowerKW」的历史约定而存在，恒为 null，任何下游都不得把它当 0。","{""id"":""src.nvidia-lpx-page"",""url"":""https://www.nvidia.com/en-us/data-center/lpx/"",""localFile"":null,""locator"":null}","2026-09-12","2026-08","此架构不适用该参数。 ★ LPX 机架里没有 GPU——加速器是 256 颗 LPU（见 acceleratorCount）。这个键只是为了满足内容包「keySpecs 至少含 gpuCount / rackPowerKW」的历史约定而存在，恒为 null，任何下游都不得把它当 0。"
"sys.groq3-lpx:keySpecs.acceleratorCount","256","256","non-spec","retained","[""sys.groq3-lpx""]","NVIDIA Groq 3 LPX","颗","NVIDIA Groq 3 LPX / acceleratorCount；适用范围见限定条件与来源位置","not specified / not applicable","not applicable / unspecified","not applicable / unspecified","★ v1.5 订正措辞（此前写「三处官方材料互相印证的**唯一**一个数字」，不成立）：GTC26 发布稿一句话同时给了**三个**数字——「The LPX rack with 256 LPU processors features 128GB of on-chip SRAM and 640 TB/s of scale-up bandwidth.」，因此 **256 颗 / 128 GB SRAM / 640 TB/s 这三条都是产品页 + 发布稿 + 技术博客表 1 三处互证**，不止 256 一条。（本代际真正稀缺的不是互证，是官方从未发过规格表——见 NO_SPEC_SHEET。）","{""id"":""src.nvidia-lpx-page"",""url"":""https://www.nvidia.com/en-us/data-center/lpx/"",""localFile"":null,""locator"":""NVIDIA Groq 3 LPU Inference Accelerator 节，「Each LPX rack features 256 interconnected LPU accelerators」（发布稿同口径：「The LPX rack with 256 LPU processors」；技术博客表 1「Scale-up density | 256 chips」）""}","2026-09-12","2026-08","保留厂商宣称、第三方推测或教学观点及证据标签，不作为官方硬件数学输入。"
"sys.groq3-lpx:keySpecs.rackPowerKW","null","null","not-found","retained","[""sys.groq3-lpx""]","NVIDIA Groq 3 LPX","kW","NVIDIA Groq 3 LPX / rackPowerKW；适用范围见限定条件与来源位置","not specified / not applicable","not applicable / unspecified","not applicable / unspecified","★ NVIDIA 未公布 LPX 的整机架功率。官方给的全部能效口径都是**相对值**（「35× TPS/MW」「10× 收入/瓦」），没有绝对功率。本项目因此不出任何 tokens/W——何况 LPX 是 paired-only，独立能效本身也没有官方语义。","{""id"":""src.nvidia-lpx-page"",""url"":""https://www.nvidia.com/en-us/data-center/lpx/"",""localFile"":null,""locator"":null}","2026-09-12","2026-08","截至 2026-09-12，所查官方资料仍未提供可采纳的适用值；不能据此断言从未公开。 ★ NVIDIA 未公布 LPX 的整机架功率。官方给的全部能效口径都是**相对值**（「35× TPS/MW」「10× 收入/瓦」），没有绝对功率。本项目因此不出任何 tokens/W——何况 LPX 是 paired-only，独立能效本身也没有官方语义。"
"sys.groq3-lpx:keySpecs.lpuTrayCount","32","32","non-spec","retained","[""sys.groq3-lpx""]","NVIDIA Groq 3 LPX","个","NVIDIA Groq 3 LPX / lpuTrayCount；适用范围见限定条件与来源位置","not specified / not applicable","not applicable / unspecified","not applicable / unspecified","","{""id"":""src.nvidia-lpx-blog"",""url"":""https://developer.nvidia.com/blog/inside-nvidia-groq-3-lpx-the-low-latency-inference-accelerator-for-the-nvidia-vera-rubin-platform/"",""localFile"":null,""locator"":""Inside the NVIDIA Groq 3 LPX compute tray 节，「The LPX rack-scale accelerator houses 32 liquid-cooled 1U compute trays」""}","2026-09-12","2026-03","保留厂商宣称、第三方推测或教学观点及证据标签，不作为官方硬件数学输入。"
"sys.groq3-lpx:keySpecs.lpusPerTray","8","8","non-spec","retained","[""sys.groq3-lpx""]","NVIDIA Groq 3 LPX","颗","NVIDIA Groq 3 LPX / lpusPerTray；适用范围见限定条件与来源位置","not specified / not applicable","not applicable / unspecified","not applicable / unspecified","32 托盘 × 8 = 256 颗，与机架级口径闭合。","{""id"":""src.nvidia-lpx-blog"",""url"":""https://developer.nvidia.com/blog/inside-nvidia-groq-3-lpx-the-low-latency-inference-accelerator-for-the-nvidia-vera-rubin-platform/"",""localFile"":null,""locator"":""表 2「LP30 chips | 8」（正文同口径：「Every tray integrates eight LPU accelerators, a host processor, and fabric expansion logic」）""}","2026-09-12","2026-03","保留厂商宣称、第三方推测或教学观点及证据标签，不作为官方硬件数学输入。"
"sys.groq3-lpx:keySpecs.sramTotalGB","128","128","non-spec","retained","[""sys.groq3-lpx""]","NVIDIA Groq 3 LPX","GB","NVIDIA Groq 3 LPX / sramTotalGB；适用范围见限定条件与来源位置","not specified / not applicable","not applicable / unspecified","not applicable / unspecified","★ 这就是 LPX 的「显存」总量——对照 Vera Rubin NVL72 的 20.7 TB HBM4，少了两个数量级。LPX 不是用来装模型的，是用来把 decode 中最怕抖动的那一段跑得又快又稳的。","{""id"":""src.nvidia-lpx-blog"",""url"":""https://developer.nvidia.com/blog/inside-nvidia-groq-3-lpx-the-low-latency-inference-accelerator-for-the-nvidia-vera-rubin-platform/"",""localFile"":null,""locator"":""表 1「Total SRAM capacity | 128 GB」（产品页 Fusion Memory Architecture 卡片：「LPX delivers 128 GB of SRAM for low-latency processing」）""}","2026-09-12","2026-03","保留厂商宣称、第三方推测或教学观点及证据标签，不作为官方硬件数学输入。"
"sys.groq3-lpx:keySpecs.sramBandwidthPBs","40","40","non-spec","retained","[""sys.groq3-lpx""]","NVIDIA Groq 3 LPX","PB/s","NVIDIA Groq 3 LPX / sramBandwidthPBs；适用范围见限定条件与来源位置","not specified / not applicable","not applicable / unspecified","not applicable / unspecified","★ 与容量正好相反的一面：Vera Rubin NVL72 机架级显存带宽是 1,580 TB/s ≈ 1.58 PB/s，LPX 是它的约 25 倍。容量换带宽，这是 SRAM-first 架构的全部交易内容。
⚠️ 官方三处带宽口径不完全闭合：机架级 40 PB/s（表 1 / 产品页）、单颗 150 TB/s（产品页 / 技术博客）、每托盘 1.2 PB/s（表 2），而 256 × 150 TB/s = 38.4 PB/s、32 × 1.2 PB/s = 38.4 PB/s，都 ≠ 40 PB/s。NVIDIA 没有解释这 1.6 PB/s 的差值（可能是取整、可能是三表口径不同）。本项目三条各自独立成立、**互不推导**——报数时按需要引用其中一条并说明出处，不要说「每颗 150 TB/s，所以机架 40 PB/s」，那是错误推导。（对照：容量 128 GB = 256 × 500 MB、scale-up 640 TB/s = 256 × 2.5 TB/s = 32 × 20 TB/s 这两对确实闭合。）","{""id"":""src.nvidia-lpx-blog"",""url"":""https://developer.nvidia.com/blog/inside-nvidia-groq-3-lpx-the-low-latency-inference-accelerator-for-the-nvidia-vera-rubin-platform/"",""localFile"":null,""locator"":""表 1「On-chip SRAM bandwidth | 40 PB/s」（产品页 High-Velocity SRAM 卡片：「40 petabytes per second (PB/s) of SRAM bandwidth per rack」）""}","2026-09-12","2026-03","保留厂商宣称、第三方推测或教学观点及证据标签，不作为官方硬件数学输入。"
"sys.groq3-lpx:keySpecs.scaleUpBandwidthTBs","640","640","non-spec","retained","[""sys.groq3-lpx""]","NVIDIA Groq 3 LPX","TB/s","NVIDIA Groq 3 LPX / scaleUpBandwidthTBs；适用范围见限定条件与来源位置","not specified / not applicable","not applicable / unspecified","not applicable / unspecified","产品页措辞是「Direct chip-to-chip links deliver 640 TB/s of scale-up bandwidth across the LPX rack」——是 LPU↔LPU 直连，不经过任何交换芯片；对照 Vera Rubin NVL72 经 NVLink 6 交换层的 260 TB/s。","{""id"":""src.nvidia-lpx-blog"",""url"":""https://developer.nvidia.com/blog/inside-nvidia-groq-3-lpx-the-low-latency-inference-accelerator-for-the-nvidia-vera-rubin-platform/"",""localFile"":null,""locator"":""表 1「Scale-up bandwidth | 640 TB/s」（发布稿与产品页同口径：「640 TB/s of scale-up bandwidth」）""}","2026-09-12","2026-03","保留厂商宣称、第三方推测或教学观点及证据标签，不作为官方硬件数学输入。"
"sys.groq3-lpx:keySpecs.ddr5TotalTB","12","12","non-spec","retained","[""sys.groq3-lpx""]","NVIDIA Groq 3 LPX","TB","NVIDIA Groq 3 LPX / ddr5TotalTB；适用范围见限定条件与来源位置","not specified / not applicable","not applicable / unspecified","not applicable / unspecified","★ v1.5 订正措辞（此前写「与表 2 的每托盘 DRAM 口径**闭合**」，把上限当成了实配）：技术博客表 2 两行的原文都是 **Up to**——「DRAM via fabric expansion logic | Up to 256 GB」与「DRAM via host CPU | Up to 128 GB」。因此正确说法是「机架级 12 TB 与表 2 的**上限**口径一致」：32 × (256 + 128) GB = 12,288 GB = 12 TB，成立的前提是每托盘都按上限配满。客户问「实际能配多少 DDR5」时，答案是「官方只给了上限，实配需向 OEM 确认」。","{""id"":""src.nvidia-lpx-page"",""url"":""https://www.nvidia.com/en-us/data-center/lpx/"",""localFile"":null,""locator"":""Fusion Memory Architecture 卡片，「In each rack, LPX delivers 128 GB of SRAM for low-latency processing and 12 TB of DDR5 memory for large models and workloads」""}","2026-09-12","2026-08","保留厂商宣称、第三方推测或教学观点及证据标签，不作为官方硬件数学输入。"
"sys.groq3-lpx:keySpecs.fp8RackPflops","315","315","non-spec","retained","[""sys.groq3-lpx""]","NVIDIA Groq 3 LPX","PFLOPS","NVIDIA Groq 3 LPX / fp8RackPflops；适用范围见限定条件与来源位置","not specified / not applicable","FP8","not applicable / unspecified","⚠️ 官方两处算力口径不完全闭合：技术博客表 1 给整机架 315 PFLOPS，表 2 给每托盘 9.6 PFLOPS，而 32 × 9.6 = 307.2 ≠ 315。NVIDIA 没有解释这 7.8 PFLOPS 的差值（可能是 binning、可能是两表口径不同）。本项目两条数字各自独立成立、互不推导，报数时按需要引用其中一条并说明它的出处，不要拿一条去「验算」另一条。","{""id"":""src.nvidia-lpx-blog"",""url"":""https://developer.nvidia.com/blog/inside-nvidia-groq-3-lpx-the-low-latency-inference-accelerator-for-the-nvidia-vera-rubin-platform/"",""localFile"":null,""locator"":""表 1「AI inference compute | 315 PFLOPS」（图 1 图注同口径：「315 PFLOPS of FP8 compute」）""}","2026-09-12","2026-03","保留厂商宣称、第三方推测或教学观点及证据标签，不作为官方硬件数学输入。"
"sys.groq3-lpx:keySpecs.fp8PerTrayPflops","9.6","9.6","non-spec","retained","[""sys.groq3-lpx""]","NVIDIA Groq 3 LPX","PFLOPS","NVIDIA Groq 3 LPX / fp8PerTrayPflops；适用范围见限定条件与来源位置","not specified / not applicable","FP8","not applicable / unspecified","⚠️ 官方两处算力口径不完全闭合：技术博客表 1 给整机架 315 PFLOPS，表 2 给每托盘 9.6 PFLOPS，而 32 × 9.6 = 307.2 ≠ 315。NVIDIA 没有解释这 7.8 PFLOPS 的差值（可能是 binning、可能是两表口径不同）。本项目两条数字各自独立成立、互不推导，报数时按需要引用其中一条并说明它的出处，不要拿一条去「验算」另一条。","{""id"":""src.nvidia-lpx-blog"",""url"":""https://developer.nvidia.com/blog/inside-nvidia-groq-3-lpx-the-low-latency-inference-accelerator-for-the-nvidia-vera-rubin-platform/"",""localFile"":null,""locator"":""表 2「AI inference compute (FP8) | 9.6 PFLOPS」""}","2026-09-12","2026-03","保留厂商宣称、第三方推测或教学观点及证据标签，不作为官方硬件数学输入。"
"sys.groq3-lpx:keySpecs.pairedThroughputGain","与 Vera Rubin NVL72 配对后，**万亿参数模型**在 **400 TPS/用户** 交互度上、对比 **GB200 NVL72**，每兆瓦吞吐最高 35×","与 Vera Rubin NVL72 配对后，**万亿参数模型**在 **400 TPS/用户** 交互度上、对比 **GB200 NVL72**，每兆瓦吞吐最高 35×","non-spec","retained","[""sys.groq3-lpx""]","NVIDIA Groq 3 LPX","null","NVIDIA Groq 3 LPX / pairedThroughputGain；适用范围见限定条件与来源位置","not specified / not applicable","not applicable / unspecified","dense","★ **三个前提缺一不可，少说一个就是超范围引用**（v1.5 补齐第三个：模型规模）：① 是**配对系统**（Vera Rubin NVL72 + LPX）的指标，不是 LPX 单独的能力；② 交互度 **400 TPS/用户**——低交互度（普通聊天）区间同构 GPU 方案本来就够用，35× 不成立；③ 模型规模 **trillion-parameter models（万亿参数）**——官方产品页与 GTC26 发布稿都把这个限定直接写在同一句里。技术博客进一步交代了该 Pareto 点的具体口径：「that premium tier is represented by a 2-trillion-parameter MoE model with a 400K input context window operating at roughly 400 TPS per user and beyond」。⚠️ 拿 35× 去讲一个 70B 稠密模型或短上下文场景，是**超范围引用**——三个前提不成立时这个倍数没有官方依据。","{""id"":""src.nvidia-lpx-blog"",""url"":""https://developer.nvidia.com/blog/inside-nvidia-groq-3-lpx-the-low-latency-inference-accelerator-for-the-nvidia-vera-rubin-platform/"",""localFile"":null,""locator"":""Unlocking a new category of AI experiences on the Pareto frontier 节，「the combination of Vera Rubin NVL72 and LPX delivers up to 35x higher TPS per megawatt at 400 TPS per user compared with the NVIDIA GB200 NVL72」；模型规模前提见产品页「When paired with LPX, Vera Rubin NVL72 delivers up to 35x higher throughput per megawatt (MW) for trillion-parameter models.」与 GTC26 发布稿「…up to 35x higher inference throughput per megawatt and up to 10x more revenue opportunity for trillion-parameter models」""}","2026-09-12","2026-03","保留厂商宣称、第三方推测或教学观点及证据标签，不作为官方硬件数学输入。"
"sys.groq3-lpx:keySpecs.availability","已官宣进入量产（2026-08-24）；GTC 2026-03 的原口径为「2026 年下半年上市」","已官宣进入量产（2026-08-24）；GTC 2026-03 的原口径为「2026 年下半年上市」","non-spec","retained","[""sys.groq3-lpx""]","NVIDIA Groq 3 LPX","null","NVIDIA Groq 3 LPX / availability；适用范围见限定条件与来源位置","not specified / not applicable","not applicable / unspecified","not applicable / unspecified","★ v1.5 更新（此前只写「2026 下半年」，口径已落后）。三点要一起说：① **两版官方口径并存且不矛盾**：GTC 2026-03 发布稿写「LPX integrates seamlessly into next-generation Vera Rubin AI factories to be available in the second half of this year.」（发布于 2026 年 ⇒ 2026 下半年）；2026-08-24 发布稿把它兑现为「is now in full production」——8 月正落在下半年内，是承诺被兑现，不是改口。② **「量产」不等于「已在售」**：发布稿只说加速器进入 full production，没有 Availability 段、也没有「shipping now」这类措辞；点名的云厂商强度更弱——Nebius 是「plans to bring NVIDIA Groq 3 LPX to Nebius Token Factory」，Groq 是「plans to be among the platform's earliest adopters」，都是 plans to。③ **因此 sys.groq3-lpx 的 status 保持 announced，不改 shipping**：本项目的判据是官方有没有明说在售（HGX B300 之所以是 shipping，是因为平台页脚注 4 写着「HGX B300 and HGX B200 shipping now.」）；而且同一句「in full production」在 CES 2026-01 就已经用在 Rubin 平台上（「NVIDIA Rubin is in full production」），本项目当时也没有据此把 Vera Rubin 改成 shipping——两代必须用同一把尺子。另注：LPX 是 paired-only，配对的 Vera Rubin 官方口径是「Production shipments… set to begin starting this fall」（2026-05-31），配对系统本身也还没确认出货。","{""id"":""src.nvidia-lpx-fullprod-press"",""url"":""https://nvidianews.nvidia.com/news/nvidia-groq-3-lpx-now-in-full-production-with-world-class-speed-for-agentic-ai"",""localFile"":null,""locator"":""首句，「NVIDIA today announced that NVIDIA Groq 3 LPX, the interactive AI inference accelerator, is now in full production.」（发布于 2026-08-24 Hot Chips）""}","2026-09-12","2026-08","保留厂商宣称、第三方推测或教学观点及证据标签，不作为官方硬件数学输入。"
"sys.groq3-lpx:keySpecs.groqRelationship","NVIDIA 与 Groq 签署非排他推理技术许可协议；Groq 创始人 Jonathan Ross、总裁 Sunny Madra 与部分团队加入 NVIDIA；Groq 作为独立公司继续运营，GroqCloud 不中断","NVIDIA 与 Groq 签署非排他推理技术许可协议；Groq 创始人 Jonathan Ross、总裁 Sunny Madra 与部分团队加入 NVIDIA；Groq 作为独立公司继续运营，GroqCloud 不中断","non-spec","retained","[""sys.groq3-lpx""]","NVIDIA Groq 3 LPX","null","NVIDIA Groq 3 LPX / groqRelationship；适用范围见限定条件与来源位置","not specified / not applicable","not applicable / unspecified","not applicable / unspecified","★ 对外口径纪律：这**不是收购**。说成「NVIDIA 收购了 Groq」既不准确，也会让客户对 GroqCloud 的存续产生错误预期。Groq 发布稿没有提到任何金额，本项目因此不建金额 Claim（坊间流传的数字没有官方出处）。★ **NVIDIA 侧的第二处官方证据**（v1.5 新增）：2026-08-24 量产发布稿的商标行逐字写着「Groq and LPU are used under license from Groq, Inc.」——「授权使用」正是许可关系的标准表述。两处证据一份出自 Groq、一份出自 NVIDIA，可以互相独立佐证。","{""id"":""src.groq-nvidia-licensing"",""url"":""https://groq.com/newsroom/groq-and-nvidia-enter-non-exclusive-inference-technology-licensing-agreement-to-accelerate-ai-inference-at-global-scale"",""localFile"":null,""locator"":""全文三段，「entered into a non-exclusive licensing agreement with Nvidia for Groq's inference technology」/「will join Nvidia to help advance and scale the licensed technology」/「Groq will continue to operate as an independent company with Simon Edwards stepping into the role of Chief Executive Officer」""}","2026-09-12","2025-12","保留厂商宣称、第三方推测或教学观点及证据标签，不作为官方硬件数学输入。"
"sys.hgx-b300:keySpecs.gpuCount","8","8","reviewed","retained","[""sys.hgx-b300""]","NVIDIA HGX B300","张","NVIDIA HGX B300 / gpuCount；适用范围见限定条件与来源位置","not specified / not applicable","not applicable / unspecified","not applicable / unspecified","★★ 这里填的是**每台 HGX B300 服务器**的 GPU 数，不是「每机架」——★ NVIDIA 在 32 / 64 / 128 三个设计点的「Additional Considerations」里写了同一条约束（措辞略有出入：32 节点「The number of GPU servers per rack depends on available rack power」、64 节点「HGX B300 servers per rack depends on available rack power」、128 节点「NVIDIA HGX B300 servers per rack depends on available rack power」；另一句是「Rack layout must provide power supply redundancy」）。Overview 也说这是「Flexible rail-optimized end-of-row network architecture that can accommodate modifications in the rack layout and number of servers per rack」。也就是说**官方刻意不给每机架台数**——这与 NVL72 那种「一个机架就是一台机器」的形态是根本区别：HGX 的机架只是家具，装几台由你的机房配电决定。因此产能面板里的「机架数」滑杆对本代际请读作「**服务器台数**」，「每机架 GPU 数」这一行的正确读法是「每台服务器 8 张」。★ 这个取值同时是唯一物理正确的取值：8 恰好是一个 NVLink 域的边界，产能模型算出的「单副本至少几张卡」因此永远不会跨过域边界；若按「每机架 32 张」填，模型就会默许一个副本横跨 4 台没有 NVLink 相连的服务器，得出的时延与吞吐会系统性偏乐观。","{""id"":""src.nvidia-hgx-ra"",""url"":""https://docs.nvidia.com/enterprise-reference-architectures/hgx-ai-factory/latest/components.html"",""localFile"":null,""locator"":""Components 节 Table 2「GPU configuration | Eight NVIDIA B300 GPUs on an HGX B300 baseboard with up to 2304 GB of GPU memory」（Abstract 同口径：「a 2-8-9-800 infrastructure configuration (2 CPUs, 8 GPUs, 9 NICs at 800 Gb/s bandwidth per GPU)」）""}","2026-09-12","2026-08","已按所列官方位置核验并采纳；限定条件随值展示。"
"sys.hgx-b300:keySpecs.cpuCount","2","2","reviewed","retained","[""sys.hgx-b300""]","NVIDIA HGX B300","颗","NVIDIA HGX B300 / cpuCount；适用范围见限定条件与来源位置","not specified / not applicable","not applicable / unspecified","not applicable / unspecified","每台服务器 2 颗 x86 主机 CPU（型号由 OEM 选型，见 cmp.hgx.host-cpu）。","{""id"":""src.nvidia-hgx-ra"",""url"":""https://docs.nvidia.com/enterprise-reference-architectures/hgx-ai-factory/latest/abstract.html"",""localFile"":null,""locator"":""Abstract，「a 2-8-9-800 infrastructure configuration (2 CPUs, 8 GPUs, 9 NICs at 800 Gb/s bandwidth per GPU)」""}","2026-09-12","2026-08","已按所列官方位置核验并采纳；限定条件随值展示。"
"sys.hgx-b300:keySpecs.nicCountPerNode","9","9","reviewed","retained","[""sys.hgx-b300""]","NVIDIA HGX B300","张","NVIDIA HGX B300 / nicCountPerNode；适用范围见限定条件与来源位置","not specified / not applicable","not applicable / unspecified","not applicable / unspecified","9 = 8 张 East/West 的 ConnectX-8 SuperNIC（板载）+ 1 张 North/South 的 BlueField-3 DPU。「2-8-9-800」这四个数字是这一代最好记的口诀，客户会场提问率极高。","{""id"":""src.nvidia-hgx-ra"",""url"":""https://docs.nvidia.com/enterprise-reference-architectures/hgx-ai-factory/latest/abstract.html"",""localFile"":null,""locator"":""Abstract，「2-8-9-800 ... (2 CPUs, 8 GPUs, 9 NICs at 800 Gb/s bandwidth per GPU)」（拆解见 Components Table 2：「Eight NVIDIA® ConnectX-8 SuperNICs per NVIDIA HGX B300 baseboard」+「One NVIDIA® BlueField®-3 DPU per server」）""}","2026-09-12","2026-08","已按所列官方位置核验并采纳；限定条件随值展示。"
"sys.hgx-b300:keySpecs.perGpuNetworkGbs","800","800","reviewed","retained","[""sys.hgx-b300""]","NVIDIA HGX B300","Gb/s","NVIDIA HGX B300 / perGpuNetworkGbs；适用范围见限定条件与来源位置","bidirectional aggregate","not applicable / unspecified","not applicable / unspecified","★ 与**服务器内（基板上）NVLink** 的 1.8 TB/s 对照：跨服务器带宽是域内的 1/9。「域内 9 倍带宽」这个比值就是「为什么并行策略要尽量塞进 8 卡」的全部答案。★ 同口径对照是 **9 倍**，不是 18 倍。官方依据：HGX 平台页规格表 HGX B300 列相邻两行「Total NVLink Bandwidth | 14.4 TB/s」与「Networking Bandwidth | 1.6 TB/s」，14.4 ÷ 1.6 = 9。⚠️ 拿每卡 1.8 TB/s（双向，芯片博客「1.8 TB/s bidirectional (18 links x 100 GB/s)」）去比 800 Gb/s = 100 GB/s（单向）会算出 18 倍——那是双向/单向口径混用；对齐方向后：单向 900 ÷ 100 = 9、双向 1800 ÷ 200 = 9。⚠️ 措辞也要准：这一代的 NVLink 域在**服务器/基板**里，不在机架里——说「机架内 NVLink」会和本代最核心的教学主张（「机架里没有 NVLink」）自相矛盾。","{""id"":""src.nvidia-hgx-ra"",""url"":""https://docs.nvidia.com/enterprise-reference-architectures/hgx-ai-factory/latest/components.html"",""localFile"":null,""locator"":""Components 节，「externally connected by a network interface of 800 Gb/s (2 x 400Gb/s Ethernet) per GPU. This connectivity is provided by 8x ConnectX-8 SuperNICs on the HGX baseboard」""}","2026-09-12","2026-08","已按所列官方位置核验并采纳；限定条件随值展示。"
"sys.hgx-b300:keySpecs.rackPowerKW","null","null","deployment-dependent","retained","[""sys.hgx-b300""]","NVIDIA HGX B300","kW","NVIDIA HGX B300 / rackPowerKW；适用范围见限定条件与来源位置","not specified / not applicable","not applicable / unspecified","not applicable / unspecified","★ NVIDIA 未公布 HGX B300 的整机架功率，而且是**刻意不公布**。★ NVIDIA 在 32 / 64 / 128 三个设计点的「Additional Considerations」里写了同一条约束（措辞略有出入：32 节点「The number of GPU servers per rack depends on available rack power」、64 节点「HGX B300 servers per rack depends on available rack power」、128 节点「NVIDIA HGX B300 servers per rack depends on available rack power」；另一句是「Rack layout must provide power supply redundancy」）。Overview 也说这是「Flexible rail-optimized end-of-row network architecture that can accommodate modifications in the rack layout and number of servers per rack」。也就是说**官方刻意不给每机架台数**——这与 NVL72 那种「一个机架就是一台机器」的形态是根本区别：HGX 的机架只是家具，装几台由你的机房配电决定。本工具因此对这一代不出任何 tokens/W。⚠️ 唯一可用的官方数量级参照来自 DGX B300 产品页的「Power Consumption | ~14 kW」（单台 10U 整机），但 DGX ≠ HGX（DGX 是 2 张 BF-3 的固定形态），只能当量级看，真实配电必须按 OEM 整机的实际铭牌算。","{""id"":""src.nvidia-hgx-ra"",""url"":""https://docs.nvidia.com/enterprise-reference-architectures/hgx-ai-factory/latest/components.html"",""localFile"":null,""locator"":null}","2026-09-12","2026-08","需要 OEM 型号、机房条件或部署拓扑才能确定；没有适用于所有系统的通用值。 ★ NVIDIA 未公布 HGX B300 的整机架功率，而且是**刻意不公布**。★ NVIDIA 在 32 / 64 / 128 三个设计点的「Additional Considerations」里写了同一条约束（措辞略有出入：32 节点「The number of GPU servers per rack depends on available rack power」、64 节点「HGX B300 servers per rack depends on available rack power」、128 节点「NVIDIA HGX B300 servers per rack depends on available rack power」；另一句是「Rack layout must provide power supply redundancy」）。Overview 也说这是「Flexible rail-optimized end-of-row network architecture that can accommodate modifications in the rack layout and number of servers per rack」。也就是说**官方刻意不给每机架台数**——这与 NVL72 那种「一个机架就是一台机器」的形态是根本区别：HGX 的机架只是家具，装几台由你的机房配电决定。本工具因此对这一代不出任何 tokens/W。⚠️ 唯一可用的官方数量级参照来自 DGX B300 产品页的「Power Consumption | ~14 kW」（单台 10U 整机），但 DGX ≠ HGX（DGX 是 2 张 BF-3 的固定形态），只能当量级看，真实配电必须按 OEM 整机的实际铭牌算。"
"sys.hgx-b300:keySpecs.nvlinkAggregateBandwidthTBs","14.4","14.4","reviewed","retained","[""sys.hgx-b300""]","NVIDIA HGX B300","TB/s","NVIDIA HGX B300 / nvlinkAggregateBandwidthTBs；适用范围见限定条件与来源位置","not specified / not applicable","not applicable / unspecified","not applicable / unspecified","★ 这是**一台服务器**（8 卡）的 NVLink 总带宽。对照 GB300 NVL72 的 130 TB/s——那是**一个机架**（72 卡）的口径，两者不是同一层的数字，不能直接相比。按卡折算：14.4 / 8 = 1.8 TB/s，130 / 72 ≈ 1.8 TB/s，**每卡是一样的**，差的只是「域里有几张卡」。","{""id"":""src.nvidia-hgx-ra"",""url"":""https://docs.nvidia.com/enterprise-reference-architectures/hgx-ai-factory/latest/components.html"",""localFile"":null,""locator"":""Components 节 Table 2「NVIDIA® NVLink™ and NVSwitch™ | ... • Total Aggregate Bandwidth 14.4TB/s」（Abstract 同口径：「connected via fifth-generation NVLink with 14.4 TB/s total interconnect bandwidth」；HGX 产品页规格表「Total NVLink Bandwidth | 14.4 TB/s」；数据手册 HGX B300 列「Total NVLink Switch Bandwidth 14.4 TB/s」）""}","2026-09-12","2026-08","已按所列官方位置核验并采纳；限定条件随值展示。"
"sys.hgx-b300:keySpecs.gpuToGpuBandwidthGBs","1800","1800","reviewed","retained","[""sys.hgx-b300""]","NVIDIA HGX B300","GB/s","NVIDIA HGX B300 / gpuToGpuBandwidthGBs；适用范围见限定条件与来源位置","bidirectional aggregate","not applicable / unspecified","not applicable / unspecified","芯片技术博客给出构成：「1.8 TB/s bidirectional (18 links x 100 GB/s)」。","{""id"":""src.nvidia-hgx-ra"",""url"":""https://docs.nvidia.com/enterprise-reference-architectures/hgx-ai-factory/latest/components.html"",""localFile"":null,""locator"":""Components 节 Table 2「NVIDIA® NVLink™ and NVSwitch™ | ... • GPU-to-GPU Bandwidth 1800GB/s」（HGX 产品页「NVLink GPU-to-GPU Bandwidth | 1.8 TB/s」；数据手册「Interconnect | Fifth-Generation NVLink: 1.8 TB/s」）""}","2026-09-12","2026-08","已按所列官方位置核验并采纳；限定条件随值展示。"
"sys.hgx-b300:keySpecs.gpuMemoryPerNodeTB","2.1","2.1","reviewed","retained","[""sys.hgx-b300""]","NVIDIA HGX B300","TB","NVIDIA HGX B300 / gpuMemoryPerNodeTB；适用范围见限定条件与来源位置","not specified / not applicable","not applicable / unspecified","not applicable / unspecified","⚠️ RA Table 1 写「Memory per Node | 2.30TB HBM3e」、Table 2 写「up to 2304 GB of GPU memory」，与这里的 2.1 TB 不一致：2,304 GB = 8 × 288 GB 是**上限口径**，2.1 TB ≈ 8 × 270 GB 是数据手册 HGX B300 SKU 的实配口径。★ Blackwell Ultra 的显存有三个并存的官方数字，不是互相矛盾：芯片技术博客写 288 GB HBM3e，数据手册第 5 页 GB300 NVL72 列写 279 GB、HGX B300 列写 270 GB。官方自己给了解释——博客图 1 脚注「Blackwell Ultra GPUs contain up to 160 SMs and 288GB HBM3E Memory. Available SM count and HBM capacity varies by SKU.」。本项目的产能数学取数据手册 HGX B300 列的 270 GB（该列自洽：8 × 270 = 2,160 GB ≈ 整机 2.1 TB，8 × 7.7 = 61.6 ≈ 整机 62 TB/s），对外讲数时务必带上「哪个平台的哪个 SKU」这个前提。","{""id"":""src.nvidia-blackwell-ultra-datasheet"",""url"":""https://dam-cdn.nvd.orangelogic.com/AssetLink/1k0p832eq8r5ca0u5383ie5o4tp3bst1.pdf"",""localFile"":null,""locator"":""第 5 页 Technical Specifications，HGX B300 列「Total Fast Memory | 2.1 TB」（HGX 产品页规格表「Total Memory | 2.1 TB」同值）""}","2026-09-12","2025-10","已按所列官方位置核验并采纳；限定条件随值展示。"
"sys.hgx-b300:keySpecs.gpuMemoryBandwidthPerNodeTBs","62","62","reviewed","retained","[""sys.hgx-b300""]","NVIDIA HGX B300","TB/s","NVIDIA HGX B300 / gpuMemoryBandwidthPerNodeTBs；适用范围见限定条件与来源位置","not specified / not applicable","not applicable / unspecified","not applicable / unspecified","⚠️ RA Table 1 写「GPU Aggregate Bandwidth per Node | Up to 64 TB/s」。两者与显存的分歧同源：62 = 8 × 7.7（数据手册 HGX 列单卡值），64 = 8 × 8（RA 的「Up to」上限值）。","{""id"":""src.nvidia-blackwell-ultra-datasheet"",""url"":""https://dam-cdn.nvd.orangelogic.com/AssetLink/1k0p832eq8r5ca0u5383ie5o4tp3bst1.pdf"",""localFile"":null,""locator"":""第 5 页 Technical Specifications，HGX B300 列「Total Memory Bandwidth | 62 TB/s」""}","2026-09-12","2025-10","已按所列官方位置核验并采纳；限定条件随值展示。"
"sys.hgx-b300:keySpecs.fp4DensePflops","108","108","reviewed","retained","[""sys.hgx-b300""]","NVIDIA HGX B300","PFLOPS","NVIDIA HGX B300 / fp4DensePflops；适用范围见限定条件与来源位置","not specified / not applicable","FP4","dense","144 为含稀疏口径，108 为稠密口径（均为**整块基板 8 卡**合计）。产能估算只用稠密值。⚠️ 官方 FP4 口径**稀疏闭合、稠密不闭合**：数据手册第 5 页 HGX B300 列，整板「Total FP4 Tensor Core 144 PFLOPS | 108 PFLOPS」、单卡「FP4 Tensor Core 18 PFLOPS | 14 PFLOPS」。稀疏侧 8 × 18 = 144 ✓ 完全闭合；稠密侧 8 × 14 = **112 ≠ 108**，差 4 PFLOPS。按整板稠密反推的单卡值应是 108 ÷ 8 = 13.5 PFLOPS，官方单卡行写的是 14——大概率是各自取整所致，但 NVIDIA 没有解释。本项目的处理与 Groq 3 LPX 的「315 vs 32 × 9.6」完全一致：**两条数字各自独立成立、互不推导**，产能数学取官方直接给出的单卡值 14 PFLOPS（不用整板值反推），报数时按需要引用其中一条并说明出处，不要拿一条去「验算」另一条。⚠️ 另有第三个官方数字：芯片技术博客写单芯片「15 PetaFLOPS dense NVFP4」——那是芯片级满配口径，与数据手册 HGX B300 列的 14（本 SKU 实配）、GB300 NVL72 列的 15 并存，解释同显存三值：「Available SM count and HBM capacity varies by SKU」。","{""id"":""src.nvidia-hgx-page"",""url"":""https://www.nvidia.com/en-us/data-center/hgx/"",""localFile"":null,""locator"":""HGX 规格表 NVIDIA Blackwell 一栏 HGX B300 列「FP4 Tensor Core | 144 PFLOPS | 108 PFLOPS」+ 脚注 1「Specification in Sparse | Dense」（数据手册第 5 页同值）""}","2026-09-12","2026-08","已按所列官方位置核验并采纳；限定条件随值展示。"
"sys.hgx-b300:keySpecs.fp8SparsePflops","72","72","reviewed","retained","[""sys.hgx-b300""]","NVIDIA HGX B300","PFLOPS","NVIDIA HGX B300 / fp8SparsePflops；适用范围见限定条件与来源位置","not specified / not applicable","FP8","dense","该值含稀疏；稠密口径为 36 PFLOPS（整板）。RA components 节另有一处整板措辞：「The HGX B300 baseboard provides up to 144 petaflops of processing power」——那是 FP4 含稀疏口径。","{""id"":""src.nvidia-hgx-page"",""url"":""https://www.nvidia.com/en-us/data-center/hgx/"",""localFile"":null,""locator"":""HGX 规格表 HGX B300 列「FP8/FP6 Tensor Core | 72 PFLOPS」+ 脚注 2「Specification in Sparse. Dense is ½ sparse spec shown.」""}","2026-09-12","2026-08","已按所列官方位置核验并采纳；限定条件随值展示。"
"sys.hgx-b300:keySpecs.nodesPerScalableUnit","4","4","reviewed","retained","[""sys.hgx-b300""]","NVIDIA HGX B300","台","NVIDIA HGX B300 / nodesPerScalableUnit；适用范围见限定条件与来源位置","not specified / not applicable","not applicable / unspecified","not applicable / unspecified","一个 SU 提供：计算网 64 × 400 Gb/s（聚合 25.6 Tb/s）、汇聚网 8 × 400 Gb/s（聚合 3.2 Tb/s）、带外管理 24 × 1 Gb/s。SU 是这一代唯一官方定义的「复制单元」——注意它不是机架。","{""id"":""src.nvidia-hgx-ra"",""url"":""https://docs.nvidia.com/enterprise-reference-architectures/hgx-ai-factory/latest/network-logical-architecture.html"",""localFile"":null,""locator"":""Networking Logical Architecture 节 Enterprise RA Scalable Unit (SU)，「This Enterprise RA is built on scalable units (SU) based on 4 compute nodes.」""}","2026-09-12","2026-08","已按所列官方位置核验并采纳；限定条件随值展示。"
"sys.hgx-b300:keySpecs.maxNodes","128","128","reviewed","retained","[""sys.hgx-b300""]","NVIDIA HGX B300","台","NVIDIA HGX B300 / maxNodes；适用范围见限定条件与来源位置","not specified / not applicable","not applicable / unspecified","not applicable / unspecified","三个官方设计点：32 节点 / 256 GPU、64 节点 / 512 GPU、128 节点 / 1024 GPU。同节另有「A fully tested system scales to 32 SUs (Scalable Units). Larger clusters can be built based on customer requirements.」","{""id"":""src.nvidia-hgx-ra"",""url"":""https://docs.nvidia.com/enterprise-reference-architectures/hgx-ai-factory/latest/overview.html"",""localFile"":null,""locator"":""Overview，「this Enterprise RA scales up to 128 NVIDIA-Certified HGX B300 systems for a total of 1024 B300 SXM GPUs」""}","2026-09-12","2026-08","已按所列官方位置核验并采纳；限定条件随值展示。"
"sys.hgx-b300:keySpecs.maxScalableUnits","32","32","reviewed","retained","[""sys.hgx-b300""]","NVIDIA HGX B300","个 SU","NVIDIA HGX B300 / maxScalableUnits；适用范围见限定条件与来源位置","not specified / not applicable","not applicable / unspecified","not applicable / unspecified","32 SU × 4 节点 = 128 台，与 maxNodes 闭合。这是官方完整测试过的规模，不是物理上限。","{""id"":""src.nvidia-hgx-ra"",""url"":""https://docs.nvidia.com/enterprise-reference-architectures/hgx-ai-factory/latest/overview.html"",""localFile"":null,""locator"":""Overview，「A fully tested system scales to 32 SUs (Scalable Units).」""}","2026-09-12","2026-08","已按所列官方位置核验并采纳；限定条件随值展示。"
"sys.hgx-b300:keySpecs.coolingMode","风冷（air-cooled）","风冷（air-cooled）","reviewed","retained","[""sys.hgx-b300""]","NVIDIA HGX B300","null","NVIDIA HGX B300 / coolingMode；适用范围见限定条件与来源位置","not specified / not applicable","not applicable / unspecified","not applicable / unspecified","★ 这一代与 NVL72 三代最直观的差别：**没有液冷**。整份 RA 里没有 CDU、没有分液歧管、没有冷板、没有进液温度要求。对客户的意义是「现有风冷机房不用改造就能上」——这往往比算力数字更能决定一单能不能落地。","{""id"":""src.nvidia-hgx-ra"",""url"":""https://docs.nvidia.com/enterprise-reference-architectures/hgx-ai-factory/latest/abstract.html"",""localFile"":null,""locator"":""Abstract，「designed to support enterprise AI inference workloads with industry-leading performance in an air-cooled form factor」""}","2026-09-12","2026-08","已按所列官方位置核验并采纳；限定条件随值展示。"
"sys.hgx-b300:keySpecs.maxModelPerGpuB","120","120","reviewed","retained","[""sys.hgx-b300""]","NVIDIA HGX B300","B 参数","NVIDIA HGX B300 / maxModelPerGpuB；适用范围见限定条件与来源位置","not specified / not applicable","not applicable / unspecified","not applicable / unspecified","★ 这是整份 RA 里对售前最有用的一句话：官方措辞是 approximately（约），且紧接着说「Models beyond 120B parameters may require model parallelism ... This parallelism will still reside within the same node as each server node can hold up to 8x NVIDIA B300 SXM GPUs」——即 120B 以内单卡搞定、超出也基本在单机 8 卡内解决。这正是「纯推理场景可以不建计算网」这条官方建议的前提。","{""id"":""src.nvidia-hgx-ra"",""url"":""https://docs.nvidia.com/enterprise-reference-architectures/hgx-ai-factory/latest/networking-physical-topologies.html"",""localFile"":null,""locator"":""Networking Physical Topologies 节 Compute Fabric Excluded for Pure Inference Deployments，「Each NVIDIA B300 SXM GPU can support a maximum model size of approximately 120B parameters」""}","2026-09-12","2026-08","已按所列官方位置核验并采纳；限定条件随值展示。"
"sys.hgx-b300:keySpecs.aiFactoryOutputVsHopper","30","30","non-spec","retained","[""sys.hgx-b300""]","NVIDIA HGX B300","倍","NVIDIA HGX B300 / aiFactoryOutputVsHopper；适用范围见限定条件与来源位置","not specified / not applicable","not applicable / unspecified","not applicable / unspecified","⚠️ 厂商营销口径（帕累托前沿上的综合产出比，图注前提：FTL = 2,000 ms、ISL = 32K、OSL = 8K、与 Dynamo FP4 一起用），不是单卡算力比，不可直接换算成 token 产能。★ 对照 GB300 NVL72 的同类口径是 50×——**同一颗芯片、同一个对比基准，机架级方案比服务器级高**，差的正是那个 72 卡 NVLink 域。这一对数字放在一起讲比任何架构图都有说服力。","{""id"":""src.nvidia-blackwell-ultra-datasheet"",""url"":""https://dam-cdn.nvd.orangelogic.com/AssetLink/1k0p832eq8r5ca0u5383ie5o4tp3bst1.pdf"",""localFile"":null,""locator"":""第 3 页 Boost Revenue With HGX B300 AI Factory Output，「HGX B300 yields a 30x overall increase in AI factory output performance compared to the Hopper architecture for maximum token revenue」""}","2026-09-12","2025-10","保留厂商宣称、第三方推测或教学观点及证据标签，不作为官方硬件数学输入。"
"cmp.shared.facility-room:specs.powerCapacityKW","null","null","deployment-dependent","retained","[""sys.gb300-nvl72"",""sys.vera-rubin-nvl72"",""sys.rubin-ultra-nvl576"",""sys.groq3-lpx"",""sys.hgx-b300""]","机房（AI Factory 场地）","kW","机房（AI Factory 场地） / powerCapacityKW；适用范围见限定条件与来源位置","not specified / not applicable","not applicable / unspecified","not applicable / unspecified","机房总供电容量取决于客户场地，参考架构未给定值，需按实际机柜数 × 单机架功率核算。","{""id"":""src.nvidia-nvl72-ra"",""url"":""https://docs.nvidia.com/enterprise-reference-architectures/nvl72-ai-factory/latest/components.html"",""localFile"":null,""locator"":null}","2026-09-12","2026-08","需要 OEM 型号、机房条件或部署拓扑才能确定；没有适用于所有系统的通用值。 机房总供电容量取决于客户场地，参考架构未给定值，需按实际机柜数 × 单机架功率核算。"
"cmp.shared.oberon-rack:specs.liquidCooled","true","true","reviewed","retained","[""sys.gb300-nvl72""]","MGX 液冷机架（业界惯称 Oberon 形态）","null","MGX 液冷机架（业界惯称 Oberon 形态） / liquidCooled；适用范围见限定条件与来源位置","not specified / not applicable","not applicable / unspecified","not applicable / unspecified","","{""id"":""src.nvidia-nvl72-ra"",""url"":""https://docs.nvidia.com/enterprise-reference-architectures/nvl72-ai-factory/latest/components.html"",""localFile"":null,""locator"":""System Hardware & Components，「the GB300 NVL72 rack is liquid cooled, based on the MGX architecture」""}","2026-09-12","2026-08","已按所列官方位置核验并采纳；限定条件随值展示。"
"cmp.shared.oberon-rack:specs.leakDetection","tray-level 与 rack-level 双层液体泄漏检测","tray-level 与 rack-level 双层液体泄漏检测","reviewed","retained","[""sys.gb300-nvl72""]","MGX 液冷机架（业界惯称 Oberon 形态）","null","MGX 液冷机架（业界惯称 Oberon 形态） / leakDetection；适用范围见限定条件与来源位置","not specified / not applicable","not applicable / unspecified","not applicable / unspecified","","{""id"":""src.nvidia-nvl72-ra"",""url"":""https://docs.nvidia.com/enterprise-reference-architectures/nvl72-ai-factory/latest/components.html"",""localFile"":null,""locator"":""System Hardware & Components 要点列表，「Integrated tray-level and rack-level liquid leakage detection」""}","2026-09-12","2026-08","已按所列官方位置核验并采纳；限定条件随值展示。"
"cmp.shared.oberon-rack:specs.heightU","null","null","deployment-dependent","retained","[""sys.gb300-nvl72""]","MGX 液冷机架（业界惯称 Oberon 形态）","U","MGX 液冷机架（业界惯称 Oberon 形态） / heightU；适用范围见限定条件与来源位置","not specified / not applicable","not applicable / unspecified","not applicable / unspecified","参考架构未公布机架 U 高与逐 U 布局；本项目 3D 摆位使用示意占位高度（见 FactorySystem.rackUnitsForLayout）。","{""id"":""src.nvidia-nvl72-ra"",""url"":""https://docs.nvidia.com/enterprise-reference-architectures/nvl72-ai-factory/latest/components.html"",""localFile"":null,""locator"":null}","2026-09-12","2026-08","需要 OEM 型号、机房条件或部署拓扑才能确定；没有适用于所有系统的通用值。 参考架构未公布机架 U 高与逐 U 布局；本项目 3D 摆位使用示意占位高度（见 FactorySystem.rackUnitsForLayout）。"
"cmp.shared.oberon-rack:specs.weightKg","null","null","deployment-dependent","retained","[""sys.gb300-nvl72""]","MGX 液冷机架（业界惯称 Oberon 形态）","kg","MGX 液冷机架（业界惯称 Oberon 形态） / weightKg；适用范围见限定条件与来源位置","not specified / not applicable","not applicable / unspecified","not applicable / unspecified","参考架构未公布整机重量。⚠️ 售前材料里流传的「>1.3 吨」之类数字没有 NVIDIA 官方出处，本项目不收录、也不建议引用；要报重量请让 OEM 出具体整机的铭牌值。","{""id"":""src.nvidia-nvl72-ra"",""url"":""https://docs.nvidia.com/enterprise-reference-architectures/nvl72-ai-factory/latest/components.html"",""localFile"":null,""locator"":null}","2026-09-12","2026-08","需要 OEM 型号、机房条件或部署拓扑才能确定；没有适用于所有系统的通用值。 参考架构未公布整机重量。⚠️ 售前材料里流传的「>1.3 吨」之类数字没有 NVIDIA 官方出处，本项目不收录、也不建议引用；要报重量请让 OEM 出具体整机的铭牌值。"
"cmp.shared.oberon-rack:specs.formFactorName","MGX 液冷机架（本项目沿用业界惯称「Oberon」）","MGX 液冷机架（本项目沿用业界惯称「Oberon」）","non-spec","retained","[""sys.gb300-nvl72""]","MGX 液冷机架（业界惯称 Oberon 形态）","null","MGX 液冷机架（业界惯称 Oberon 形态） / formFactorName；适用范围见限定条件与来源位置","not specified / not applicable","not applicable / unspecified","not applicable / unspecified","⚠️ 官方只说「基于 MGX 架构」。**「Oberon」这个形态代号在 GB300 NVL72 参考架构里一次都没出现**（全文检索命中数 0），它来自业界/分析师材料（本项目 NVL576 代际引用的 SemiAnalysis 文章即用此称）。本组件名沿用这个惯称只是为了跨代可读，**不是 NVIDIA 官方口径**，对外讲的时候说「MGX 液冷机架」最稳。","{""id"":""src.nvidia-nvl72-ra"",""url"":""https://docs.nvidia.com/enterprise-reference-architectures/nvl72-ai-factory/latest/components.html"",""localFile"":null,""locator"":""System Hardware & Components，「the GB300 NVL72 rack is liquid cooled, based on the MGX architecture」""}","2026-09-12","2026-08","保留厂商宣称、第三方推测或教学观点及证据标签，不作为官方硬件数学输入。"
"cmp.shared.busbar:specs.feedsInRackSwitches","true","true","reviewed","retained","[""sys.gb300-nvl72"",""sys.vera-rubin-nvl72"",""sys.rubin-ultra-nvl576"",""sys.groq3-lpx""]","直流母排（DC Busbar）","null","直流母排（DC Busbar） / feedsInRackSwitches；适用范围见限定条件与来源位置","not specified / not applicable","not applicable / unspecified","not applicable / unspecified","","{""id"":""src.nvidia-nvl72-ra"",""url"":""https://docs.nvidia.com/enterprise-reference-architectures/nvl72-ai-factory/latest/components.html"",""localFile"":null,""locator"":""System Hardware & Components，「The GB300 NVL72 in-rack switches use DC power since they are connected to the DC busbar」""}","2026-09-12","2026-08","已按所列官方位置核验并采纳；限定条件随值展示。"
"cmp.shared.busbar:specs.voltageV","null","null","deployment-dependent","retained","[""sys.gb300-nvl72"",""sys.vera-rubin-nvl72"",""sys.rubin-ultra-nvl576"",""sys.groq3-lpx""]","直流母排（DC Busbar）","V","直流母排（DC Busbar） / voltageV；适用范围见限定条件与来源位置","not specified / not applicable","not applicable / unspecified","not applicable / unspecified","参考架构未公布母排电压等级。","{""id"":""src.nvidia-nvl72-ra"",""url"":""https://docs.nvidia.com/enterprise-reference-architectures/nvl72-ai-factory/latest/components.html"",""localFile"":null,""locator"":null}","2026-09-12","2026-08","需要 OEM 型号、机房条件或部署拓扑才能确定；没有适用于所有系统的通用值。 参考架构未公布母排电压等级。"
"cmp.shared.busbar:specs.currentA","null","null","deployment-dependent","retained","[""sys.gb300-nvl72"",""sys.vera-rubin-nvl72"",""sys.rubin-ultra-nvl576"",""sys.groq3-lpx""]","直流母排（DC Busbar）","A","直流母排（DC Busbar） / currentA；适用范围见限定条件与来源位置","not specified / not applicable","not applicable / unspecified","not applicable / unspecified","参考架构未公布母排额定电流。","{""id"":""src.nvidia-nvl72-ra"",""url"":""https://docs.nvidia.com/enterprise-reference-architectures/nvl72-ai-factory/latest/components.html"",""localFile"":null,""locator"":null}","2026-09-12","2026-08","需要 OEM 型号、机房条件或部署拓扑才能确定；没有适用于所有系统的通用值。 参考架构未公布母排额定电流。"
"cmp.shared.facility-power:specs.distributionVoltageV","null","null","deployment-dependent","retained","[""sys.gb300-nvl72"",""sys.vera-rubin-nvl72"",""sys.rubin-ultra-nvl576"",""sys.groq3-lpx"",""sys.hgx-b300""]","机房配电（列头柜 / 配电母线）","V","机房配电（列头柜 / 配电母线） / distributionVoltageV；适用范围见限定条件与来源位置","not specified / not applicable","not applicable / unspecified","not applicable / unspecified","参考架构只描述机架侧供电（8 个 33 kW 电源架 + 直流母排），未涉及机房配电电压等级；取决于当地电网与客户机电设计。","{""id"":""src.nvidia-nvl72-ra"",""url"":""https://docs.nvidia.com/enterprise-reference-architectures/nvl72-ai-factory/latest/components.html"",""localFile"":null,""locator"":null}","2026-09-12","2026-08","需要 OEM 型号、机房条件或部署拓扑才能确定；没有适用于所有系统的通用值。 参考架构只描述机架侧供电（8 个 33 kW 电源架 + 直流母排），未涉及机房配电电压等级；取决于当地电网与客户机电设计。"
"cmp.shared.facility-power:specs.buswayRatedCurrentA","null","null","deployment-dependent","retained","[""sys.gb300-nvl72"",""sys.vera-rubin-nvl72"",""sys.rubin-ultra-nvl576"",""sys.groq3-lpx"",""sys.hgx-b300""]","机房配电（列头柜 / 配电母线）","A","机房配电（列头柜 / 配电母线） / buswayRatedCurrentA；适用范围见限定条件与来源位置","not specified / not applicable","not applicable / unspecified","not applicable / unspecified","参考架构未公布母线槽/列头柜额定电流，需按每列机架数 × 单机架功率由机电顾问核算。","{""id"":""src.nvidia-nvl72-ra"",""url"":""https://docs.nvidia.com/enterprise-reference-architectures/nvl72-ai-factory/latest/components.html"",""localFile"":null,""locator"":null}","2026-09-12","2026-08","需要 OEM 型号、机房条件或部署拓扑才能确定；没有适用于所有系统的通用值。 参考架构未公布母线槽/列头柜额定电流，需按每列机架数 × 单机架功率由机电顾问核算。"
"cmp.shared.facility-power:specs.redundancy","null","null","deployment-dependent","retained","[""sys.gb300-nvl72"",""sys.vera-rubin-nvl72"",""sys.rubin-ultra-nvl576"",""sys.groq3-lpx"",""sys.hgx-b300""]","机房配电（列头柜 / 配电母线）","null","机房配电（列头柜 / 配电母线） / redundancy；适用范围见限定条件与来源位置","not specified / not applicable","not applicable / unspecified","not applicable / unspecified","参考架构未规定机房配电的冗余等级（N / N+1 / 2N），属客户可用性设计范畴。","{""id"":""src.nvidia-nvl72-ra"",""url"":""https://docs.nvidia.com/enterprise-reference-architectures/nvl72-ai-factory/latest/components.html"",""localFile"":null,""locator"":null}","2026-09-12","2026-08","需要 OEM 型号、机房条件或部署拓扑才能确定；没有适用于所有系统的通用值。 参考架构未规定机房配电的冗余等级（N / N+1 / 2N），属客户可用性设计范畴。"
"cmp.shared.cdu:specs.coolingCapacityKW","null","null","deployment-dependent","retained","[""sys.gb300-nvl72"",""sys.vera-rubin-nvl72"",""sys.rubin-ultra-nvl576"",""sys.groq3-lpx""]","CDU 冷量分配单元","kW","CDU 冷量分配单元 / coolingCapacityKW；适用范围见限定条件与来源位置","not specified / not applicable","not applicable / unspecified","not applicable / unspecified","参考架构从未提及 CDU 这个部件，自然也没有型号与冷量；实际选型需按机架数 × 单机架功率与客户一次侧水温另行核算。⚠️ 通用液冷工程建模，非参考架构原文：GB300 NVL72 参考架构全篇只写了「the GB300 NVL72 rack is liquid cooled, based on the MGX architecture」与「Integrated tray-level and rack-level liquid leakage detection」，CDU / manifold / cold plate / coolant / quick disconnect 五个词一次都没出现。","{""id"":""src.nvidia-nvl72-ra"",""url"":""https://docs.nvidia.com/enterprise-reference-architectures/nvl72-ai-factory/latest/components.html"",""localFile"":null,""locator"":null}","2026-09-12","2026-08","需要 OEM 型号、机房条件或部署拓扑才能确定；没有适用于所有系统的通用值。 参考架构从未提及 CDU 这个部件，自然也没有型号与冷量；实际选型需按机架数 × 单机架功率与客户一次侧水温另行核算。⚠️ 通用液冷工程建模，非参考架构原文：GB300 NVL72 参考架构全篇只写了「the GB300 NVL72 rack is liquid cooled, based on the MGX architecture」与「Integrated tray-level and rack-level liquid leakage detection」，CDU / manifold / cold plate / coolant / quick disconnect 五个词一次都没出现。"
"cmp.shared.cdu:specs.supplyWaterTempC","null","null","deployment-dependent","retained","[""sys.gb300-nvl72"",""sys.vera-rubin-nvl72"",""sys.rubin-ultra-nvl576"",""sys.groq3-lpx""]","CDU 冷量分配单元","°C","CDU 冷量分配单元 / supplyWaterTempC；适用范围见限定条件与来源位置","not specified / not applicable","not applicable / unspecified","not applicable / unspecified","参考架构未公布二次侧供水温度要求（全篇没有任何进液/出液温度指标）。⚠️ 通用液冷工程建模，非参考架构原文：GB300 NVL72 参考架构全篇只写了「the GB300 NVL72 rack is liquid cooled, based on the MGX architecture」与「Integrated tray-level and rack-level liquid leakage detection」，CDU / manifold / cold plate / coolant / quick disconnect 五个词一次都没出现。","{""id"":""src.nvidia-nvl72-ra"",""url"":""https://docs.nvidia.com/enterprise-reference-architectures/nvl72-ai-factory/latest/components.html"",""localFile"":null,""locator"":null}","2026-09-12","2026-08","需要 OEM 型号、机房条件或部署拓扑才能确定；没有适用于所有系统的通用值。 参考架构未公布二次侧供水温度要求（全篇没有任何进液/出液温度指标）。⚠️ 通用液冷工程建模，非参考架构原文：GB300 NVL72 参考架构全篇只写了「the GB300 NVL72 rack is liquid cooled, based on the MGX architecture」与「Integrated tray-level and rack-level liquid leakage detection」，CDU / manifold / cold plate / coolant / quick disconnect 五个词一次都没出现。"
"cmp.shared.manifold:specs.flowRateLpm","null","null","deployment-dependent","retained","[""sys.gb300-nvl72"",""sys.vera-rubin-nvl72"",""sys.rubin-ultra-nvl576"",""sys.groq3-lpx""]","机架分液歧管（Manifold）","L/min","机架分液歧管（Manifold） / flowRateLpm；适用范围见限定条件与来源位置","not specified / not applicable","not applicable / unspecified","not applicable / unspecified","参考架构从未提及歧管这个部件，自然也没有流量规格。⚠️ 通用液冷工程建模，非参考架构原文：GB300 NVL72 参考架构全篇只写了「the GB300 NVL72 rack is liquid cooled, based on the MGX architecture」与「Integrated tray-level and rack-level liquid leakage detection」，CDU / manifold / cold plate / coolant / quick disconnect 五个词一次都没出现。","{""id"":""src.nvidia-nvl72-ra"",""url"":""https://docs.nvidia.com/enterprise-reference-architectures/nvl72-ai-factory/latest/components.html"",""localFile"":null,""locator"":null}","2026-09-12","2026-08","需要 OEM 型号、机房条件或部署拓扑才能确定；没有适用于所有系统的通用值。 参考架构从未提及歧管这个部件，自然也没有流量规格。⚠️ 通用液冷工程建模，非参考架构原文：GB300 NVL72 参考架构全篇只写了「the GB300 NVL72 rack is liquid cooled, based on the MGX architecture」与「Integrated tray-level and rack-level liquid leakage detection」，CDU / manifold / cold plate / coolant / quick disconnect 五个词一次都没出现。"
"cmp.shared.cold-plate:specs.coveredDevices","GPU、CPU 等主要发热器件（本项目建模，非官方清单）","GPU、CPU 等主要发热器件（本项目建模，非官方清单）","non-spec","retained","[""sys.gb300-nvl72"",""sys.vera-rubin-nvl72"",""sys.groq3-lpx""]","冷板（Cold Plate）","null","冷板（Cold Plate） / coveredDevices；适用范围见限定条件与来源位置","not specified / not applicable","not applicable / unspecified","not applicable / unspecified","参考架构只写了这两句，**没有**列出任何冷板覆盖清单，也没有出现过 cold plate 这个词。⚠️ 通用液冷工程建模，非参考架构原文：GB300 NVL72 参考架构全篇只写了「the GB300 NVL72 rack is liquid cooled, based on the MGX architecture」与「Integrated tray-level and rack-level liquid leakage detection」，CDU / manifold / cold plate / coolant / quick disconnect 五个词一次都没出现。本条是按液冷机架通用做法给出的建模描述，只用于 3D 表达「热量怎么离开芯片」，不可当官方规格引用。","{""id"":""src.nvidia-nvl72-ra"",""url"":""https://docs.nvidia.com/enterprise-reference-architectures/nvl72-ai-factory/latest/components.html"",""localFile"":null,""locator"":""System Hardware & Components，「the GB300 NVL72 rack is liquid cooled, based on the MGX architecture」＋「Integrated tray-level and rack-level liquid leakage detection」""}","2026-09-12","2026-08","保留厂商宣称、第三方推测或教学观点及证据标签，不作为官方硬件数学输入。"
"cmp.shared.facility-water-loop:specs.returnWaterTempC","null","null","deployment-dependent","retained","[""sys.gb300-nvl72"",""sys.vera-rubin-nvl72"",""sys.rubin-ultra-nvl576"",""sys.groq3-lpx""]","机房一次侧冷却水回路","°C","机房一次侧冷却水回路 / returnWaterTempC；适用范围见限定条件与来源位置","not specified / not applicable","not applicable / unspecified","not applicable / unspecified","取决于客户机房设计，参考架构未给定值。","{""id"":""src.nvidia-nvl72-ra"",""url"":""https://docs.nvidia.com/enterprise-reference-architectures/nvl72-ai-factory/latest/components.html"",""localFile"":null,""locator"":null}","2026-09-12","2026-08","需要 OEM 型号、机房条件或部署拓扑才能确定；没有适用于所有系统的通用值。 取决于客户机房设计，参考架构未给定值。"
"cmp.shared.sn2201:specs.ports","48","48","reviewed","retained","[""sys.gb300-nvl72"",""sys.vera-rubin-nvl72"",""sys.rubin-ultra-nvl576"",""sys.groq3-lpx"",""sys.hgx-b300""]","NVIDIA SN2201 管理交换机","端口","NVIDIA SN2201 管理交换机 / ports；适用范围见限定条件与来源位置","not specified / not applicable","not applicable / unspecified","not applicable / unspecified","","{""id"":""src.nvidia-nvl72-ra"",""url"":""https://docs.nvidia.com/enterprise-reference-architectures/nvl72-ai-factory/latest/networking-hardware.html"",""localFile"":null,""locator"":""Networking Hardware，「NVIDIA SN2201 Switch … 48 ports」""}","2026-09-12","2026-08","已按所列官方位置核验并采纳；限定条件随值展示。"
"cmp.shared.sn2201:specs.role","带外（OOB）管理，提供统一的管理连接","带外（OOB）管理，提供统一的管理连接","reviewed","retained","[""sys.gb300-nvl72"",""sys.vera-rubin-nvl72"",""sys.rubin-ultra-nvl576"",""sys.groq3-lpx"",""sys.hgx-b300""]","NVIDIA SN2201 管理交换机","null","NVIDIA SN2201 管理交换机 / role；适用范围见限定条件与来源位置","not specified / not applicable","not applicable / unspecified","not applicable / unspecified","","{""id"":""src.nvidia-nvl72-ra"",""url"":""https://docs.nvidia.com/enterprise-reference-architectures/nvl72-ai-factory/latest/networking-hardware.html"",""localFile"":null,""locator"":""Networking Hardware，「out-of-band (OOB) management … consolidated management connectivity」""}","2026-09-12","2026-08","已按所列官方位置核验并采纳；限定条件随值展示。"
"cmp.shared.storage-array:specs.perNodeStorageBandwidthGBs","40","null","moved-to-system","moved","[""sys.gb300-nvl72"",""sys.vera-rubin-nvl72"",""sys.groq3-lpx"",""sys.hgx-b300""]","L2 共享存储（外部存储集群）","GB/s","L2 共享存储（外部存储集群） / perNodeStorageBandwidthGBs；适用范围见限定条件与来源位置","not specified / not applicable","not applicable / unspecified","not applicable / unspecified","这是每计算节点的存储带宽上限目标，不是存储阵列本身的规格。","{""id"":""src.nvidia-nvl72-ra"",""url"":""https://docs.nvidia.com/enterprise-reference-architectures/nvl72-ai-factory/latest/networking-physical-topologies.html"",""localFile"":null,""locator"":""Networking Physical Topologies，「per-node storage bandwidth of up to 40 GB/s」""}","2026-09-12","2026-08","共享存储的 GB300 每节点目标已移至 sys.gb300-nvl72.keySpecs，避免污染其他系统。"
"cmp.shared.storage-array:specs.capacityTB","null","null","deployment-dependent","retained","[""sys.gb300-nvl72"",""sys.vera-rubin-nvl72"",""sys.groq3-lpx"",""sys.hgx-b300""]","L2 共享存储（外部存储集群）","TB","L2 共享存储（外部存储集群） / capacityTB；适用范围见限定条件与来源位置","not specified / not applicable","not applicable / unspecified","not applicable / unspecified","参考架构不指定存储厂商与容量，由客户方案决定。","{""id"":""src.nvidia-nvl72-ra"",""url"":""https://docs.nvidia.com/enterprise-reference-architectures/nvl72-ai-factory/latest/components.html"",""localFile"":null,""locator"":null}","2026-09-12","2026-08","需要 OEM 型号、机房条件或部署拓扑才能确定；没有适用于所有系统的通用值。 参考架构不指定存储厂商与容量，由客户方案决定。"
"cmp.shared.object-storage:specs.capacityPB","null","null","deployment-dependent","retained","[""sys.gb300-nvl72"",""sys.hgx-b300""]","L3 对象存储（模型货仓 / 归档）","PB","L3 对象存储（模型货仓 / 归档） / capacityPB；适用范围见限定条件与来源位置","not specified / not applicable","not applicable / unspecified","not applicable / unspecified","行业通行架构的建模描述，非官方规格：GB300/HGX 参考架构均不涉及对象存储，NVIDIA 官方材料也未给任何容量口径——由客户方案决定，本项目不编数。","{""id"":""src.nvidia-dynamo-docs"",""url"":""https://docs.nvidia.com/dynamo/latest/"",""localFile"":null,""locator"":null}","2026-09-12","2026-09","需要 OEM 型号、机房条件或部署拓扑才能确定；没有适用于所有系统的通用值。 行业通行架构的建模描述，非官方规格：GB300/HGX 参考架构均不涉及对象存储，NVIDIA 官方材料也未给任何容量口径——由客户方案决定，本项目不编数。"
"cmp.shared.object-storage:specs.aggregateThroughputGBs","null","null","deployment-dependent","retained","[""sys.gb300-nvl72"",""sys.hgx-b300""]","L3 对象存储（模型货仓 / 归档）","GB/s","L3 对象存储（模型货仓 / 归档） / aggregateThroughputGBs；适用范围见限定条件与来源位置","not specified / not applicable","not applicable / unspecified","not applicable / unspecified","行业通行架构的建模描述，非官方规格：对象存储吞吐取决于集群规模与厂商实现，官方未公布任何目标值（对比：L2 共享存储有「每节点最高 40 GB/s」的官方目标）。","{""id"":""src.nvidia-dynamo-docs"",""url"":""https://docs.nvidia.com/dynamo/latest/"",""localFile"":null,""locator"":null}","2026-09-12","2026-09","需要 OEM 型号、机房条件或部署拓扑才能确定；没有适用于所有系统的通用值。 行业通行架构的建模描述，非官方规格：对象存储吞吐取决于集群规模与厂商实现，官方未公布任何目标值（对比：L2 共享存储有「每节点最高 40 GB/s」的官方目标）。"
"cmp.gb300.b300-gpu:specs.hbmPerGpuGB","288","279","reviewed","corrected","[""sys.gb300-nvl72""]","NVIDIA B300（Blackwell Ultra）GPU","GB","NVIDIA B300（Blackwell Ultra）GPU / hbmPerGpuGB；适用范围见限定条件与来源位置","not specified / not applicable","not applicable / unspecified","not applicable / unspecified","采用产品 SKU 口径；架构最大 288 GB 单独列出。RA Appendix 的每托盘 720 GB 与主体表不一致，未采纳。","{""id"":""src.nvidia-blackwell-ultra-datasheet"",""url"":""https://dam-cdn.nvd.orangelogic.com/AssetLink/1k0p832eq8r5ca0u5383ie5o4tp3bst1.pdf"",""localFile"":null,""locator"":""p.5 / GB300 GPU memory""}","2026-09-12","2026-09","已按所列官方位置核验并采纳；限定条件随值展示。"
"cmp.gb300.b300-gpu:specs.nvlinkPerGpuGBs","1800","1800","reviewed","retained","[""sys.gb300-nvl72""]","NVIDIA B300（Blackwell Ultra）GPU","GB/s","NVIDIA B300（Blackwell Ultra）GPU / nvlinkPerGpuGBs；适用范围见限定条件与来源位置","bidirectional aggregate","not applicable / unspecified","not applicable / unspecified","★★ **1800 GB/s 是双向合计**，单向是 900 GB/s。同一份参考架构在 Network Logical Architecture 节把两个方向都写了出来：「all 72 GPUs are interconnected in a single NVLink domain, allowing them to function as a single multi-GPU unit of compute with a bandwidth of 900GB/s (1800 GB/s bi-directional)」。这是全项目最容易引发口径事故的一个数字——★ 同口径对照：机架内 NVLink 每卡 900 GB/s（单向）/ 1800 GB/s（双向），跨机架以太网每卡 800 Gb/s（= 100 GB/s 单向 / 200 GB/s 双向）——**同方向下差 9 倍**。（拿 1800 双向去比 100 单向会算出 18 倍，那是双向/单向口径混用；官方原文写的是「a bandwidth of 900GB/s (1800 GB/s bi-directional)」。）","{""id"":""src.nvidia-nvl72-ra"",""url"":""https://docs.nvidia.com/enterprise-reference-architectures/nvl72-ai-factory/latest/components.html"",""localFile"":null,""locator"":""NVIDIA NVLink 节，「fifth-generation NVLink, delivering up to 1800 GB/s per GPU – doubling the bandwidth of the previous generation」""}","2026-09-12","2026-08","已按所列官方位置核验并采纳；限定条件随值展示。"
"cmp.gb300.b300-gpu:specs.nvlinkPerGpuUnidirectionalGBs","900","900","reviewed","retained","[""sys.gb300-nvl72""]","NVIDIA B300（Blackwell Ultra）GPU","GB/s","NVIDIA B300（Blackwell Ultra）GPU / nvlinkPerGpuUnidirectionalGBs；适用范围见限定条件与来源位置","bidirectional aggregate","not applicable / unspecified","not applicable / unspecified","★ 与上一条 1800 GB/s 是同一件事的两个方向口径：900 单向 / 1800 双向。与以太网做对比时**必须**先对齐方向，否则会算出并不存在的「18 倍」。","{""id"":""src.nvidia-nvl72-ra"",""url"":""https://docs.nvidia.com/enterprise-reference-architectures/nvl72-ai-factory/latest/network-logical-architecture.html"",""localFile"":null,""locator"":""Network Logical Architecture 节 Enterprise RA Scalable Unit (SU)，「all 72 GPUs are interconnected in a single NVLink domain, allowing them to function as a single multi-GPU unit of compute with a bandwidth of 900GB/s (1800 GB/s bi-directional)」""}","2026-09-12","2026-08","已按所列官方位置核验并采纳；限定条件随值展示。"
"cmp.gb300.b300-gpu:specs.nvlinkLinksPerGpu","18","18","reviewed","retained","[""sys.gb300-nvl72""]","NVIDIA B300（Blackwell Ultra）GPU","条","NVIDIA B300（Blackwell Ultra）GPU / nvlinkLinksPerGpu；适用范围见限定条件与来源位置","not specified / not applicable","not applicable / unspecified","not applicable / unspecified","18 条链路恰好对应机架内 9 托盘 × 2 = 18 颗 NVSwitch ASIC，每颗一条——这就是「全互联无阻塞」的物理实现。⚠️ 这个 18 与「NVLink 比以太网快几倍」毫无关系，别把两个 18 联想到一起（后者的正确答案是 9 倍）。","{""id"":""src.nvidia-nvl72-ra"",""url"":""https://docs.nvidia.com/enterprise-reference-architectures/nvl72-ai-factory/latest/components.html"",""localFile"":null,""locator"":""NVIDIA NVLink Switch Tray 节，「Each GPU has 18 NVLink Fifth-Generation links, one per in-rack NVSwitch via the copper backplane」""}","2026-09-12","2026-08","已按所列官方位置核验并采纳；限定条件随值展示。"
"cmp.gb300.b300-gpu:specs.denseFp4UpliftVsBlackwell","1.5","1.5","non-spec","retained","[""sys.gb300-nvl72""]","NVIDIA B300（Blackwell Ultra）GPU","倍","NVIDIA B300（Blackwell Ultra）GPU / denseFp4UpliftVsBlackwell；适用范围见限定条件与来源位置","not specified / not applicable","FP4","dense","★ 官方对比基准是 **NVIDIA Blackwell GPUs**（即 B200 一代），不是 Hopper。稠密口径。","{""id"":""src.nvidia-gb300-page"",""url"":""https://www.nvidia.com/en-us/data-center/gb300-nvl72/"",""localFile"":null,""locator"":""产品页，「The system delivers 1.5x more dense FP4 Tensor Core FLOPS and 2x higher attention performance compared to NVIDIA Blackwell GPUs.」""}","2026-09-12","2026-08","保留厂商宣称、第三方推测或教学观点及证据标签，不作为官方硬件数学输入。"
"cmp.gb300.b300-gpu:specs.attentionUpliftVsBlackwell","2","2","non-spec","retained","[""sys.gb300-nvl72""]","NVIDIA B300（Blackwell Ultra）GPU","倍","NVIDIA B300（Blackwell Ultra）GPU / attentionUpliftVsBlackwell；适用范围见限定条件与来源位置","not specified / not applicable","not applicable / unspecified","not applicable / unspecified","与 HGX 平台页规格表的「Attention Performance | 2x」（脚注 3「vs. NVIDIA Blackwell.」）是同一件事。","{""id"":""src.nvidia-gb300-page"",""url"":""https://www.nvidia.com/en-us/data-center/gb300-nvl72/"",""localFile"":null,""locator"":""产品页，「The system delivers 1.5x more dense FP4 Tensor Core FLOPS and 2x higher attention performance compared to NVIDIA Blackwell GPUs.」""}","2026-09-12","2026-08","保留厂商宣称、第三方推测或教学观点及证据标签，不作为官方硬件数学输入。"
"cmp.gb300.b300-gpu:specs.tdpW","null","1400","reviewed","corrected","[""sys.gb300-nvl72""]","NVIDIA B300（Blackwell Ultra）GPU","W","NVIDIA B300（Blackwell Ultra）GPU / tdpW；适用范围见限定条件与来源位置","not specified / not applicable","not applicable / unspecified","not applicable / unspecified","最高可配置 TDP，不代表典型运行功耗。","{""id"":""src.nvidia-blackwell-ultra-datasheet"",""url"":""https://dam-cdn.nvd.orangelogic.com/AssetLink/1k0p832eq8r5ca0u5383ie5o4tp3bst1.pdf"",""localFile"":null,""locator"":""p.5 / Configurable TDP""}","2026-09-12","2026-09","已按所列官方位置核验并采纳；限定条件随值展示。"
"cmp.gb300.b300-gpu:specs.fp4DenseTflopsPerGpu","15000","15000","reviewed","retained","[""sys.gb300-nvl72""]","NVIDIA B300（Blackwell Ultra）GPU","TFLOPS","NVIDIA B300（Blackwell Ultra）GPU / fp4DenseTflopsPerGpu；适用范围见限定条件与来源位置","not specified / not applicable","FP4","dense","由官方整机稠密值折算，非官方单卡规格表数字。","{""id"":""src.nvidia-gb300-page"",""url"":""https://www.nvidia.com/en-us/data-center/gb300-nvl72/"",""localFile"":null,""locator"":""产品页规格表 FP4 Tensor Core 稠密值 1080 PFLOPS ÷ 72 卡""}","2026-09-12","2026-08","已按所列官方位置核验并采纳；限定条件随值展示。"
"cmp.gb300.grace-cpu:specs.coresPerTray","72","144","reviewed","corrected","[""sys.gb300-nvl72""]","NVIDIA Grace CPU","核","NVIDIA Grace CPU / coresPerTray；适用范围见限定条件与来源位置","not specified / not applicable","not applicable / unspecified","not applicable / unspecified","每托盘两颗 CPU。RA Table 1 的 72 未清楚标范围；按产品页整架数据闭合。","{""id"":""src.nvidia-gb300-page"",""url"":""https://www.nvidia.com/en-us/data-center/gb300-nvl72/"",""localFile"":null,""locator"":""Specifications / 36 CPUs, 18 compute trays""}","2026-09-12","2026-09","已按所列官方位置核验并采纳；限定条件随值展示。"
"cmp.gb300.grace-cpu:specs.lpddr5PerTrayTB","1","1","reviewed","retained","[""sys.gb300-nvl72""]","NVIDIA Grace CPU","TB","NVIDIA Grace CPU / lpddr5PerTrayTB；适用范围见限定条件与来源位置","not specified / not applicable","not applicable / unspecified","not applicable / unspecified","","{""id"":""src.nvidia-nvl72-ra"",""url"":""https://docs.nvidia.com/enterprise-reference-architectures/nvl72-ai-factory/latest/components.html"",""localFile"":null,""locator"":""System Hardware & Components Table 1，「1TB aggregated LPDDR5 CPU main memory」（每托盘 2 颗合计）""}","2026-09-12","2026-08","已按所列官方位置核验并采纳；限定条件随值展示。"
"cmp.gb300.grace-cpu:specs.c2cInterconnect","NVLink C2C","NVLink C2C","reviewed","retained","[""sys.gb300-nvl72""]","NVIDIA Grace CPU","null","NVIDIA Grace CPU / c2cInterconnect；适用范围见限定条件与来源位置","not specified / not applicable","not applicable / unspecified","not applicable / unspecified","","{""id"":""src.nvidia-nvl72-ra"",""url"":""https://docs.nvidia.com/enterprise-reference-architectures/nvl72-ai-factory/latest/components.html"",""localFile"":null,""locator"":""System Hardware & Components Table 1，「connected via NVLink C2C」""}","2026-09-12","2026-08","已按所列官方位置核验并采纳；限定条件随值展示。"
"cmp.gb300.grace-cpu:specs.tdpW","null","null","not-found","retained","[""sys.gb300-nvl72""]","NVIDIA Grace CPU","W","NVIDIA Grace CPU / tdpW；适用范围见限定条件与来源位置","not specified / not applicable","not applicable / unspecified","not applicable / unspecified","参考架构未公布 Grace CPU 单颗 TDP。","{""id"":""src.nvidia-nvl72-ra"",""url"":""https://docs.nvidia.com/enterprise-reference-architectures/nvl72-ai-factory/latest/components.html"",""localFile"":null,""locator"":null}","2026-09-12","2026-08","截至 2026-09-12，所查官方资料仍未提供可采纳的适用值；不能据此断言从未公开。 参考架构未公布 Grace CPU 单颗 TDP。"
"cmp.gb300.hbm3e:specs.totalPerRackTB","20","20","reviewed","retained","[""sys.gb300-nvl72""]","HBM3e 高带宽显存堆栈","TB","HBM3e 高带宽显存堆栈 / totalPerRackTB；适用范围见限定条件与来源位置","not specified / not applicable","not applicable / unspecified","not applicable / unspecified","","{""id"":""src.nvidia-gb300-page"",""url"":""https://www.nvidia.com/en-us/data-center/gb300-nvl72/"",""localFile"":null,""locator"":""产品页规格表 GPU Memory，「20 TB」""}","2026-09-12","2026-08","已按所列官方位置核验并采纳；限定条件随值展示。"
"cmp.gb300.hbm3e:specs.bandwidthPerRackTBs","576","576","reviewed","retained","[""sys.gb300-nvl72""]","HBM3e 高带宽显存堆栈","TB/s","HBM3e 高带宽显存堆栈 / bandwidthPerRackTBs；适用范围见限定条件与来源位置","not specified / not applicable","not applicable / unspecified","not applicable / unspecified","","{""id"":""src.nvidia-gb300-page"",""url"":""https://www.nvidia.com/en-us/data-center/gb300-nvl72/"",""localFile"":null,""locator"":""产品页规格表 GPU Memory | Bandwidth，「Up to 576 TB/s」""}","2026-09-12","2026-08","已按所列官方位置核验并采纳；限定条件随值展示。"
"cmp.gb300.hbm3e:specs.stacksPerGpu","null","8","reviewed","corrected","[""sys.gb300-nvl72""]","HBM3e 高带宽显存堆栈","堆栈","HBM3e 高带宽显存堆栈 / stacksPerGpu；适用范围见限定条件与来源位置","not specified / not applicable","not applicable / unspecified","not applicable / unspecified","每 GPU 8 个 12-Hi HBM3E 堆栈。","{""id"":""src.nvidia-blackwell-ultra-blog"",""url"":""https://developer.nvidia.com/blog/inside-nvidia-blackwell-ultra-the-chip-powering-the-ai-factory-era/"",""localFile"":null,""locator"":""Blackwell Ultra memory subsystem""}","2026-09-12","2026-09","已按所列官方位置核验并采纳；限定条件随值展示。"
"cmp.gb300.lpddr5x:specs.cpuMemoryTB","17","17","reviewed","retained","[""sys.gb300-nvl72""]","LPDDR5X CPU 内存","TB","LPDDR5X CPU 内存 / cpuMemoryTB；适用范围见限定条件与来源位置","not specified / not applicable","not applicable / unspecified","not applicable / unspecified","⚠️ 官方口径不闭合：参考架构 Table 1 写每托盘「1TB aggregated LPDDR5 CPU main memory」（RA 原文即写 LPDDR5，不带 X），1 TB × 18 托盘 = 18 TB，与产品页整机 17 TB 相差 1 TB，NVIDIA 未解释差异。本项目主值取产品页 17 TB，两处口径均留痕。","{""id"":""src.nvidia-gb300-page"",""url"":""https://www.nvidia.com/en-us/data-center/gb300-nvl72/"",""localFile"":null,""locator"":""产品页规格表 CPU Memory | Bandwidth，「17 TB LPDDR5X」""}","2026-09-12","2026-08","已按所列官方位置核验并采纳；限定条件随值展示。"
"cmp.gb300.lpddr5x:specs.memoryBandwidthTBs","14","14","reviewed","retained","[""sys.gb300-nvl72""]","LPDDR5X CPU 内存","TB/s","LPDDR5X CPU 内存 / memoryBandwidthTBs；适用范围见限定条件与来源位置","not specified / not applicable","not applicable / unspecified","not applicable / unspecified","整机 CPU 内存聚合带宽口径。","{""id"":""src.nvidia-gb300-page"",""url"":""https://www.nvidia.com/en-us/data-center/gb300-nvl72/"",""localFile"":null,""locator"":""产品页规格表 CPU Memory | Bandwidth，「17 TB LPDDR5X | 14 TB/s」""}","2026-09-12","2026-08","已按所列官方位置核验并采纳；限定条件随值展示。"
"cmp.gb300.lpddr5x:specs.modulesPerCpu","null","null","not-found","retained","[""sys.gb300-nvl72""]","LPDDR5X CPU 内存","颗","LPDDR5X CPU 内存 / modulesPerCpu；适用范围见限定条件与来源位置","not specified / not applicable","not applicable / unspecified","not applicable / unspecified","NVIDIA 未公布每颗 Grace 配套的 LPDDR 颗粒数量；3D 场景中围绕 CPU 摆放的颗数为视觉示意，不代表实际封装。","{""id"":""src.nvidia-gb300-page"",""url"":""https://www.nvidia.com/en-us/data-center/gb300-nvl72/"",""localFile"":null,""locator"":null}","2026-09-12","2026-08","截至 2026-09-12，所查官方资料仍未提供可采纳的适用值；不能据此断言从未公开。 NVIDIA 未公布每颗 Grace 配套的 LPDDR 颗粒数量；3D 场景中围绕 CPU 摆放的颗数为视觉示意，不代表实际封装。"
"cmp.gb300.compute-tray:specs.nodeArchitectureCode","2-4-5-800（dual plane）","2-4-5-800（dual plane）","reviewed","retained","[""sys.gb300-nvl72""]","GB300 NVL 计算托盘","null","GB300 NVL 计算托盘 / nodeArchitectureCode；适用范围见限定条件与来源位置","not specified / not applicable","not applicable / unspecified","not applicable / unspecified","★ 官方对「一个节点长什么样」的四位口诀：2 CPU / 4 GPU / 5 网卡 / 每 GPU 800 Gb/s。⚠️ 参考架构只给了这个代号本身，**没有**在同一句里逐位解释；四位的拆解依据是同文档的部件表（Table 1：2 Grace + 4 B300 + 2 夹层板 × 2 CX-8 + 1 BF-3）与 Compute (Node East/West) Ethernet Networking 节的「Each ConnectX-8 SuperNIC offers up to 800 Gb/s」，与 HGX RA 的「2-8-9-800 infrastructure configuration (2 CPUs, 8 GPUs, 9 NICs at 800 Gb/s bandwidth per GPU)」逐位对齐——HGX RA 那一处**是**官方逐位写明的，可作交叉印证。","{""id"":""src.nvidia-nvl72-ra"",""url"":""https://docs.nvidia.com/enterprise-reference-architectures/nvl72-ai-factory/latest/overview.html"",""localFile"":null,""locator"":""Overview 首句，「The NVIDIA Enterprise RA using 2-4-5-800 (dual plane) node architecture with NVIDIA GB300 NVL72 and NVIDIA Spectrum-X Networking offers a fully integrated, rack-scale solution optimized for the most demanding AI workloads.」""}","2026-09-12","2026-08","已按所列官方位置核验并采纳；限定条件随值展示。"
"cmp.gb300.compute-tray:specs.gpusPerTray","4","4","reviewed","retained","[""sys.gb300-nvl72""]","GB300 NVL 计算托盘","个","GB300 NVL 计算托盘 / gpusPerTray；适用范围见限定条件与来源位置","not specified / not applicable","not applicable / unspecified","not applicable / unspecified","","{""id"":""src.nvidia-nvl72-ra"",""url"":""https://docs.nvidia.com/enterprise-reference-architectures/nvl72-ai-factory/latest/components.html"",""localFile"":null,""locator"":""System Hardware & Components Table 1，「NVIDIA B300 GPU … | 4」""}","2026-09-12","2026-08","已按所列官方位置核验并采纳；限定条件随值展示。"
"cmp.gb300.compute-tray:specs.cpusPerTray","2","2","reviewed","retained","[""sys.gb300-nvl72""]","GB300 NVL 计算托盘","个","GB300 NVL 计算托盘 / cpusPerTray；适用范围见限定条件与来源位置","not specified / not applicable","not applicable / unspecified","not applicable / unspecified","","{""id"":""src.nvidia-nvl72-ra"",""url"":""https://docs.nvidia.com/enterprise-reference-architectures/nvl72-ai-factory/latest/components.html"",""localFile"":null,""locator"":""System Hardware & Components Table 1，「NVIDIA Grace Processor … | 2」""}","2026-09-12","2026-08","已按所列官方位置核验并采纳；限定条件随值展示。"
"cmp.gb300.compute-tray:specs.connectx8PerTray","4","4","reviewed","retained","[""sys.gb300-nvl72""]","GB300 NVL 计算托盘","个","GB300 NVL 计算托盘 / connectx8PerTray；适用范围见限定条件与来源位置","not specified / not applicable","not applicable / unspecified","not applicable / unspecified","","{""id"":""src.nvidia-nvl72-ra"",""url"":""https://docs.nvidia.com/enterprise-reference-architectures/nvl72-ai-factory/latest/components.html"",""localFile"":null,""locator"":""System Hardware & Components，「2 Mezzanine Network Boards with 2 ConnectX-8 silicon chips in each, for a total of 4 ConnectX-8 Host Channel Adapters (HCA)」""}","2026-09-12","2026-08","已按所列官方位置核验并采纳；限定条件随值展示。"
"cmp.gb300.compute-tray:specs.bluefield3PerTray","1","1","reviewed","retained","[""sys.gb300-nvl72""]","GB300 NVL 计算托盘","个","GB300 NVL 计算托盘 / bluefield3PerTray；适用范围见限定条件与来源位置","not specified / not applicable","not applicable / unspecified","not applicable / unspecified","","{""id"":""src.nvidia-nvl72-ra"",""url"":""https://docs.nvidia.com/enterprise-reference-architectures/nvl72-ai-factory/latest/components.html"",""localFile"":null,""locator"":""System Hardware & Components Table 1，「Dual-port QSFP112 NVIDIA BlueField-3 B3240 DPU | 1」""}","2026-09-12","2026-08","已按所列官方位置核验并采纳；限定条件随值展示。"
"cmp.gb300.compute-tray:specs.nvlinkScaleUp","托盘内每张 GPU 经铜背板与机架内全部 GPU 直连","托盘内每张 GPU 经铜背板与机架内全部 GPU 直连","reviewed","retained","[""sys.gb300-nvl72""]","GB300 NVL 计算托盘","null","GB300 NVL 计算托盘 / nvlinkScaleUp；适用范围见限定条件与来源位置","not specified / not applicable","not applicable / unspecified","not applicable / unspecified","","{""id"":""src.nvidia-nvl72-ra"",""url"":""https://docs.nvidia.com/enterprise-reference-architectures/nvl72-ai-factory/latest/components.html"",""localFile"":null,""locator"":""System Hardware & Components，「The compute tray is a fully integrated NVLink scale-out architecture, so that each GPU in the entire rack is directly connected to every other GPU via NVLink」""}","2026-09-12","2026-08","已按所列官方位置核验并采纳；限定条件随值展示。"
"cmp.gb300.compute-tray:specs.trayPowerW","null","null","not-found","retained","[""sys.gb300-nvl72""]","GB300 NVL 计算托盘","W","GB300 NVL 计算托盘 / trayPowerW；适用范围见限定条件与来源位置","not specified / not applicable","not applicable / unspecified","not applicable / unspecified","参考架构未公布单托盘功耗，仅给出整机架最高 142 kW。","{""id"":""src.nvidia-nvl72-ra"",""url"":""https://docs.nvidia.com/enterprise-reference-architectures/nvl72-ai-factory/latest/components.html"",""localFile"":null,""locator"":null}","2026-09-12","2026-08","截至 2026-09-12，所查官方资料仍未提供可采纳的适用值；不能据此断言从未公开。 参考架构未公布单托盘功耗，仅给出整机架最高 142 kW。"
"cmp.gb300.nvswitch-tray:specs.asicsPerTray","2","2","reviewed","retained","[""sys.gb300-nvl72""]","NVLink 第五代交换托盘","个","NVLink 第五代交换托盘 / asicsPerTray；适用范围见限定条件与来源位置","not specified / not applicable","not applicable / unspecified","not applicable / unspecified","","{""id"":""src.nvidia-nvl72-ra"",""url"":""https://docs.nvidia.com/enterprise-reference-architectures/nvl72-ai-factory/latest/components.html"",""localFile"":null,""locator"":""NVIDIA NVLink Switch Tray 节，「9 NVLink Fifth-Generation switch trays, with 2 NVSwitch ASICs per tray」""}","2026-09-12","2026-08","已按所列官方位置核验并采纳；限定条件随值展示。"
"cmp.gb300.nvswitch-tray:specs.traysPerRack","9","9","reviewed","retained","[""sys.gb300-nvl72""]","NVLink 第五代交换托盘","个","NVLink 第五代交换托盘 / traysPerRack；适用范围见限定条件与来源位置","not specified / not applicable","not applicable / unspecified","not applicable / unspecified","","{""id"":""src.nvidia-nvl72-ra"",""url"":""https://docs.nvidia.com/enterprise-reference-architectures/nvl72-ai-factory/latest/components.html"",""localFile"":null,""locator"":""System Hardware & Components，「9 NVSwitch trays for full non-blocking P2P connectivity of all 72 Blackwell Ultra GPUs」""}","2026-09-12","2026-08","已按所列官方位置核验并采纳；限定条件随值展示。"
"cmp.gb300.nvswitch-tray:specs.networkOs","NVOS","NVOS","reviewed","retained","[""sys.gb300-nvl72""]","NVLink 第五代交换托盘","null","NVLink 第五代交换托盘 / networkOs；适用范围见限定条件与来源位置","not specified / not applicable","not applicable / unspecified","not applicable / unspecified","","{""id"":""src.nvidia-nvl72-ra"",""url"":""https://docs.nvidia.com/enterprise-reference-architectures/nvl72-ai-factory/latest/components.html"",""localFile"":null,""locator"":""NVIDIA NVLink Switch Tray 节，「The NVLink Switch is a managed switch running the NVOS networking operating system」""}","2026-09-12","2026-08","已按所列官方位置核验并采纳；限定条件随值展示。"
"cmp.gb300.nvswitch-asic:specs.aggregateBandwidthPerRackTBs","130","130","reviewed","retained","[""sys.gb300-nvl72""]","NVSwitch ASIC（第五代）","TB/s","NVSwitch ASIC（第五代） / aggregateBandwidthPerRackTBs；适用范围见限定条件与来源位置","not specified / not applicable","not applicable / unspecified","not applicable / unspecified","","{""id"":""src.nvidia-nvl72-ra"",""url"":""https://docs.nvidia.com/enterprise-reference-architectures/nvl72-ai-factory/latest/components.html"",""localFile"":null,""locator"":""System Hardware & Components，「9 NVSwitch trays … with a total aggregated bandwidth of 130 TB/s」""}","2026-09-12","2026-08","已按所列官方位置核验并采纳；限定条件随值展示。"
"cmp.gb300.nvswitch-asic:specs.linksFromEachGpu","1","1","reviewed","retained","[""sys.gb300-nvl72""]","NVSwitch ASIC（第五代）","条","NVSwitch ASIC（第五代） / linksFromEachGpu；适用范围见限定条件与来源位置","not specified / not applicable","not applicable / unspecified","not applicable / unspecified","每张 GPU 对每颗 NVSwitch 各出一条链路。","{""id"":""src.nvidia-nvl72-ra"",""url"":""https://docs.nvidia.com/enterprise-reference-architectures/nvl72-ai-factory/latest/components.html"",""localFile"":null,""locator"":""NVIDIA NVLink Switch Tray 节，「Each GPU has 18 NVLink Fifth-Generation links, one per in-rack NVSwitch」""}","2026-09-12","2026-08","已按所列官方位置核验并采纳；限定条件随值展示。"
"cmp.gb300.nvswitch-asic:specs.portCount","null","null","not-found","retained","[""sys.gb300-nvl72""]","NVSwitch ASIC（第五代）","端口","NVSwitch ASIC（第五代） / portCount；适用范围见限定条件与来源位置","not specified / not applicable","not applicable / unspecified","not applicable / unspecified","参考架构未公布 NVSwitch ASIC 的端口数与单芯片吞吐。","{""id"":""src.nvidia-nvl72-ra"",""url"":""https://docs.nvidia.com/enterprise-reference-architectures/nvl72-ai-factory/latest/components.html"",""localFile"":null,""locator"":null}","2026-09-12","2026-08","截至 2026-09-12，所查官方资料仍未提供可采纳的适用值；不能据此断言从未公开。 参考架构未公布 NVSwitch ASIC 的端口数与单芯片吞吐。"
"cmp.gb300.nvlink-backplane:specs.medium","铜背板（copper backplane）","铜背板（copper backplane）","reviewed","retained","[""sys.gb300-nvl72""]","NVLink 铜背板","null","NVLink 铜背板 / medium；适用范围见限定条件与来源位置","not specified / not applicable","not applicable / unspecified","not applicable / unspecified","","{""id"":""src.nvidia-nvl72-ra"",""url"":""https://docs.nvidia.com/enterprise-reference-architectures/nvl72-ai-factory/latest/components.html"",""localFile"":null,""locator"":""NVIDIA NVLink Switch Tray 节，「one per in-rack NVSwitch via the copper backplane」""}","2026-09-12","2026-08","已按所列官方位置核验并采纳；限定条件随值展示。"
"cmp.gb300.nvlink-backplane:specs.cableCount","null","null","not-found","retained","[""sys.gb300-nvl72""]","NVLink 铜背板","根","NVLink 铜背板 / cableCount；适用范围见限定条件与来源位置","not specified / not applicable","not applicable / unspecified","not applicable / unspecified","参考架构未公布背板内铜缆总数与总长度。","{""id"":""src.nvidia-nvl72-ra"",""url"":""https://docs.nvidia.com/enterprise-reference-architectures/nvl72-ai-factory/latest/components.html"",""localFile"":null,""locator"":null}","2026-09-12","2026-08","截至 2026-09-12，所查官方资料仍未提供可采纳的适用值；不能据此断言从未公开。 参考架构未公布背板内铜缆总数与总长度。"
"cmp.gb300.sn5610:specs.ports","64","64","reviewed","retained","[""sys.gb300-nvl72""]","NVIDIA Spectrum-X SN5610 以太网交换机","OSFP 物理接口","NVIDIA Spectrum-X SN5610 以太网交换机 / ports；适用范围见限定条件与来源位置","not specified / not applicable","not applicable / unspecified","not applicable / unspecified","800G 物理连接器；breakout 后可为 128×400G 逻辑端口。","{""id"":""src.nvidia-sn5000-manual"",""url"":""https://networking-docs.nvidia.com/sn5000hw/introduction"",""localFile"":null,""locator"":""Introduction / SN5600 and SN5610""}","2026-09-12","2026-09","已按所列官方位置核验并采纳；限定条件随值展示。"
"cmp.gb300.sn5610:specs.portSpeedGbs","800","800","reviewed","retained","[""sys.gb300-nvl72""]","NVIDIA Spectrum-X SN5610 以太网交换机","Gb/s","NVIDIA Spectrum-X SN5610 以太网交换机 / portSpeedGbs；适用范围见限定条件与来源位置","not specified / not applicable","not applicable / unspecified","not applicable / unspecified","","{""id"":""src.nvidia-sn5000-manual"",""url"":""https://networking-docs.nvidia.com/sn5000hw/introduction"",""localFile"":null,""locator"":""Introduction / 64-port 800GbE""}","2026-09-12","2026-09","已按所列官方位置核验并采纳；限定条件随值展示。"
"cmp.gb300.sn5610:specs.sfp28Ports","2","2","reviewed","retained","[""sys.gb300-nvl72""]","NVIDIA Spectrum-X SN5610 以太网交换机","端口","NVIDIA Spectrum-X SN5610 以太网交换机 / sfp28Ports；适用范围见限定条件与来源位置","not specified / not applicable","not applicable / unspecified","not applicable / unspecified","","{""id"":""src.nvidia-nvl72-ra"",""url"":""https://docs.nvidia.com/enterprise-reference-architectures/nvl72-ai-factory/latest/networking-hardware.html"",""localFile"":null,""locator"":""Networking Hardware，「The NVIDIA SN5610 adds two SFP28 ports and makes switch testing easier since the ports are in pairs.」""}","2026-09-12","2026-08","已按所列官方位置核验并采纳；限定条件随值展示。"
"cmp.gb300.sn5610:specs.roles","Compute (East/West)、Customer 与 Storage (North/South)、带内管理与存储","Compute (East/West)、Customer 与 Storage (North/South)、带内管理与存储","reviewed","retained","[""sys.gb300-nvl72""]","NVIDIA Spectrum-X SN5610 以太网交换机","null","NVIDIA Spectrum-X SN5610 以太网交换机 / roles；适用范围见限定条件与来源位置","not specified / not applicable","not applicable / unspecified","not applicable / unspecified","","{""id"":""src.nvidia-nvl72-ra"",""url"":""https://docs.nvidia.com/enterprise-reference-architectures/nvl72-ai-factory/latest/networking-hardware.html"",""localFile"":null,""locator"":""Networking Hardware，「to provide connectivity for Compute (East/West), Customer and Storage (North/South), in-band management, and storage in the Enterprise RA」""}","2026-09-12","2026-08","已按所列官方位置核验并采纳；限定条件随值展示。"
"cmp.gb300.sn5610:specs.modelNameConflict","官方两种写法并存：SN5610（64 × 800 Gbps）/ SN5600（128 端口 400 Gb/s）","官方两种写法并存：SN5610（64 × 800 Gbps）/ SN5600（128 端口 400 Gb/s）","reviewed","retained","[""sys.gb300-nvl72""]","NVIDIA Spectrum-X SN5610 以太网交换机","null","NVIDIA Spectrum-X SN5610 以太网交换机 / modelNameConflict；适用范围见限定条件与来源位置","not specified / not applicable","not applicable / unspecified","not applicable / unspecified","★★ 这是参考架构自身的内部矛盾，本项目**两说并存、不做「修正」**（与 HGX RA 的同类处理一致）。本项目取 **SN5610** 作组件主值，理由有二：① Networking Hardware 是这份文档专门定义网络硬件的一章，SN5610 出现在那里并带完整端口规格；② Network Logical Architecture 自己的设计点正文三次描述为「64-port switch design」/「non-blocking using 64-port switches」，与 SN5610 的端口数一致、与 Table 5 的「128-port」不一致。⚠️ 但要如实告诉读者：**按出现次数 SN5600 更多**（Table 5 两行 + Appendix Table 11 两行），所以对外只说端口档位、不说死型号。","{""id"":""src.nvidia-nvl72-ra"",""url"":""https://docs.nvidia.com/enterprise-reference-architectures/nvl72-ai-factory/latest/appendix-node-configurations.html"",""localFile"":null,""locator"":""Networking Hardware，「The NVIDIA SN5610 switch both offer 64 total ports of 800 Gbps」；Network Logical Architecture Table 5，「Compute (East/West) Spine-Leaf Fabric | NVIDIA SN5600 128-port 400 Gb/s switches」（Appendix B Table 11 同样写「SN5600 Ethernet switch, compute core fabric」）""}","2026-09-12","2026-08","已按所列官方位置核验并采纳；限定条件随值展示。"
"cmp.gb300.sn5610:specs.switchesPerRack","每机架 2 台（CPU 与存储）+ 最多 12 台（双平面 GPU 网）","每机架 2 台（CPU 与存储）+ 最多 12 台（双平面 GPU 网）","scope-conflict","retained","[""sys.gb300-nvl72""]","NVIDIA Spectrum-X SN5610 以太网交换机","null","NVIDIA Spectrum-X SN5610 以太网交换机 / switchesPerRack；适用范围见限定条件与来源位置","not specified / not applicable","not applicable / unspecified","not applicable / unspecified","★ 参考架构**是**给了每机架台数的（此前本项目误记为「未公布」）。注意官方在这句里用的型号写法是 SN5600，见 modelNameConflict。「up to 12」是上限措辞，实际台数随 SU 规模与端口填充率变化——按 SU 的口径见 switchCountBySu。","{""id"":""src.nvidia-nvl72-ra"",""url"":""https://docs.nvidia.com/enterprise-reference-architectures/nvl72-ai-factory/latest/network-logical-architecture.html"",""localFile"":null,""locator"":""Network Logical Architecture 节 2 Racks, 36 Trays with 144 Blackwell Ultra GPUs，「Each rack requires 2x SN5600 switches for CPU and storage connectivity and up to 12x SN5600 switches for the dual-plane GPU network」""}","2026-09-12","2026-08","原始资料存在配置、数量或范围差异；保留出处供对照，不作为已确认的统一配置。 ★ 参考架构**是**给了每机架台数的（此前本项目误记为「未公布」）。注意官方在这句里用的型号写法是 SN5600，见 modelNameConflict。「up to 12」是上限措辞，实际台数随 SU 规模与端口填充率变化——按 SU 的口径见 switchCountBySu。"
"cmp.gb300.sn5610:specs.switchCountBySu","计算网（双平面合计）2 SU：8 leaf + 4 spine；4 SU：16 + 8；8 SU：32 + 12。汇聚网 2 SU：2 leaf（无 spine）；4 SU：4 + 2；8 SU：7 + 4","计算网（双平面合计）2 SU：8 leaf + 4 spine；4 SU：16 + 8；8 SU：32 + 12。汇聚网 2 SU：2 leaf（无 spine）；4 SU：4 + 2；8 SU：7 + 4","reviewed","retained","[""sys.gb300-nvl72""]","NVIDIA Spectrum-X SN5610 以太网交换机","null","NVIDIA Spectrum-X SN5610 以太网交换机 / switchCountBySu；适用范围见限定条件与来源位置","not specified / not applicable","not applicable / unspecified","not applicable / unspecified","★ Table 6/7 的「Nodes」是**托盘数**（36 / 72 / 144），对应 2 / 4 / 8 个 SU（机架），即 144 / 288 / 576 张 GPU。⚠️ Appendix B Table 11 是另一套按 1~8 SU 逐列的口径：compute core fabric 12/12/24/24/32/32/44/44、converged core fabric 2/2/5/6/9/10/11/11——与 Table 6/7 **不是同一个切分**（Table 11 含核心层，且逐 SU 给值），两表并存，本项目两处都登记不互推。","{""id"":""src.nvidia-nvl72-ra"",""url"":""https://docs.nvidia.com/enterprise-reference-architectures/nvl72-ai-factory/latest/network-logical-architecture.html"",""localFile"":null,""locator"":""Network Logical Architecture 节 Table 6（Nodes 36/72/144 行「Leaf | 8 / 16 / 32」「Spine | 4 / 8 / 12」）与 Table 7（Nodes 36/72/144 行「Leaf | 2 / 4 / 7」「Spine | N/A / 2 / 4」）""}","2026-09-12","2026-08","已按所列官方位置核验并采纳；限定条件随值展示。"
"cmp.gb300.mezzanine-board:specs.boardsPerTray","2","2","reviewed","retained","[""sys.gb300-nvl72""]","ConnectX-8 夹层网卡板（Mezzanine Board）","个","ConnectX-8 夹层网卡板（Mezzanine Board） / boardsPerTray；适用范围见限定条件与来源位置","not specified / not applicable","not applicable / unspecified","not applicable / unspecified","","{""id"":""src.nvidia-nvl72-ra"",""url"":""https://docs.nvidia.com/enterprise-reference-architectures/nvl72-ai-factory/latest/components.html"",""localFile"":null,""locator"":""System Hardware & Components Table 1，「NVIDIA ConnectX-8 Mezzanine Boards, with 2 ConnectX-8 network adapters each | 2」""}","2026-09-12","2026-08","已按所列官方位置核验并采纳；限定条件随值展示。"
"cmp.gb300.mezzanine-board:specs.nicsPerBoard","2","2","reviewed","retained","[""sys.gb300-nvl72""]","ConnectX-8 夹层网卡板（Mezzanine Board）","个","ConnectX-8 夹层网卡板（Mezzanine Board） / nicsPerBoard；适用范围见限定条件与来源位置","not specified / not applicable","not applicable / unspecified","not applicable / unspecified","","{""id"":""src.nvidia-nvl72-ra"",""url"":""https://docs.nvidia.com/enterprise-reference-architectures/nvl72-ai-factory/latest/components.html"",""localFile"":null,""locator"":""System Hardware & Components Table 1，「with 2 ConnectX-8 network adapters each」""}","2026-09-12","2026-08","已按所列官方位置核验并采纳；限定条件随值展示。"
"cmp.gb300.mezzanine-board:specs.cpuPairing","每颗 Grace CPU 配一块夹层板","每颗 Grace CPU 配一块夹层板","reviewed","retained","[""sys.gb300-nvl72""]","ConnectX-8 夹层网卡板（Mezzanine Board）","null","ConnectX-8 夹层网卡板（Mezzanine Board） / cpuPairing；适用范围见限定条件与来源位置","not specified / not applicable","not applicable / unspecified","not applicable / unspecified","","{""id"":""src.nvidia-nvl72-ra"",""url"":""https://docs.nvidia.com/enterprise-reference-architectures/nvl72-ai-factory/latest/components.html"",""localFile"":null,""locator"":""System Hardware & Components，「each CPU is paired with a NVIDIA ConnectX-8 Mezzanine Board」""}","2026-09-12","2026-08","已按所列官方位置核验并采纳；限定条件随值展示。"
"cmp.gb300.connectx-8:specs.bandwidthGbs","800","800","reviewed","retained","[""sys.gb300-nvl72""]","NVIDIA ConnectX-8 SuperNIC","Gb/s","NVIDIA ConnectX-8 SuperNIC / bandwidthGbs；适用范围见限定条件与来源位置","not specified / not applicable","not applicable / unspecified","not applicable / unspecified","","{""id"":""src.nvidia-nvl72-ra"",""url"":""https://docs.nvidia.com/enterprise-reference-architectures/nvl72-ai-factory/latest/components.html"",""localFile"":null,""locator"":""Compute (Node East/West) Ethernet Networking，「Each ConnectX-8 SuperNIC offers up to 800 Gb/s」""}","2026-09-12","2026-08","已按所列官方位置核验并采纳；限定条件随值展示。"
"cmp.gb300.connectx-8:specs.gpuToNicRatio","1:1","1:1","reviewed","retained","[""sys.gb300-nvl72""]","NVIDIA ConnectX-8 SuperNIC","null","NVIDIA ConnectX-8 SuperNIC / gpuToNicRatio；适用范围见限定条件与来源位置","not specified / not applicable","not applicable / unspecified","not applicable / unspecified","","{""id"":""src.nvidia-nvl72-ra"",""url"":""https://docs.nvidia.com/enterprise-reference-architectures/nvl72-ai-factory/latest/components.html"",""localFile"":null,""locator"":""Compute (Node East/West) Ethernet Networking，「maintaining a 1:1 GPU-to-NIC ratio」""}","2026-09-12","2026-08","已按所列官方位置核验并采纳；限定条件随值展示。"
"cmp.gb300.connectx-8:specs.nicsPerTray","4","4","reviewed","retained","[""sys.gb300-nvl72""]","NVIDIA ConnectX-8 SuperNIC","个","NVIDIA ConnectX-8 SuperNIC / nicsPerTray；适用范围见限定条件与来源位置","not specified / not applicable","not applicable / unspecified","not applicable / unspecified","","{""id"":""src.nvidia-nvl72-ra"",""url"":""https://docs.nvidia.com/enterprise-reference-architectures/nvl72-ai-factory/latest/components.html"",""localFile"":null,""locator"":""Compute (Node East/West) Ethernet Networking，「Each tray within the GB300 NVL72 rack has four dual-port ConnectX-8 SuperNICs」""}","2026-09-12","2026-08","已按所列官方位置核验并采纳；限定条件随值展示。"
"cmp.gb300.connectx-8:specs.dualPlaneSplit","800 Gb/s 拆成 2×400 Gb/s，两个接口分别连到不同 leaf 交换机","800 Gb/s 拆成 2×400 Gb/s，两个接口分别连到不同 leaf 交换机","reviewed","retained","[""sys.gb300-nvl72""]","NVIDIA ConnectX-8 SuperNIC","null","NVIDIA ConnectX-8 SuperNIC / dualPlaneSplit；适用范围见限定条件与来源位置","not specified / not applicable","not applicable / unspecified","not applicable / unspecified","⚠️ locator 是原文**两句相邻的完整句**，用「＋」分隔——不要把它们合并改写成一句。","{""id"":""src.nvidia-nvl72-ra"",""url"":""https://docs.nvidia.com/enterprise-reference-architectures/nvl72-ai-factory/latest/networking-physical-topologies.html"",""localFile"":null,""locator"":""Networking Physical Topologies 节 Dual Plane Topology，「With each GPU generating 800 Gb/s bandwidth through the ConnectX-8 SuperNICs, dual plane topology involves breaking the interface to 2x400 Gb/s interfaces.」＋「Every such interface is then connected to a different leaf switch, and every such leaf switch is part of an independent fabric that scales to 1024 interfaces of 400 Gb/s as part of this reference architecture.」""}","2026-09-12","2026-08","已按所列官方位置核验并采纳；限定条件随值展示。"
"cmp.gb300.connectx-8:specs.trayAggregateBandwidthGbs","3200","3200","reviewed","retained","[""sys.gb300-nvl72""]","NVIDIA ConnectX-8 SuperNIC","Gb/s","NVIDIA ConnectX-8 SuperNIC / trayAggregateBandwidthGbs；适用范围见限定条件与来源位置","not specified / not applicable","not applicable / unspecified","not applicable / unspecified","★★ 这才是 **GB300 计算托盘**的官方计算网聚合带宽：3200 Gb/s = 400 GB/s （4 张 GPU × 800 Gb/s，或 8 个 400 Gb/s breakout 接口）。⚠️ 别把它和下面 recommendedComputeBandwidthGBs 的 800 GB/s 搞混——那一行是 **8 GPU 节点**的口径。⚠️ 同一句里的「4 x single-port」与 Compute (Node East/West) Ethernet Networking 节的「Each tray within the GB300 NVL72 rack has four dual-port ConnectX-8 SuperNICs」及 Table 5 的「Four NVIDIA ConnectX-8 SuperNICs dual-port 800 Gb/s. The adapters operate at 2x400 Gb/s per port」措辞不同（单口 vs 双口 2×400 breakout），但 4 × 800 Gb/s = 3200 Gb/s 这个总量三处一致——差别只在「一张卡算 1 个 800G 口还是 2 个 400G 口」。","{""id"":""src.nvidia-nvl72-ra"",""url"":""https://docs.nvidia.com/enterprise-reference-architectures/nvl72-ai-factory/latest/network-logical-architecture.html"",""localFile"":null,""locator"":""Network Logical Architecture 节 Enterprise RA Scalable Unit (SU)，「For the Compute (East/West) fabric: 18 trays, each with 4 x single-port NVIDIA ConnectX-8 NICs and a total aggregate bandwidth of 3200 Gb/s」""}","2026-09-12","2026-08","已按所列官方位置核验并采纳；限定条件随值展示。"
"cmp.gb300.connectx-8:specs.minComputeBandwidthGBs","400","400","scope-conflict","retained","[""sys.gb300-nvl72""]","NVIDIA ConnectX-8 SuperNIC","GB/s","NVIDIA ConnectX-8 SuperNIC / minComputeBandwidthGBs；适用范围见限定条件与来源位置","not specified / not applicable","not applicable / unspecified","not applicable / unspecified","GB300 计算托盘（4 GPU × 2×400 Gb/s breakout = 8 个 400 Gb/s 接口 = 3200 Gb/s）恰好落在这一档。","{""id"":""src.nvidia-nvl72-ra"",""url"":""https://docs.nvidia.com/enterprise-reference-architectures/nvl72-ai-factory/latest/components.html"",""localFile"":null,""locator"":""Compute (Node East/West) Ethernet Networking，「Total Minimum Compute Network Bandwidth」＋「400 GB/s (8x 400 Gb/s Ethernet NICs)」""}","2026-09-12","2026-08","原始资料存在配置、数量或范围差异；保留出处供对照，不作为已确认的统一配置。 GB300 计算托盘（4 GPU × 2×400 Gb/s breakout = 8 个 400 Gb/s 接口 = 3200 Gb/s）恰好落在这一档。"
"cmp.gb300.connectx-8:specs.recommendedComputeBandwidthGBs","800","800","scope-conflict","retained","[""sys.gb300-nvl72""]","NVIDIA ConnectX-8 SuperNIC","GB/s","NVIDIA ConnectX-8 SuperNIC / recommendedComputeBandwidthGBs；适用范围见限定条件与来源位置","not specified / not applicable","not applicable / unspecified","not applicable / unspecified","⚠️★ **这不是 GB300 计算托盘的值**（此前本项目误记为「每节点（托盘）的推荐计算网总带宽」）。两条理由：① 这张表的引导句写的是「Multi-node deployments with an NVIDIA B300 platform should adhere to the following total compute network bandwidth **per GPU** recommendations:」——官方标题说的是 per GPU；② 16 × 400 Gb/s = 6400 Gb/s = 800 GB/s 对应的是 **8 GPU 节点**（正是 HGX B300 的 2-8-9-800 口径），而 GB300 的计算托盘只有 4 张 GPU、官方给的聚合值是 3200 Gb/s = 400 GB/s（见 trayAggregateBandwidthGbs）。★ 也就是说这一段官方原文**自身口径不闭合**：标题写 per GPU，数值给的却是节点合计。按 per GPU 读，正确的说法是「每 GPU 推荐 800 Gb/s」（与「Each ConnectX-8 SuperNIC offers up to 800 Gb/s」+ 1:1 GPU:NIC 一致）；按节点合计读，800 GB/s 只适用于 8 卡节点。本项目原样登记官方那一行、不改数字，但引用时必须带上这条口径说明。","{""id"":""src.nvidia-nvl72-ra"",""url"":""https://docs.nvidia.com/enterprise-reference-architectures/nvl72-ai-factory/latest/components.html"",""localFile"":null,""locator"":""Compute (Node East/West) Ethernet Networking，「Total Recommended Compute Network Bandwidth」＋「800 GB/s (16x 400 Gb/s Ethernet NICs using breakout)」""}","2026-09-12","2026-08","原始资料存在配置、数量或范围差异；保留出处供对照，不作为已确认的统一配置。 ⚠️★ **这不是 GB300 计算托盘的值**（此前本项目误记为「每节点（托盘）的推荐计算网总带宽」）。两条理由：① 这张表的引导句写的是「Multi-node deployments with an NVIDIA B300 platform should adhere to the following total compute network bandwidth **per GPU** recommendations:」——官方标题说的是 per GPU；② 16 × 400 Gb/s = 6400 Gb/s = 800 GB/s 对应的是 **8 GPU 节点**（正是 HGX B300 的 2-8-9-800 口径），而 GB300 的计算托盘只有 4 张 GPU、官方给的聚合值是 3200 Gb/s = 400 GB/s（见 trayAggregateBandwidthGbs）。★ 也就是说这一段官方原文**自身口径不闭合**：标题写 per GPU，数值给的却是节点合计。按 per GPU 读，正确的说法是「每 GPU 推荐 800 Gb/s」（与「Each ConnectX-8 SuperNIC offers up to 800 Gb/s」+ 1:1 GPU:NIC 一致）；按节点合计读，800 GB/s 只适用于 8 卡节点。本项目原样登记官方那一行、不改数字，但引用时必须带上这条口径说明。"
"cmp.gb300.bluefield-3:specs.aggregateBandwidthGbs","480","480","reviewed","retained","[""sys.gb300-nvl72"",""sys.hgx-b300""]","NVIDIA BlueField-3 B3240 DPU","Gb/s","NVIDIA BlueField-3 B3240 DPU / aggregateBandwidthGbs；适用范围见限定条件与来源位置","not specified / not applicable","not applicable / unspecified","not applicable / unspecified","⚠️ 官方对「这张卡到底多少带宽」有**三个并存的写法**，讲的时候别让客户自己去相加：① 本条 480 Gb/s——卡的实际聚合能力上限，措辞是「approximately」（Networking Hardware 节说得更明白：「Even though the B3240 DPU supports 400Gb/s per port, the card only supports an aggregate bandwidth across both its ports of approximately 480Gb/s.」）；② 端口标称 2 × 400 Gb/s——Network Logical Architecture 的 SU 一节据此写「18 trays, each with 1x B3240 DPU providing 2x 400Gb/s connections and a total aggregate bandwidth of 800 Gb/s」，这里的 800 Gb/s 是**端口标称相加**，不是卡的实际吞吐；③ Appendix B Table 10 写「1x Dual-port QSFP112 NVIDIA BlueField-3 DPU operating at 400 GB/s」（单位 GB/s 疑为 Gb/s 笔误）。★ 售前口径：**按 480 Gb/s 算容量、按双 400 Gb/s 讲连线**，不要说「每托盘 800 Gb/s 南北向带宽」。","{""id"":""src.nvidia-nvl72-ra"",""url"":""https://docs.nvidia.com/enterprise-reference-architectures/nvl72-ai-factory/latest/components.html"",""localFile"":null,""locator"":""Converged (Node North/South) Ethernet Networking，「can handle an aggregate bandwidth of approximately 480 Gb/s」""}","2026-09-12","2026-08","已按所列官方位置核验并采纳；限定条件随值展示。"
"cmp.gb300.bluefield-3:specs.portType","Dual-port QSFP112","Dual-port QSFP112","reviewed","retained","[""sys.gb300-nvl72"",""sys.hgx-b300""]","NVIDIA BlueField-3 B3240 DPU","null","NVIDIA BlueField-3 B3240 DPU / portType；适用范围见限定条件与来源位置","not specified / not applicable","not applicable / unspecified","not applicable / unspecified","","{""id"":""src.nvidia-nvl72-ra"",""url"":""https://docs.nvidia.com/enterprise-reference-architectures/nvl72-ai-factory/latest/components.html"",""localFile"":null,""locator"":""System Hardware & Components Table 1，「Dual-port QSFP112 NVIDIA BlueField-3 B3240 DPU」""}","2026-09-12","2026-08","已按所列官方位置核验并采纳；限定条件随值展示。"
"cmp.gb300.bluefield-3:specs.operatingMode","Embedded Function (ECPF) / DPU 模式","Embedded Function (ECPF) / DPU 模式","reviewed","retained","[""sys.gb300-nvl72"",""sys.hgx-b300""]","NVIDIA BlueField-3 B3240 DPU","null","NVIDIA BlueField-3 B3240 DPU / operatingMode；适用范围见限定条件与来源位置","not specified / not applicable","not applicable / unspecified","not applicable / unspecified","","{""id"":""src.nvidia-nvl72-ra"",""url"":""https://docs.nvidia.com/enterprise-reference-architectures/nvl72-ai-factory/latest/components.html"",""localFile"":null,""locator"":""Converged (Node North/South) Ethernet Networking，「the Embedded Function (ECPF) or DPU mode used in this Enterprise RA」""}","2026-09-12","2026-08","已按所列官方位置核验并采纳；限定条件随值展示。"
"cmp.gb300.bluefield-3:specs.oobPortGbs","1","1","reviewed","retained","[""sys.gb300-nvl72"",""sys.hgx-b300""]","NVIDIA BlueField-3 B3240 DPU","Gb/s","NVIDIA BlueField-3 B3240 DPU / oobPortGbs；适用范围见限定条件与来源位置","not specified / not applicable","not applicable / unspecified","not applicable / unspecified","BlueField 板载 BMC 的带外管理口。","{""id"":""src.nvidia-nvl72-ra"",""url"":""https://docs.nvidia.com/enterprise-reference-architectures/nvl72-ai-factory/latest/components.html"",""localFile"":null,""locator"":""Converged (Node North/South) Ethernet Networking，「a 1Gb/s out-of-band management port」""}","2026-09-12","2026-08","已按所列官方位置核验并采纳；限定条件随值展示。"
"cmp.gb300.m2-nvme:specs.capacityTB","2","2","reviewed","retained","[""sys.gb300-nvl72""]","M.2 NVMe 系统盘","TB","M.2 NVMe 系统盘 / capacityTB；适用范围见限定条件与来源位置","not specified / not applicable","not applicable / unspecified","not applicable / unspecified","","{""id"":""src.nvidia-nvl72-ra"",""url"":""https://docs.nvidia.com/enterprise-reference-architectures/nvl72-ai-factory/latest/appendix-node-configurations.html"",""localFile"":null,""locator"":""Appendix B Table 10，「1 x 2 TB Gen4 M.2 for OS SSD」""}","2026-09-12","2026-08","已按所列官方位置核验并采纳；限定条件随值展示。"
"cmp.gb300.m2-nvme:specs.countPerTray","1","1","reviewed","retained","[""sys.gb300-nvl72""]","M.2 NVMe 系统盘","个","M.2 NVMe 系统盘 / countPerTray；适用范围见限定条件与来源位置","not specified / not applicable","not applicable / unspecified","not applicable / unspecified","","{""id"":""src.nvidia-nvl72-ra"",""url"":""https://docs.nvidia.com/enterprise-reference-architectures/nvl72-ai-factory/latest/components.html"",""localFile"":null,""locator"":""System Hardware & Components，「Each tray also includes 1 M.2 NVMe device for Operating System (OS) storage」""}","2026-09-12","2026-08","已按所列官方位置核验并采纳；限定条件随值展示。"
"cmp.gb300.m2-nvme:specs.interface","PCIe Gen4 M.2","PCIe Gen4 M.2","reviewed","retained","[""sys.gb300-nvl72""]","M.2 NVMe 系统盘","null","M.2 NVMe 系统盘 / interface；适用范围见限定条件与来源位置","not specified / not applicable","not applicable / unspecified","not applicable / unspecified","","{""id"":""src.nvidia-nvl72-ra"",""url"":""https://docs.nvidia.com/enterprise-reference-architectures/nvl72-ai-factory/latest/appendix-node-configurations.html"",""localFile"":null,""locator"":""Appendix B Table 10，「1 x 2 TB Gen4 M.2 for OS SSD」""}","2026-09-12","2026-08","已按所列官方位置核验并采纳；限定条件随值展示。"
"cmp.gb300.e1s-nvme:specs.countPerTray","4","4","reviewed","retained","[""sys.gb300-nvl72""]","E1.S NVMe 本地缓存盘","个","E1.S NVMe 本地缓存盘 / countPerTray；适用范围见限定条件与来源位置","not specified / not applicable","not applicable / unspecified","not applicable / unspecified","⚠️ 官方文档内部冲突：Appendix B Table 10 写作「8 x 4 TB E1.S for Data Cache SSD」。本项目取正文的 4，两处均已记录以便回查。","{""id"":""src.nvidia-nvl72-ra"",""url"":""https://docs.nvidia.com/enterprise-reference-architectures/nvl72-ai-factory/latest/components.html"",""localFile"":null,""locator"":""System Hardware & Components，「Each tray also includes … 4 E1.S NVMe storage devices typically used as a fast, local cache」""}","2026-09-12","2026-08","已按所列官方位置核验并采纳；限定条件随值展示。"
"cmp.gb300.e1s-nvme:specs.capacityPerDriveTB","4","4","reviewed","retained","[""sys.gb300-nvl72""]","E1.S NVMe 本地缓存盘","TB","E1.S NVMe 本地缓存盘 / capacityPerDriveTB；适用范围见限定条件与来源位置","not specified / not applicable","not applicable / unspecified","not applicable / unspecified","容量取自 Table 10；同表的数量（8）与正文（4）冲突，见 countPerTray 的备注。","{""id"":""src.nvidia-nvl72-ra"",""url"":""https://docs.nvidia.com/enterprise-reference-architectures/nvl72-ai-factory/latest/appendix-node-configurations.html"",""localFile"":null,""locator"":""Appendix B Table 10，「8 x 4 TB E1.S for Data Cache SSD」""}","2026-09-12","2026-08","已按所列官方位置核验并采纳；限定条件随值展示。"
"cmp.gb300.power-shelf:specs.shelvesPerRack","8","8","reviewed","retained","[""sys.gb300-nvl72""]","电源架（Power Shelf）","个","电源架（Power Shelf） / shelvesPerRack；适用范围见限定条件与来源位置","not specified / not applicable","not applicable / unspecified","not applicable / unspecified","","{""id"":""src.nvidia-nvl72-ra"",""url"":""https://docs.nvidia.com/enterprise-reference-architectures/nvl72-ai-factory/latest/components.html"",""localFile"":null,""locator"":""System Hardware & Components，「8 power shelves of 33 kW, with each shelf having six 5.5 kW PSUs」""}","2026-09-12","2026-08","已按所列官方位置核验并采纳；限定条件随值展示。"
"cmp.gb300.power-shelf:specs.shelfPowerKW","33","33","reviewed","retained","[""sys.gb300-nvl72""]","电源架（Power Shelf）","kW","电源架（Power Shelf） / shelfPowerKW；适用范围见限定条件与来源位置","not specified / not applicable","not applicable / unspecified","not applicable / unspecified","","{""id"":""src.nvidia-nvl72-ra"",""url"":""https://docs.nvidia.com/enterprise-reference-architectures/nvl72-ai-factory/latest/components.html"",""localFile"":null,""locator"":""System Hardware & Components，「8 power shelves of 33 kW」""}","2026-09-12","2026-08","已按所列官方位置核验并采纳；限定条件随值展示。"
"cmp.gb300.power-shelf:specs.psusPerShelf","6","6","reviewed","retained","[""sys.gb300-nvl72""]","电源架（Power Shelf）","个","电源架（Power Shelf） / psusPerShelf；适用范围见限定条件与来源位置","not specified / not applicable","not applicable / unspecified","not applicable / unspecified","","{""id"":""src.nvidia-nvl72-ra"",""url"":""https://docs.nvidia.com/enterprise-reference-architectures/nvl72-ai-factory/latest/components.html"",""localFile"":null,""locator"":""System Hardware & Components，「each shelf having six 5.5 kW PSUs」""}","2026-09-12","2026-08","已按所列官方位置核验并采纳；限定条件随值展示。"
"cmp.gb300.power-shelf:specs.psuPowerKW","5.5","5.5","reviewed","retained","[""sys.gb300-nvl72""]","电源架（Power Shelf）","kW","电源架（Power Shelf） / psuPowerKW；适用范围见限定条件与来源位置","not specified / not applicable","not applicable / unspecified","not applicable / unspecified","","{""id"":""src.nvidia-nvl72-ra"",""url"":""https://docs.nvidia.com/enterprise-reference-architectures/nvl72-ai-factory/latest/components.html"",""localFile"":null,""locator"":""System Hardware & Components，「six 5.5 kW PSUs」""}","2026-09-12","2026-08","已按所列官方位置核验并采纳；限定条件随值展示。"
"cmp.gb300.power-shelf:specs.redundancyMode","null","null","not-found","retained","[""sys.gb300-nvl72""]","电源架（Power Shelf）","","电源架（Power Shelf） / redundancyMode；适用范围见限定条件与来源位置","not specified / not applicable","not applicable / unspecified","not applicable / unspecified","参考架构未声明冗余模式（N+1 / 2N）与掉电保持策略。","{""id"":""src.nvidia-nvl72-ra"",""url"":""https://docs.nvidia.com/enterprise-reference-architectures/nvl72-ai-factory/latest/components.html"",""localFile"":null,""locator"":null}","2026-09-12","2026-08","截至 2026-09-12，所查官方资料仍未提供可采纳的适用值；不能据此断言从未公开。 参考架构未声明冗余模式（N+1 / 2N）与掉电保持策略。"
"cmp.gb300.mgmt-node:specs.nodeCount","12","12","reviewed","retained","[""sys.gb300-nvl72""]","控制面管理节点","个","控制面管理节点 / nodeCount；适用范围见限定条件与来源位置","not specified / not applicable","not applicable / unspecified","not applicable / unspecified","","{""id"":""src.nvidia-nvl72-ra"",""url"":""https://docs.nvidia.com/enterprise-reference-architectures/nvl72-ai-factory/latest/components.html"",""localFile"":null,""locator"":""Control Plane/Management Nodes，「we assume a control plane composed of 12 management nodes」""}","2026-09-12","2026-08","已按所列官方位置核验并采纳；限定条件随值展示。"
"cmp.gb300.mgmt-node:specs.x86Memory","512 GB（8×DDR5 64GB）","512 GB（8×DDR5 64GB）","reviewed","retained","[""sys.gb300-nvl72""]","控制面管理节点","null","控制面管理节点 / x86Memory；适用范围见限定条件与来源位置","not specified / not applicable","not applicable / unspecified","not applicable / unspecified","","{""id"":""src.nvidia-nvl72-ra"",""url"":""https://docs.nvidia.com/enterprise-reference-architectures/nvl72-ai-factory/latest/components.html"",""localFile"":null,""locator"":""Table 2: Management Node Components (x86 control node)，System Memory""}","2026-09-12","2026-08","已按所列官方位置核验并采纳；限定条件随值展示。"
"cmp.gb300.mgmt-node:specs.armMemory","480 GB LPDDR5X（板载）","480 GB LPDDR5X（板载）","reviewed","retained","[""sys.gb300-nvl72""]","控制面管理节点","null","控制面管理节点 / armMemory；适用范围见限定条件与来源位置","not specified / not applicable","not applicable / unspecified","not applicable / unspecified","","{""id"":""src.nvidia-nvl72-ra"",""url"":""https://docs.nvidia.com/enterprise-reference-architectures/nvl72-ai-factory/latest/components.html"",""localFile"":null,""locator"":""Table 3: Management Node Components (ARM control node)，System Memory""}","2026-09-12","2026-08","已按所列官方位置核验并采纳；限定条件随值展示。"
"cmp.gb300.mgmt-node:specs.nics","4× ConnectX-7 200G 单端口","4× ConnectX-7 200G 单端口","reviewed","retained","[""sys.gb300-nvl72""]","控制面管理节点","null","控制面管理节点 / nics；适用范围见限定条件与来源位置","not specified / not applicable","not applicable / unspecified","not applicable / unspecified","注意：管理节点用的是 ConnectX-7，与计算托盘的 ConnectX-8 不是同一代——这是两类节点定位不同所致。","{""id"":""src.nvidia-nvl72-ra"",""url"":""https://docs.nvidia.com/enterprise-reference-architectures/nvl72-ai-factory/latest/components.html"",""localFile"":null,""locator"":""Table 2，Storage/in-band Network Adapter，「4x ConnectX-7 200G single-port」""}","2026-09-12","2026-08","已按所列官方位置核验并采纳；限定条件随值展示。"
"cmp.rubin.rubin-gpu:specs.hbmPerGpuGB","288","288","reviewed","retained","[""sys.vera-rubin-nvl72""]","NVIDIA Rubin GPU","GB","NVIDIA Rubin GPU / hbmPerGpuGB；适用范围见限定条件与来源位置","not specified / not applicable","not applicable / unspecified","not applicable / unspecified","单 GPU 封装。 Preliminary information; up to，规格随配置而变。","{""id"":""src.nvidia-vera-rubin-page"",""url"":""https://www.nvidia.com/en-us/data-center/vera-rubin-nvl72/"",""localFile"":null,""locator"":""GPU Specifications / HBM capacity""}","2026-09-12","2026-09","已按所列官方位置核验并采纳；限定条件随值展示。"
"cmp.rubin.rubin-gpu:specs.memoryBandwidthTBs","22","19.2","reviewed","corrected","[""sys.vera-rubin-nvl72""]","NVIDIA Rubin GPU","TB/s","NVIDIA Rubin GPU / memoryBandwidthTBs；适用范围见限定条件与来源位置","not specified / not applicable","not applicable / unspecified","not applicable / unspecified","DSX MaxLPS at-scale 配置；不得与手册上限配置混用。 Preliminary information; up to，规格随配置而变。","{""id"":""src.nvidia-vera-rubin-page"",""url"":""https://www.nvidia.com/en-us/data-center/vera-rubin-nvl72/"",""localFile"":null,""locator"":""GPU Specifications / HBM bandwidth""}","2026-09-12","2026-09","已按所列官方位置核验并采纳；限定条件随值展示。"
"cmp.rubin.rubin-gpu:specs.nvlinkPerGpuGBs","3600","3000","reviewed","corrected","[""sys.vera-rubin-nvl72""]","NVIDIA Rubin GPU","GB/s","NVIDIA Rubin GPU / nvlinkPerGpuGBs；适用范围见限定条件与来源位置","bidirectional aggregate","not applicable / unspecified","not applicable / unspecified","单 GPU 双向合计。 Preliminary information; up to，规格随配置而变。","{""id"":""src.nvidia-vera-rubin-page"",""url"":""https://www.nvidia.com/en-us/data-center/vera-rubin-nvl72/"",""localFile"":null,""locator"":""GPU Specifications / NVLink""}","2026-09-12","2026-09","已按所列官方位置核验并采纳；限定条件随值展示。"
"cmp.rubin.rubin-gpu:specs.nvlinkLinksPerGpu","null","null","not-found","retained","[""sys.vera-rubin-nvl72""]","NVIDIA Rubin GPU","条","NVIDIA Rubin GPU / nvlinkLinksPerGpu；适用范围见限定条件与来源位置","not specified / not applicable","not applicable / unspecified","not applicable / unspecified","NVIDIA 未公布 Rubin GPU 的 NVLink 链路条数（GB300 是每卡 18 条对应 18 颗 NVSwitch）。已知每托盘 4 颗 NVLink 6 交换芯片 × 9 托盘 = 36 颗，但官方没有给出「每 GPU 几条链路」的说法，不做推导。","{""id"":""src.nvidia-rubin-gpu-blog"",""url"":""https://developer.nvidia.com/blog/inside-nvidia-rubin-gpu-architecture-powering-the-era-of-agentic-ai/"",""localFile"":null,""locator"":null}","2026-09-12","2026-07","截至 2026-09-12，所查官方资料仍未提供可采纳的适用值；不能据此断言从未公开。 NVIDIA 未公布 Rubin GPU 的 NVLink 链路条数（GB300 是每卡 18 条对应 18 颗 NVSwitch）。已知每托盘 4 颗 NVLink 6 交换芯片 × 9 托盘 = 36 颗，但官方没有给出「每 GPU 几条链路」的说法，不做推导。"
"cmp.rubin.rubin-gpu:specs.c2cBandwidthGBs","1800","1800","non-spec","retained","[""sys.vera-rubin-nvl72""]","NVIDIA Rubin GPU","GB/s","NVIDIA Rubin GPU / c2cBandwidthGBs；适用范围见限定条件与来源位置","not specified / not applicable","not applicable / unspecified","not applicable / unspecified","★ **两说并存，别按单卡用**（v1.5 订正：此前本条挂在单张 GPU 上，会推出 72 × 1.8 = 129.6 TB/s，与官方整机架 65 TB/s 差一倍）：① **产品页规格表的 Rubin GPU 列在 NVLink-C2C Bandwidth 这一行是「-」**——官方刻意没给单卡 C2C 数字；同一行 Vera Rubin Superchip 列是「1.8 TB/s」、NVL72 列是「65 TB/s」，而 36 个超级芯片 × 1.8 = 64.8 ≈ 65，说明 **1.8 TB/s 是「每超级芯片（1 Vera + 2 Rubin）」口径**；六芯片博客也把 1.8 TB/s 印在 **Vera CPU** 卡片上。② 但 GPU 架构博客确实在 Rubin GPU 的语境里写了这句「NVLink-C2C delivers 1,800 GB/s for coherent CPU-GPU communication」（同句还并列了 NVLink 6 的 3,600 GB/s 与 PCIe Gen 6 的 256 GB/s，那两项确为单卡口径），**官方没有说明这里是不是单卡**。★ 对外只报「每超级芯片 1.8 TB/s、整机架 65 TB/s」这两个有规格表行支撑的数字，不要乘 72。","{""id"":""src.nvidia-rubin-gpu-blog"",""url"":""https://developer.nvidia.com/blog/inside-nvidia-rubin-gpu-architecture-powering-the-era-of-agentic-ai/"",""localFile"":null,""locator"":""The Rubin GPU 节，「…NVLink-C2C delivers 1,800 GB/s for coherent CPU-GPU communication…」""}","2026-09-12","2026-07","保留厂商宣称、第三方推测或教学观点及证据标签，不作为官方硬件数学输入。"
"cmp.rubin.rubin-gpu:specs.transistorCountB","336","336","reviewed","retained","[""sys.vera-rubin-nvl72""]","NVIDIA Rubin GPU","十亿","NVIDIA Rubin GPU / transistorCountB；适用范围见限定条件与来源位置","not specified / not applicable","not applicable / unspecified","not applicable / unspecified","★ v1.5 订正 locator：此前把原文的 streaming multiprocessors 缩写成了「SMs」再当引文，属改写原文。","{""id"":""src.nvidia-rubin-gpu-blog"",""url"":""https://developer.nvidia.com/blog/inside-nvidia-rubin-gpu-architecture-powering-the-era-of-agentic-ai/"",""localFile"":null,""locator"":""正文首段，「Its 336 billion transistors, 224 streaming multiprocessors (SMs), and 896 Tensor Cores provide the raw compute density」（摘要要点同口径：「using 336 billion transistors, 224 streaming multiprocessors, 896 Tensor Cores」）""}","2026-09-12","2026-07","已按所列官方位置核验并采纳；限定条件随值展示。"
"cmp.rubin.rubin-gpu:specs.smCount","224","224","reviewed","retained","[""sys.vera-rubin-nvl72""]","NVIDIA Rubin GPU","个","NVIDIA Rubin GPU / smCount；适用范围见限定条件与来源位置","not specified / not applicable","not applicable / unspecified","not applicable / unspecified","★ v1.5 订正 locator：原文写的是 streaming multiprocessors（首次出现处才带括注 SMs），不是「224 SMs」。","{""id"":""src.nvidia-rubin-gpu-blog"",""url"":""https://developer.nvidia.com/blog/inside-nvidia-rubin-gpu-architecture-powering-the-era-of-agentic-ai/"",""localFile"":null,""locator"":""正文首段，「Its 336 billion transistors, 224 streaming multiprocessors (SMs), and 896 Tensor Cores provide the raw compute density」""}","2026-09-12","2026-07","已按所列官方位置核验并采纳；限定条件随值展示。"
"cmp.rubin.rubin-gpu:specs.diesPerPackage","2","2","reviewed","retained","[""sys.vera-rubin-nvl72""]","NVIDIA Rubin GPU","颗","NVIDIA Rubin GPU / diesPerPackage；适用范围见限定条件与来源位置","not specified / not applicable","not applicable / unspecified","not applicable / unspecified","★ 口径要点：官方把「一个封装（两颗 die）」算作一张 GPU，所以 NVL72 = 72 张 = 144 颗 die。⚠️ 关于 NVL144 → NVL72 改名（v1.5 订正）：官方唯一的留痕是 2025-10 OCP 博客的编者按，逐字为「Editor's note: This blog has been updated to reflect a branding change from Vera Rubin NVL144 to Vera Rubin NVL72.」——官方**只说了这是一次 branding change，没有给出原因**。「因为从按 die 计数改成按封装计数」是本项目基于上面这条封装口径做的**推断**，不是官方说法；此前把它写成官方沿革（并挂在 GPU 架构博客名下）是错的——该博客全篇零出现「NVL144」与「CPX」。","{""id"":""src.nvidia-rubin-gpu-blog"",""url"":""https://developer.nvidia.com/blog/inside-nvidia-rubin-gpu-architecture-powering-the-era-of-agentic-ai/"",""localFile"":null,""locator"":""The Rubin GPU 节，「These two dies are unified on a single package through… NVIDIA High-Bandwidth Interface (NV-HBI)」""}","2026-09-12","2026-07","已按所列官方位置核验并采纳；限定条件随值展示。"
"cmp.rubin.rubin-gpu:specs.fp4DenseTflopsPerGpu","35000","35000","reviewed","retained","[""sys.vera-rubin-nvl72""]","NVIDIA Rubin GPU","TFLOPS","NVIDIA Rubin GPU / fp4DenseTflopsPerGpu；适用范围见限定条件与来源位置","not specified / not applicable","FP4","dense","GB300 的 B300 同口径为 15,000 TFLOPS。
⚠️ 官方规格表脚注 1：「Preliminary information. All values are up to and subject to change.」（预发布口径，不是量产验收值）","{""id"":""src.nvidia-vera-rubin-page"",""url"":""https://www.nvidia.com/en-us/data-center/vera-rubin-nvl72/"",""localFile"":null,""locator"":""规格表 Rubin GPU 列 NVFP4 Training²，「35 PFLOPS」+ 脚注 2「Dense specification」""}","2026-09-12","2026-08","已按所列官方位置核验并采纳；限定条件随值展示。"
"cmp.rubin.rubin-gpu:specs.pcieGen","PCIe Gen 6 x16（最高 256 GB/s）","PCIe Gen 6 x16（最高 256 GB/s）","reviewed","retained","[""sys.vera-rubin-nvl72""]","NVIDIA Rubin GPU","null","NVIDIA Rubin GPU / pcieGen；适用范围见限定条件与来源位置","not specified / not applicable","not applicable / unspecified","not applicable / unspecified","","{""id"":""src.nvidia-rubin-gpu-blog"",""url"":""https://developer.nvidia.com/blog/inside-nvidia-rubin-gpu-architecture-powering-the-era-of-agentic-ai/"",""localFile"":null,""locator"":""The Rubin GPU 节，「x16 PCIe Gen 6 provides up to 256 GB/s of host connectivity」""}","2026-09-12","2026-07","已按所列官方位置核验并采纳；限定条件随值展示。"
"cmp.rubin.rubin-gpu:specs.tdpW","null","null","not-found","retained","[""sys.vera-rubin-nvl72""]","NVIDIA Rubin GPU","W","NVIDIA Rubin GPU / tdpW；适用范围见限定条件与来源位置","not specified / not applicable","not applicable / unspecified","not applicable / unspecified","NVIDIA 未公布 Rubin GPU 单卡 TDP。官方材料里唯一出现的 1800 W/GPU 是 Vera Rubin **NVL4** 的 benchmark 假设脚注，不能当作 NVL72 的单卡 TDP 使用。","{""id"":""src.nvidia-vera-rubin-page"",""url"":""https://www.nvidia.com/en-us/data-center/vera-rubin-nvl72/"",""localFile"":null,""locator"":null}","2026-09-12","2026-08","截至 2026-09-12，所查官方资料仍未提供可采纳的适用值；不能据此断言从未公开。 NVIDIA 未公布 Rubin GPU 单卡 TDP。官方材料里唯一出现的 1800 W/GPU 是 Vera Rubin **NVL4** 的 benchmark 假设脚注，不能当作 NVL72 的单卡 TDP 使用。"
"cmp.rubin.vera-cpu:specs.coresPerCpu","88","88","reviewed","retained","[""sys.vera-rubin-nvl72"",""sys.rubin-ultra-nvl576""]","NVIDIA Vera CPU","核","NVIDIA Vera CPU / coresPerCpu；适用范围见限定条件与来源位置","not specified / not applicable","not applicable / unspecified","not applicable / unspecified","","{""id"":""src.nvidia-rubin-press"",""url"":""https://nvidianews.nvidia.com/news/rubin-platform-ai-supercomputer"",""localFile"":null,""locator"":""NVIDIA Vera CPU 节，「built with 88 NVIDIA custom Olympus cores, full Armv9.2 compatibility」""}","2026-09-12","2026-01","已按所列官方位置核验并采纳；限定条件随值展示。"
"cmp.rubin.vera-cpu:specs.coresPerTray","176","176","reviewed","retained","[""sys.vera-rubin-nvl72"",""sys.rubin-ultra-nvl576""]","NVIDIA Vera CPU","核","NVIDIA Vera CPU / coresPerTray；适用范围见限定条件与来源位置","not specified / not applicable","not applicable / unspecified","not applicable / unspecified","由官方整机架值折算，非官方逐托盘规格行。
⚠️ 官方规格表脚注 1：「Preliminary information. All values are up to and subject to change.」（预发布口径，不是量产验收值）","{""id"":""src.nvidia-vera-rubin-page"",""url"":""https://www.nvidia.com/en-us/data-center/vera-rubin-nvl72/"",""localFile"":null,""locator"":""规格表 CPU Core Count「3,168 cores」÷ 18 个计算托盘（= 每托盘 2 颗 × 88 核）""}","2026-09-12","2026-08","已按所列官方位置核验并采纳；限定条件随值展示。"
"cmp.rubin.vera-cpu:specs.lpddr5PerTrayTB","3","3","reviewed","retained","[""sys.vera-rubin-nvl72"",""sys.rubin-ultra-nvl576""]","NVIDIA Vera CPU","TB","NVIDIA Vera CPU / lpddr5PerTrayTB；适用范围见限定条件与来源位置","not specified / not applicable","not applicable / unspecified","not applicable / unspecified","由官方整机架值折算，非官方逐托盘规格行。
⚠️ 官方规格表脚注 1：「Preliminary information. All values are up to and subject to change.」（预发布口径，不是量产验收值）","{""id"":""src.nvidia-vera-rubin-page"",""url"":""https://www.nvidia.com/en-us/data-center/vera-rubin-nvl72/"",""localFile"":null,""locator"":""规格表 CPU Memory「54 TB LPDDR5X」÷ 18 个计算托盘（= 每托盘 2 颗 × 1.5 TB）""}","2026-09-12","2026-08","已按所列官方位置核验并采纳；限定条件随值展示。"
"cmp.rubin.vera-cpu:specs.memoryBandwidthTBs","1.2","1.2","reviewed","retained","[""sys.vera-rubin-nvl72"",""sys.rubin-ultra-nvl576""]","NVIDIA Vera CPU","TB/s","NVIDIA Vera CPU / memoryBandwidthTBs；适用范围见限定条件与来源位置","not specified / not applicable","not applicable / unspecified","not applicable / unspecified","⚠️ 官方规格表脚注 1：「Preliminary information. All values are up to and subject to change.」（预发布口径，不是量产验收值）","{""id"":""src.nvidia-vera-cpu-rack"",""url"":""https://www.nvidia.com/en-us/data-center/products/vera-rack/"",""localFile"":null,""locator"":""Specifications / Vera CPU cores, threads and memory bandwidth""}","2026-09-12","2026-09","已按所列官方位置核验并采纳；限定条件随值展示。"
"cmp.rubin.vera-cpu:specs.threadsPerCpu","176","176","reviewed","retained","[""sys.vera-rubin-nvl72"",""sys.rubin-ultra-nvl576""]","NVIDIA Vera CPU","线程","NVIDIA Vera CPU / threadsPerCpu；适用范围见限定条件与来源位置","not specified / not applicable","not applicable / unspecified","not applicable / unspecified","⚠️ 官方规格表脚注 1：「Preliminary information. All values are up to and subject to change.」（预发布口径，不是量产验收值）","{""id"":""src.nvidia-vera-cpu-rack"",""url"":""https://www.nvidia.com/en-us/data-center/products/vera-rack/"",""localFile"":null,""locator"":""Specifications / Vera CPU cores, threads and memory bandwidth""}","2026-09-12","2026-09","已按所列官方位置核验并采纳；限定条件随值展示。"
"cmp.rubin.vera-cpu:specs.c2cInterconnect","NVLink C2C","NVLink C2C","reviewed","retained","[""sys.vera-rubin-nvl72"",""sys.rubin-ultra-nvl576""]","NVIDIA Vera CPU","null","NVIDIA Vera CPU / c2cInterconnect；适用范围见限定条件与来源位置","not specified / not applicable","not applicable / unspecified","not applicable / unspecified","⚠️ 那个 1,800 GB/s 的数值口径见 cmp.rubin.rubin-gpu.specs.c2cBandwidthGBs：产品页规格表把 1.8 TB/s 放在Vera Rubin Superchip 列，Rubin GPU 列是「-」，因此应按**每超级芯片**理解，不要乘 72。","{""id"":""src.nvidia-rubin-gpu-blog"",""url"":""https://developer.nvidia.com/blog/inside-nvidia-rubin-gpu-architecture-powering-the-era-of-agentic-ai/"",""localFile"":null,""locator"":""The Rubin GPU 节，「…NVLink-C2C delivers 1,800 GB/s for coherent CPU-GPU communication…」（Vera↔Rubin 之间仍是 NVLink-C2C）""}","2026-09-12","2026-07","已按所列官方位置核验并采纳；限定条件随值展示。"
"cmp.rubin.vera-cpu:specs.tdpW","null","250–450","reviewed","corrected","[""sys.vera-rubin-nvl72"",""sys.rubin-ultra-nvl576""]","NVIDIA Vera CPU","W","NVIDIA Vera CPU / tdpW；适用范围见限定条件与来源位置","not specified / not applicable","not applicable / unspecified","not applicable / unspecified","通用 Vera CPU 可配置范围；NVL72 的实际运行配置与整架功率仍未知。 Preliminary information; up to，规格随配置而变。","{""id"":""src.nvidia-vera-cpu-rack"",""url"":""https://www.nvidia.com/en-us/data-center/products/vera-rack/"",""localFile"":null,""locator"":""Specifications / Form factor and cooling""}","2026-09-12","2026-09","已按所列官方位置核验并采纳；限定条件随值展示。"
"cmp.rubin.hbm4:specs.totalPerRackTB","20.7","20.7","reviewed","retained","[""sys.vera-rubin-nvl72""]","HBM4 高带宽显存堆栈","TB","HBM4 高带宽显存堆栈 / totalPerRackTB；适用范围见限定条件与来源位置","not specified / not applicable","not applicable / unspecified","not applicable / unspecified","⚠️ 官方规格表脚注 1：「Preliminary information. All values are up to and subject to change.」（预发布口径，不是量产验收值）","{""id"":""src.nvidia-vera-rubin-page"",""url"":""https://www.nvidia.com/en-us/data-center/vera-rubin-nvl72/"",""localFile"":null,""locator"":""规格表 GPU Memory 行，「20.7 TB HBM4」""}","2026-09-12","2026-08","已按所列官方位置核验并采纳；限定条件随值展示。"
"cmp.rubin.hbm4:specs.bandwidthPerRackTBs","1580","1400","reviewed","corrected","[""sys.vera-rubin-nvl72""]","HBM4 高带宽显存堆栈","TB/s","HBM4 高带宽显存堆栈 / bandwidthPerRackTBs；适用范围见限定条件与来源位置","not specified / not applicable","not applicable / unspecified","not applicable / unspecified","整架；网页取整，DSX MaxLPS。 Preliminary information; up to，规格随配置而变。","{""id"":""src.nvidia-vera-rubin-page"",""url"":""https://www.nvidia.com/en-us/data-center/vera-rubin-nvl72/"",""localFile"":null,""locator"":""Rack Specifications / HBM bandwidth""}","2026-09-12","2026-09","已按所列官方位置核验并采纳；限定条件随值展示。"
"cmp.rubin.hbm4:specs.stackHeight","12-Hi","12-Hi","reviewed","retained","[""sys.vera-rubin-nvl72""]","HBM4 高带宽显存堆栈","null","HBM4 高带宽显存堆栈 / stackHeight；适用范围见限定条件与来源位置","not specified / not applicable","not applicable / unspecified","not applicable / unspecified","","{""id"":""src.nvidia-rubin-gpu-blog"",""url"":""https://developer.nvidia.com/blog/inside-nvidia-rubin-gpu-architecture-powering-the-era-of-agentic-ai/"",""localFile"":null,""locator"":""The Rubin GPU 节，「driven by dedicated HBM controllers and 12-Hi stacks」""}","2026-09-12","2026-07","已按所列官方位置核验并采纳；限定条件随值展示。"
"cmp.rubin.hbm4:specs.stacksPerGpu","null","null","not-found","retained","[""sys.vera-rubin-nvl72""]","HBM4 高带宽显存堆栈","个","HBM4 高带宽显存堆栈 / stacksPerGpu；适用范围见限定条件与来源位置","not specified / not applicable","not applicable / unspecified","not applicable / unspecified","NVIDIA 只说明是 12-Hi 堆栈，未公布每张 Rubin GPU 的 HBM4 堆栈数量；3D 场景中的堆栈数为视觉示意。","{""id"":""src.nvidia-rubin-gpu-blog"",""url"":""https://developer.nvidia.com/blog/inside-nvidia-rubin-gpu-architecture-powering-the-era-of-agentic-ai/"",""localFile"":null,""locator"":null}","2026-09-12","2026-07","截至 2026-09-12，所查官方资料仍未提供可采纳的适用值；不能据此断言从未公开。 NVIDIA 只说明是 12-Hi 堆栈，未公布每张 Rubin GPU 的 HBM4 堆栈数量；3D 场景中的堆栈数为视觉示意。"
"cmp.rubin.lpddr5x:specs.cpuMemoryTB","54","54","reviewed","retained","[""sys.vera-rubin-nvl72""]","LPDDR5X CPU 内存","TB","LPDDR5X CPU 内存 / cpuMemoryTB；适用范围见限定条件与来源位置","not specified / not applicable","not applicable / unspecified","not applicable / unspecified","⚠️ 官方规格表脚注 1：「Preliminary information. All values are up to and subject to change.」（预发布口径，不是量产验收值）","{""id"":""src.nvidia-vera-rubin-page"",""url"":""https://www.nvidia.com/en-us/data-center/vera-rubin-nvl72/"",""localFile"":null,""locator"":""规格表 CPU Memory 行，「54 TB LPDDR5X」""}","2026-09-12","2026-08","已按所列官方位置核验并采纳；限定条件随值展示。"
"cmp.rubin.lpddr5x:specs.memoryBandwidthTBs","1.2","1.2","reviewed","retained","[""sys.vera-rubin-nvl72""]","LPDDR5X CPU 内存","TB/s","LPDDR5X CPU 内存 / memoryBandwidthTBs；适用范围见限定条件与来源位置","not specified / not applicable","not applicable / unspecified","not applicable / unspecified","⚠️ 官方规格表脚注 1：「Preliminary information. All values are up to and subject to change.」（预发布口径，不是量产验收值）","{""id"":""src.nvidia-vera-cpu-rack"",""url"":""https://www.nvidia.com/en-us/data-center/products/vera-rack/"",""localFile"":null,""locator"":""Specifications / Vera CPU cores, threads and memory bandwidth""}","2026-09-12","2026-09","已按所列官方位置核验并采纳；限定条件随值展示。"
"cmp.rubin.lpddr5x:specs.modulesPerCpu","null","null","not-found","retained","[""sys.vera-rubin-nvl72""]","LPDDR5X CPU 内存","颗","LPDDR5X CPU 内存 / modulesPerCpu；适用范围见限定条件与来源位置","not specified / not applicable","not applicable / unspecified","not applicable / unspecified","NVIDIA 未公布每颗 Vera 配套的 LPDDR 颗粒数量；3D 场景中围绕 CPU 摆放的颗数为视觉示意。","{""id"":""src.nvidia-vera-rubin-page"",""url"":""https://www.nvidia.com/en-us/data-center/vera-rubin-nvl72/"",""localFile"":null,""locator"":null}","2026-09-12","2026-08","截至 2026-09-12，所查官方资料仍未提供可采纳的适用值；不能据此断言从未公开。 NVIDIA 未公布每颗 Vera 配套的 LPDDR 颗粒数量；3D 场景中围绕 CPU 摆放的颗数为视觉示意。"
"cmp.rubin.compute-tray:specs.gpusPerTray","4","4","reviewed","retained","[""sys.vera-rubin-nvl72""]","Vera Rubin 计算托盘","个","Vera Rubin 计算托盘 / gpusPerTray；适用范围见限定条件与来源位置","not specified / not applicable","not applicable / unspecified","not applicable / unspecified","","{""id"":""src.nvidia-rubin-pod-blog"",""url"":""https://developer.nvidia.com/blog/nvidia-vera-rubin-pod-seven-chips-five-rack-scale-systems-one-ai-supercomputer/"",""localFile"":null,""locator"":""Compute and NVLink Switch trays 节，「Each compute tray features two NVIDIA Vera Rubin superchips」× 每超级芯片 2 张 Rubin GPU（规格表 Vera Rubin Superchip 列：「2 Rubin GPUs | 1 Vera CPU」）""}","2026-09-12","2026-03","已按所列官方位置核验并采纳；限定条件随值展示。"
"cmp.rubin.compute-tray:specs.cpusPerTray","2","2","reviewed","retained","[""sys.vera-rubin-nvl72""]","Vera Rubin 计算托盘","个","Vera Rubin 计算托盘 / cpusPerTray；适用范围见限定条件与来源位置","not specified / not applicable","not applicable / unspecified","not applicable / unspecified","","{""id"":""src.nvidia-rubin-pod-blog"",""url"":""https://developer.nvidia.com/blog/nvidia-vera-rubin-pod-seven-chips-five-rack-scale-systems-one-ai-supercomputer/"",""localFile"":null,""locator"":""Compute and NVLink Switch trays 节，「two NVIDIA Vera Rubin superchips」× 每超级芯片 1 颗 Vera CPU""}","2026-09-12","2026-03","已按所列官方位置核验并采纳；限定条件随值展示。"
"cmp.rubin.compute-tray:specs.superchipsPerTray","2","2","reviewed","retained","[""sys.vera-rubin-nvl72""]","Vera Rubin 计算托盘","个","Vera Rubin 计算托盘 / superchipsPerTray；适用范围见限定条件与来源位置","not specified / not applicable","not applicable / unspecified","not applicable / unspecified","","{""id"":""src.nvidia-rubin-pod-blog"",""url"":""https://developer.nvidia.com/blog/nvidia-vera-rubin-pod-seven-chips-five-rack-scale-systems-one-ai-supercomputer/"",""localFile"":null,""locator"":""Compute and NVLink Switch trays 节，「Each compute tray features two NVIDIA Vera Rubin superchips with 17,000 components each」""}","2026-09-12","2026-03","已按所列官方位置核验并采纳；限定条件随值展示。"
"cmp.rubin.compute-tray:specs.connectx9PerTray","8","8","reviewed","retained","[""sys.vera-rubin-nvl72""]","Vera Rubin 计算托盘","个","Vera Rubin 计算托盘 / connectx9PerTray；适用范围见限定条件与来源位置","not specified / not applicable","not applicable / unspecified","not applicable / unspecified","","{""id"":""src.nvidia-rubin-pod-blog"",""url"":""https://developer.nvidia.com/blog/nvidia-vera-rubin-pod-seven-chips-five-rack-scale-systems-one-ai-supercomputer/"",""localFile"":null,""locator"":""Compute and NVLink Switch trays 节，「the front modular bays that house eight ConnectX-9 SuperNICs and one BlueField-4 DPU」""}","2026-09-12","2026-03","已按所列官方位置核验并采纳；限定条件随值展示。"
"cmp.rubin.compute-tray:specs.bluefield4PerTray","1","1","reviewed","retained","[""sys.vera-rubin-nvl72""]","Vera Rubin 计算托盘","个","Vera Rubin 计算托盘 / bluefield4PerTray；适用范围见限定条件与来源位置","not specified / not applicable","not applicable / unspecified","not applicable / unspecified","","{""id"":""src.nvidia-rubin-pod-blog"",""url"":""https://developer.nvidia.com/blog/nvidia-vera-rubin-pod-seven-chips-five-rack-scale-systems-one-ai-supercomputer/"",""localFile"":null,""locator"":""Compute and NVLink Switch trays 节，「…eight ConnectX-9 SuperNICs and one BlueField-4 DPU」""}","2026-09-12","2026-03","已按所列官方位置核验并采纳；限定条件随值展示。"
"cmp.rubin.compute-tray:specs.nvfp4PerTrayPflops","200","200","reviewed","retained","[""sys.vera-rubin-nvl72""]","Vera Rubin 计算托盘","PFLOPS","Vera Rubin 计算托盘 / nvfp4PerTrayPflops；适用范围见限定条件与来源位置","not specified / not applicable","FP4","dense","⚠️ 未标注稠密/稀疏口径，仅作量级参考，不进产能数学。","{""id"":""src.nvidia-rubin-chips-blog"",""url"":""https://developer.nvidia.com/blog/inside-the-nvidia-rubin-platform-six-new-chips-one-ai-supercomputer/"",""localFile"":null,""locator"":""计算托盘图注，「200 petaFLOPS of NVFP4 AI performance per tray」""}","2026-09-12","2026-01","已按所列官方位置核验并采纳；限定条件随值展示。"
"cmp.rubin.compute-tray:specs.nvlinkPerTrayTBs","14.4","12","reviewed","corrected","[""sys.vera-rubin-nvl72""]","Vera Rubin 计算托盘","TB/s","Vera Rubin 计算托盘 / nvlinkPerTrayTBs；适用范围见限定条件与来源位置","bidirectional aggregate","not applicable / unspecified","not applicable / unspecified","按四个 GPU 端点的双向合计相加；非一根物理链路。 Preliminary information; up to，规格随配置而变。","{""id"":""src.nvidia-vera-rubin-page"",""url"":""https://www.nvidia.com/en-us/data-center/vera-rubin-nvl72/"",""localFile"":null,""locator"":""NVL72 Specs / 3 TB/s per GPU × 4 GPUs per tray""}","2026-09-12","2026-09","已按所列官方位置核验并采纳；限定条件随值展示。"
"cmp.rubin.compute-tray:specs.fastMemoryPerTrayTB","2","2","reviewed","retained","[""sys.vera-rubin-nvl72""]","Vera Rubin 计算托盘","TB","Vera Rubin 计算托盘 / fastMemoryPerTrayTB；适用范围见限定条件与来源位置","not specified / not applicable","not applicable / unspecified","not applicable / unspecified","六芯片博客早期托盘示例的 2 TB；不代表当前网页的最高 54 TB CPU + 20.7 TB HBM 整架配置。","{""id"":""src.nvidia-rubin-chips-blog"",""url"":""https://developer.nvidia.com/blog/inside-the-nvidia-rubin-platform-six-new-chips-one-ai-supercomputer/"",""localFile"":null,""locator"":""计算托盘图注，「2 TB of fast memory」""}","2026-09-12","2026-01","已按所列官方位置核验并采纳；限定条件随值展示。"
"cmp.rubin.compute-tray:specs.nvlinkScaleUp","托盘盲插即接入 NVLink 6 域；机架级 NVLink 的高速传输发生在机架后部的铜缆脊柱里","托盘盲插即接入 NVLink 6 域；机架级 NVLink 的高速传输发生在机架后部的铜缆脊柱里","reviewed","retained","[""sys.vera-rubin-nvl72""]","Vera Rubin 计算托盘","null","Vera Rubin 计算托盘 / nvlinkScaleUp；适用范围见限定条件与来源位置","not specified / not applicable","not applicable / unspecified","not applicable / unspecified","⚠️ v1.5 订正：此前这条把机架级 NVLink 记在 PCB 中板名下。官方对 PCB 中板点名的连接对象是「The superchips are connected to the front modular bays that house eight ConnectX-9 SuperNICs and one BlueField-4 DPU through the PCB midplane.」——超级芯片 ↔ 前部网卡仓。两句都是官方原话，官方未说明脊柱铜缆与中板在 NVLink 上如何分工，本项目两说并存。","{""id"":""src.nvidia-rubin-pod-blog"",""url"":""https://developer.nvidia.com/blog/nvidia-vera-rubin-pod-seven-chips-five-rack-scale-systems-one-ai-supercomputer/"",""localFile"":null,""locator"":""NVIDIA Vera Rubin NVL72 节，「This high-speed data transfer happens in the NVLink spine at the back of the rack, which features four modular preintegrated cable cartridges housing 5,000 copper cables over two miles in length.」""}","2026-09-12","2026-03","已按所列官方位置核验并采纳；限定条件随值展示。"
"cmp.rubin.compute-tray:specs.assemblyTime","约 5 分钟（官方两版口径：1.5 小时以上 → 18×，或 nearly two hours → 最高 20×）","约 5 分钟（官方两版口径：1.5 小时以上 → 18×，或 nearly two hours → 最高 20×）","non-spec","retained","[""sys.vera-rubin-nvl72""]","Vera Rubin 计算托盘","null","Vera Rubin 计算托盘 / assemblyTime；适用范围见限定条件与来源位置","not specified / not applicable","not applicable / unspecified","not applicable / unspecified","★ 官方**两版口径并存，本项目都留痕**：① 2026-01 六芯片博客写「Assembly that used to take more than 1.5 hours for Blackwell now takes only ~5 minutes with Vera Rubin」+「reduces service time by up to 18x」；② 2026-03 POD 博客更新为「from nearly two hours to just five minutes—up to 20x faster assembly and serviceability」；③ Vera Rubin 数据手册与 CES 发布稿仍写 18×（发布稿原文「enables up to 18x faster assembly and servicing than Blackwell」）。「5 分钟」这一端三处一致；分子端（1.5 小时 / 近 2 小时）与倍数（18× / 20×）官方自己有两版，对外报数时说清取的是哪一版。 厂商在特定比较条件下的效率 / 工序收益宣称，不是可保证的硬件额定规格。","{""id"":""src.nvidia-rubin-pod-blog"",""url"":""https://developer.nvidia.com/blog/nvidia-vera-rubin-pod-seven-chips-five-rack-scale-systems-one-ai-supercomputer/"",""localFile"":null,""locator"":""NVIDIA Vera Rubin NVL72 节，「This simplification drops compute tray assembly time from nearly two hours to just five minutes—up to 20x faster assembly and serviceability.」""}","2026-09-12","2026-03","保留厂商宣称、第三方推测或教学观点及证据标签，不作为官方硬件数学输入。"
"cmp.rubin.compute-tray:specs.trayPowerW","null","null","not-found","retained","[""sys.vera-rubin-nvl72""]","Vera Rubin 计算托盘","W","Vera Rubin 计算托盘 / trayPowerW；适用范围见限定条件与来源位置","not specified / not applicable","not applicable / unspecified","not applicable / unspecified","NVIDIA 未公布单个计算托盘的功耗（整机架功率也未公布）。","{""id"":""src.nvidia-vera-rubin-page"",""url"":""https://www.nvidia.com/en-us/data-center/vera-rubin-nvl72/"",""localFile"":null,""locator"":null}","2026-09-12","2026-08","截至 2026-09-12，所查官方资料仍未提供可采纳的适用值；不能据此断言从未公开。 NVIDIA 未公布单个计算托盘的功耗（整机架功率也未公布）。"
"cmp.rubin.nvlink6-switch-tray:specs.asicsPerTray","4","4","reviewed","retained","[""sys.vera-rubin-nvl72""]","NVLink 第六代交换托盘","个","NVLink 第六代交换托盘 / asicsPerTray；适用范围见限定条件与来源位置","not specified / not applicable","not applicable / unspecified","not applicable / unspecified","★ 与 GB300 的每托盘 2 颗 NVSwitch ASIC 相比翻倍：9 × 4 = 每机架 36 颗。","{""id"":""src.nvidia-rubin-chips-blog"",""url"":""https://developer.nvidia.com/blog/inside-the-nvidia-rubin-platform-six-new-chips-one-ai-supercomputer/"",""localFile"":null,""locator"":""Vera Rubin NVL72 NVLink switch tray 节，「Each switch tray incorporates four NVLink 6 switch chips」""}","2026-09-12","2026-01","已按所列官方位置核验并采纳；限定条件随值展示。"
"cmp.rubin.nvlink6-switch-tray:specs.traysPerRack","9","9","reviewed","retained","[""sys.vera-rubin-nvl72""]","NVLink 第六代交换托盘","个","NVLink 第六代交换托盘 / traysPerRack；适用范围见限定条件与来源位置","not specified / not applicable","not applicable / unspecified","not applicable / unspecified","","{""id"":""src.nvidia-rubin-pod-blog"",""url"":""https://developer.nvidia.com/blog/nvidia-vera-rubin-pod-seven-chips-five-rack-scale-systems-one-ai-supercomputer/"",""localFile"":null,""locator"":""NVIDIA Vera Rubin NVL72 节，「…alongside 9 NVLink switch trays」（DGX 规格表：「9x L1 NVIDIA NVLink Switches」）""}","2026-09-12","2026-03","已按所列官方位置核验并采纳；限定条件随值展示。"
"cmp.rubin.nvlink6-switch-tray:specs.trayBandwidthTBs","28.8","null","not-found","corrected","[""sys.vera-rubin-nvl72""]","NVLink 第六代交换托盘","TB/s","NVLink 第六代交换托盘 / trayBandwidthTBs；适用范围见限定条件与来源位置","not specified / not applicable","not applicable / unspecified","not applicable / unspecified","网页只列 GPU / Superchip / 整架带宽，未找到 MaxLPS 下单交换托盘的可靠数值；不能把整架端点聚合带宽除以托盘数当实测交换能力。 Preliminary information; up to，规格随配置而变。","{""id"":""src.nvidia-vera-rubin-page"",""url"":""https://www.nvidia.com/en-us/data-center/vera-rubin-nvl72/"",""localFile"":null,""locator"":""NVL72 Specs / NVLink bandwidth""}","2026-09-12","2026-09","截至 2026-09-12，所查官方资料仍未提供可采纳的适用值；不能据此断言从未公开。 网页只列 GPU / Superchip / 整架带宽，未找到 MaxLPS 下单交换托盘的可靠数值；不能把整架端点聚合带宽除以托盘数当实测交换能力。 Preliminary information; up to，规格随配置而变。"
"cmp.rubin.nvlink6-switch-tray:specs.sharpFp8Tflops","14.4","14.4","reviewed","retained","[""sys.vera-rubin-nvl72""]","NVLink 第六代交换托盘","TFLOPS","NVLink 第六代交换托盘 / sharpFp8Tflops；适用范围见限定条件与来源位置","not specified / not applicable","FP8","not applicable / unspecified","","{""id"":""src.nvidia-rubin-chips-blog"",""url"":""https://developer.nvidia.com/blog/inside-the-nvidia-rubin-platform-six-new-chips-one-ai-supercomputer/"",""localFile"":null,""locator"":""NVLink switch tray 图注，「14.4 TFLOPS of FP8 in-network compute enabled by NVLink 6 SHARP acceleration」""}","2026-09-12","2026-01","已按所列官方位置核验并采纳；限定条件随值展示。"
"cmp.rubin.nvlink6-switch-tray:specs.networkOs","null","null","not-found","retained","[""sys.vera-rubin-nvl72""]","NVLink 第六代交换托盘","null","NVLink 第六代交换托盘 / networkOs；适用范围见限定条件与来源位置","not specified / not applicable","not applicable / unspecified","not applicable / unspecified","NVIDIA 未在已公布材料中说明 NVLink 6 交换托盘运行的网络操作系统（GB300 一代明确为 NVOS）。","{""id"":""src.nvidia-rubin-chips-blog"",""url"":""https://developer.nvidia.com/blog/inside-the-nvidia-rubin-platform-six-new-chips-one-ai-supercomputer/"",""localFile"":null,""locator"":null}","2026-09-12","2026-01","截至 2026-09-12，所查官方资料仍未提供可采纳的适用值；不能据此断言从未公开。 NVIDIA 未在已公布材料中说明 NVLink 6 交换托盘运行的网络操作系统（GB300 一代明确为 NVOS）。"
"cmp.rubin.nvlink6-switch-chip:specs.aggregateBandwidthPerRackTBs","260","216","reviewed","corrected","[""sys.vera-rubin-nvl72""]","NVLink 6 交换芯片","TB/s","NVLink 6 交换芯片 / aggregateBandwidthPerRackTBs；适用范围见限定条件与来源位置","bidirectional aggregate","not applicable / unspecified","not applicable / unspecified","整架双向合计，DSX MaxLPS。 Preliminary information; up to，规格随配置而变。","{""id"":""src.nvidia-vera-rubin-page"",""url"":""https://www.nvidia.com/en-us/data-center/vera-rubin-nvl72/"",""localFile"":null,""locator"":""Rack Specifications / NVLink""}","2026-09-12","2026-09","已按所列官方位置核验并采纳；限定条件随值展示。"
"cmp.rubin.nvlink6-switch-chip:specs.perGpuBandwidthTBs","3.6","3","reviewed","corrected","[""sys.vera-rubin-nvl72""]","NVLink 6 交换芯片","TB/s","NVLink 6 交换芯片 / perGpuBandwidthTBs；适用范围见限定条件与来源位置","bidirectional aggregate","not applicable / unspecified","not applicable / unspecified","MaxLPS 单 GPU 双向合计；不是单交换 ASIC 吞吐。 Preliminary information; up to，规格随配置而变。","{""id"":""src.nvidia-vera-rubin-page"",""url"":""https://www.nvidia.com/en-us/data-center/vera-rubin-nvl72/"",""localFile"":null,""locator"":""NVL72 Specs / NVLink bandwidth""}","2026-09-12","2026-09","已按所列官方位置核验并采纳；限定条件随值展示。"
"cmp.rubin.nvlink6-switch-chip:specs.linksFromEachGpu","null","null","not-found","retained","[""sys.vera-rubin-nvl72""]","NVLink 6 交换芯片","条","NVLink 6 交换芯片 / linksFromEachGpu；适用范围见限定条件与来源位置","not specified / not applicable","not applicable / unspecified","not applicable / unspecified","NVIDIA 未公布每张 Rubin GPU 到每颗交换芯片的链路条数（GB300 一代明确是「每 GPU 18 条，每颗 NVSwitch 一条」）。","{""id"":""src.nvidia-rubin-chips-blog"",""url"":""https://developer.nvidia.com/blog/inside-the-nvidia-rubin-platform-six-new-chips-one-ai-supercomputer/"",""localFile"":null,""locator"":null}","2026-09-12","2026-01","截至 2026-09-12，所查官方资料仍未提供可采纳的适用值；不能据此断言从未公开。 NVIDIA 未公布每张 Rubin GPU 到每颗交换芯片的链路条数（GB300 一代明确是「每 GPU 18 条，每颗 NVSwitch 一条」）。"
"cmp.rubin.nvlink6-switch-chip:specs.portCount","null","null","not-found","retained","[""sys.vera-rubin-nvl72""]","NVLink 6 交换芯片","端口","NVLink 6 交换芯片 / portCount；适用范围见限定条件与来源位置","not specified / not applicable","not applicable / unspecified","not applicable / unspecified","NVIDIA 未公布 NVLink 6 交换芯片的端口数与单芯片吞吐。","{""id"":""src.nvidia-rubin-chips-blog"",""url"":""https://developer.nvidia.com/blog/inside-the-nvidia-rubin-platform-six-new-chips-one-ai-supercomputer/"",""localFile"":null,""locator"":null}","2026-09-12","2026-01","截至 2026-09-12，所查官方资料仍未提供可采纳的适用值；不能据此断言从未公开。 NVIDIA 未公布 NVLink 6 交换芯片的端口数与单芯片吞吐。"
"cmp.rubin.cx9-mezzanine:specs.nicsPerTray","8","8","reviewed","retained","[""sys.vera-rubin-nvl72""]","ConnectX-9 SuperNIC 板（前置模块化仓）","个","ConnectX-9 SuperNIC 板（前置模块化仓） / nicsPerTray；适用范围见限定条件与来源位置","not specified / not applicable","not applicable / unspecified","not applicable / unspecified","★ 这一条才是确证事实（DGX 规格表独立佐证：「144x OSFP single-port ConnectX-9」= 18 托盘 × 8）。下面的板数 / 每板张数都是对官方英文的解读，置信度低于本条。","{""id"":""src.nvidia-rubin-pod-blog"",""url"":""https://developer.nvidia.com/blog/nvidia-vera-rubin-pod-seven-chips-five-rack-scale-systems-one-ai-supercomputer/"",""localFile"":null,""locator"":""Compute and NVLink Switch trays 节，「The superchips are connected to the front modular bays that house eight ConnectX-9 SuperNICs and one BlueField-4 DPU through the PCB midplane.」""}","2026-09-12","2026-03","已按所列官方位置核验并采纳；限定条件随值展示。"
"cmp.rubin.cx9-mezzanine:specs.boardsPerTray","4","4","non-spec","retained","[""sys.vera-rubin-nvl72""]","ConnectX-9 SuperNIC 板（前置模块化仓）","个","ConnectX-9 SuperNIC 板（前置模块化仓） / boardsPerTray；适用范围见限定条件与来源位置","not specified / not applicable","not applicable / unspecified","not applicable / unspecified","⚠️ **官方英文有歧义，本条是其中一种读法，不是确证事实**。六芯片博客只有两句涉及板级结构：「each compute tray contains quad ConnectX-9 SuperNIC boards, delivering 1.6Tb/s of network bandwidth per Rubin GPU」与「Each quad ConnectX-9 SuperNIC board connects to each Vera CPU.」——第二句把「quad ConnectX-9 SuperNIC board」当作一个复合名词（载 4 颗 CX-9 的板），配合每托盘 2 颗 Vera CPU，可读成 **2 块板 × 4 张**；第一句单独看又可读成 **4 块板 × 2 张**。两种读法总数都是 8 张/托盘（与 POD 博客「eight ConnectX-9 SuperNICs」一致）。★ 本项目只把「每托盘 8 张、每机架 144 张」当确证事实；板级拆分取 4×2 建模，仅为 3D 摆位需要一个确定形态，**不得当作官方规格引用**。","{""id"":""src.nvidia-rubin-chips-blog"",""url"":""https://developer.nvidia.com/blog/inside-the-nvidia-rubin-platform-six-new-chips-one-ai-supercomputer/"",""localFile"":null,""locator"":""ConnectX-9 节，「each compute tray contains quad ConnectX-9 SuperNIC boards, delivering 1.6Tb/s of network bandwidth per Rubin GPU」""}","2026-09-12","2026-01","保留厂商宣称、第三方推测或教学观点及证据标签，不作为官方硬件数学输入。"
"cmp.rubin.cx9-mezzanine:specs.nicsPerBoard","2","2","non-spec","retained","[""sys.vera-rubin-nvl72""]","ConnectX-9 SuperNIC 板（前置模块化仓）","个","ConnectX-9 SuperNIC 板（前置模块化仓） / nicsPerBoard；适用范围见限定条件与来源位置","not specified / not applicable","not applicable / unspecified","not applicable / unspecified","由两处官方数字相除得到，非官方直接给出的规格行。⚠️ **官方英文有歧义，本条是其中一种读法，不是确证事实**。六芯片博客只有两句涉及板级结构：「each compute tray contains quad ConnectX-9 SuperNIC boards, delivering 1.6Tb/s of network bandwidth per Rubin GPU」与「Each quad ConnectX-9 SuperNIC board connects to each Vera CPU.」——第二句把「quad ConnectX-9 SuperNIC board」当作一个复合名词（载 4 颗 CX-9 的板），配合每托盘 2 颗 Vera CPU，可读成 **2 块板 × 4 张**；第一句单独看又可读成 **4 块板 × 2 张**。两种读法总数都是 8 张/托盘（与 POD 博客「eight ConnectX-9 SuperNICs」一致）。★ 本项目只把「每托盘 8 张、每机架 144 张」当确证事实；板级拆分取 4×2 建模，仅为 3D 摆位需要一个确定形态，**不得当作官方规格引用**。","{""id"":""src.nvidia-rubin-pod-blog"",""url"":""https://developer.nvidia.com/blog/nvidia-vera-rubin-pod-seven-chips-five-rack-scale-systems-one-ai-supercomputer/"",""localFile"":null,""locator"":""每托盘 8 张 ConnectX-9（POD 博客「eight ConnectX-9 SuperNICs」）÷ 4 块 SuperNIC 板（六芯片博客「quad ConnectX-9 SuperNIC boards」的一种读法）""}","2026-09-12","2026-03","保留厂商宣称、第三方推测或教学观点及证据标签，不作为官方硬件数学输入。"
"cmp.rubin.cx9-mezzanine:specs.cpuPairing","官方原文「Each quad ConnectX-9 SuperNIC board connects to each Vera CPU.」——网卡板接的是 Vera CPU","官方原文「Each quad ConnectX-9 SuperNIC board connects to each Vera CPU.」——网卡板接的是 Vera CPU","non-spec","retained","[""sys.vera-rubin-nvl72""]","ConnectX-9 SuperNIC 板（前置模块化仓）","null","ConnectX-9 SuperNIC 板（前置模块化仓） / cpuPairing；适用范围见限定条件与来源位置","not specified / not applicable","not applicable / unspecified","not applicable / unspecified","★ v1.5 订正：此前本项目记作「NVIDIA 未说明配对关系」，实为漏检——官方明确说了网卡板接 Vera CPU。⚠️ 但「each…to each」这个说法本身有歧义（一块板对应一颗 CPU？还是每块板都接到每颗 CPU？），官方也没给出板数，因此只记录「网卡板挂在 Vera CPU 上」这个方向性事实，不据此反推板数——见 boardsPerTray 的歧义留痕。GB300 一代的对应说法是「每颗 Grace 配一块夹层板」。","{""id"":""src.nvidia-rubin-chips-blog"",""url"":""https://developer.nvidia.com/blog/inside-the-nvidia-rubin-platform-six-new-chips-one-ai-supercomputer/"",""localFile"":null,""locator"":""ConnectX-9 节，「Each quad ConnectX-9 SuperNIC board connects to each Vera CPU.」""}","2026-09-12","2026-01","保留厂商宣称、第三方推测或教学观点及证据标签，不作为官方硬件数学输入。"
"cmp.rubin.cx9-mezzanine:specs.mounting","托盘正面模块化仓，经 PCB 中板与超级芯片相连","托盘正面模块化仓，经 PCB 中板与超级芯片相连","reviewed","retained","[""sys.vera-rubin-nvl72""]","ConnectX-9 SuperNIC 板（前置模块化仓）","null","ConnectX-9 SuperNIC 板（前置模块化仓） / mounting；适用范围见限定条件与来源位置","not specified / not applicable","not applicable / unspecified","not applicable / unspecified","","{""id"":""src.nvidia-rubin-pod-blog"",""url"":""https://developer.nvidia.com/blog/nvidia-vera-rubin-pod-seven-chips-five-rack-scale-systems-one-ai-supercomputer/"",""localFile"":null,""locator"":""Compute and NVLink Switch trays 节，「connected to the front modular bays that house eight ConnectX-9 SuperNICs and one BlueField-4 DPU through the PCB midplane」""}","2026-09-12","2026-03","已按所列官方位置核验并采纳；限定条件随值展示。"
"cmp.rubin.connectx-9:specs.bandwidthGbs","800","800","reviewed","retained","[""sys.vera-rubin-nvl72""]","NVIDIA ConnectX-9 SuperNIC","Gb/s","NVIDIA ConnectX-9 SuperNIC / bandwidthGbs；适用范围见限定条件与来源位置","not specified / not applicable","not applicable / unspecified","not applicable / unspecified","单口速率与 GB300 的 ConnectX-8 相同；变的是每 GPU 配几张。","{""id"":""src.nvidia-rubin-chips-blog"",""url"":""https://developer.nvidia.com/blog/inside-the-nvidia-rubin-platform-six-new-chips-one-ai-supercomputer/"",""localFile"":null,""locator"":""ConnectX-9 图注，「800 Gb/s per port, programmable RDMA transport」（DGX 规格表同口径：「144x OSFP single-port ConnectX-9 VPI with 800 Gb/s」）""}","2026-09-12","2026-01","已按所列官方位置核验并采纳；限定条件随值展示。"
"cmp.rubin.connectx-9:specs.perGpuBandwidthTbs","1.6","1.6","scope-conflict","retained","[""sys.vera-rubin-nvl72""]","NVIDIA ConnectX-9 SuperNIC","Tb/s","NVIDIA ConnectX-9 SuperNIC / perGpuBandwidthTbs；适用范围见限定条件与来源位置","unidirectional","not applicable / unspecified","not applicable / unspecified","DGX 已列网口配置折合 1.6 Tb/s/ GPU 单向；当前 NVL72 网页 MaxLPS 的 0.45 TB/s/GPU 双向是另一组系统规格。实际网卡板数与端口映射仍需确认。Preliminary information，所有值以配置为准。","{""id"":""src.nvidia-dgx-rubin-page"",""url"":""https://www.nvidia.com/en-us/data-center/dgx-vera-rubin-nvl72/"",""localFile"":null,""locator"":""DGX specifications / 144 × 800 Gb/s ports ÷ 72 GPUs""}","2026-09-12","2026-08","原始资料存在配置、数量或范围差异；保留出处供对照，不作为已确认的统一配置。 DGX 已列网口配置折合 1.6 Tb/s/ GPU 单向；当前 NVL72 网页 MaxLPS 的 0.45 TB/s/GPU 双向是另一组系统规格。实际网卡板数与端口映射仍需确认。Preliminary information，所有值以配置为准。"
"cmp.rubin.connectx-9:specs.gpuToNicRatio","1:2（每张 GPU 两张 800 Gb/s 单口卡）","1:2（每张 GPU 两张 800 Gb/s 单口卡）","scope-conflict","retained","[""sys.vera-rubin-nvl72""]","NVIDIA ConnectX-9 SuperNIC","null","NVIDIA ConnectX-9 SuperNIC / gpuToNicRatio；适用范围见限定条件与来源位置","not specified / not applicable","not applicable / unspecified","not applicable / unspecified","GB300 同口径为 1:1。
⚠️ 官方规格表脚注 1：「Preliminary information. All values are up to and subject to change.」（预发布口径，不是量产验收值）","{""id"":""src.nvidia-dgx-rubin-page"",""url"":""https://www.nvidia.com/en-us/data-center/dgx-vera-rubin-nvl72/"",""localFile"":null,""locator"":""DGX 规格表 Networking 行，「144x OSFP single-port ConnectX-9」÷ 72 张 GPU""}","2026-09-12","2026-08","原始资料存在配置、数量或范围差异；保留出处供对照，不作为已确认的统一配置。 GB300 同口径为 1:1。
⚠️ 官方规格表脚注 1：「Preliminary information. All values are up to and subject to change.」（预发布口径，不是量产验收值）"
"cmp.rubin.connectx-9:specs.nicsPerTray","8","8","reviewed","retained","[""sys.vera-rubin-nvl72""]","NVIDIA ConnectX-9 SuperNIC","个","NVIDIA ConnectX-9 SuperNIC / nicsPerTray；适用范围见限定条件与来源位置","not specified / not applicable","not applicable / unspecified","not applicable / unspecified","","{""id"":""src.nvidia-rubin-pod-blog"",""url"":""https://developer.nvidia.com/blog/nvidia-vera-rubin-pod-seven-chips-five-rack-scale-systems-one-ai-supercomputer/"",""localFile"":null,""locator"":""Compute and NVLink Switch trays 节，「eight ConnectX-9 SuperNICs」""}","2026-09-12","2026-03","已按所列官方位置核验并采纳；限定条件随值展示。"
"cmp.rubin.connectx-9:specs.serdes","200G PAM4 SerDes","200G PAM4 SerDes","reviewed","retained","[""sys.vera-rubin-nvl72""]","NVIDIA ConnectX-9 SuperNIC","null","NVIDIA ConnectX-9 SuperNIC / serdes；适用范围见限定条件与来源位置","not specified / not applicable","not applicable / unspecified","not applicable / unspecified","","{""id"":""src.nvidia-rubin-chips-blog"",""url"":""https://developer.nvidia.com/blog/inside-the-nvidia-rubin-platform-six-new-chips-one-ai-supercomputer/"",""localFile"":null,""locator"":""ConnectX-9 图注，「1.6 Tb/s bandwidth using 200G PAM4 SerDes」""}","2026-09-12","2026-01","已按所列官方位置核验并采纳；限定条件随值展示。"
"cmp.rubin.connectx-9:specs.dualPlaneSplit","null","null","not-found","retained","[""sys.vera-rubin-nvl72""]","NVIDIA ConnectX-9 SuperNIC","null","NVIDIA ConnectX-9 SuperNIC / dualPlaneSplit；适用范围见限定条件与来源位置","not specified / not applicable","not applicable / unspecified","not applicable / unspecified","NVIDIA 未公布 Vera Rubin 的双平面接线口径（GB300 一代明确「800 Gb/s 拆成 2×400 Gb/s 分接两台 leaf」）；DGX 规格表只写明是单口 800 Gb/s OSFP。","{""id"":""src.nvidia-dgx-rubin-page"",""url"":""https://www.nvidia.com/en-us/data-center/dgx-vera-rubin-nvl72/"",""localFile"":null,""locator"":null}","2026-09-12","2026-08","截至 2026-09-12，所查官方资料仍未提供可采纳的适用值；不能据此断言从未公开。 NVIDIA 未公布 Vera Rubin 的双平面接线口径（GB300 一代明确「800 Gb/s 拆成 2×400 Gb/s 分接两台 leaf」）；DGX 规格表只写明是单口 800 Gb/s OSFP。"
"cmp.rubin.bluefield-4:specs.aggregateBandwidthGbs","800","800","reviewed","retained","[""sys.vera-rubin-nvl72"",""sys.groq3-lpx""]","NVIDIA BlueField-4 DPU","Gb/s","NVIDIA BlueField-4 DPU / aggregateBandwidthGbs；适用范围见限定条件与来源位置","not specified / not applicable","not applicable / unspecified","not applicable / unspecified","★ v1.5 订正：**同代对照应取 400 Gb/s**——同一篇博客的 Table 5「NVIDIA BlueField DPU capability comparison」写着「Bandwidth | BlueField-3 400 Gb/s | BlueField-4 800 Gb/s」，正好是官方点名的「2x networking performance」。此前本项目写的「BF-3 同口径约 480 Gb/s」是错的：那个 480 出自 GB300 企业参考架构的「can handle an aggregate bandwidth of approximately 480 Gb/s」，说的是**节点南北向汇聚网带宽**，不是 BlueField-3 的芯片规格，两者不同口径、不能对比。","{""id"":""src.nvidia-rubin-chips-blog"",""url"":""https://developer.nvidia.com/blog/inside-the-nvidia-rubin-platform-six-new-chips-one-ai-supercomputer/"",""localFile"":null,""locator"":""BlueField-4 图注（Figure 13），「NVIDIA ConnectX-9 networking delivering up to 800 Gb/s using 200G SerDes over PCIe Gen6」""}","2026-09-12","2026-01","已按所列官方位置核验并采纳；限定条件随值展示。"
"cmp.rubin.bluefield-4:specs.portType","双口 VPI，每口 400 Gb/s（InfiniBand 或以太网）","双口 VPI，每口 400 Gb/s（InfiniBand 或以太网）","reviewed","retained","[""sys.vera-rubin-nvl72"",""sys.groq3-lpx""]","NVIDIA BlueField-4 DPU","null","NVIDIA BlueField-4 DPU / portType；适用范围见限定条件与来源位置","not specified / not applicable","not applicable / unspecified","not applicable / unspecified","⚠️ 官方规格表脚注 1：「Preliminary information. All values are up to and subject to change.」（预发布口径，不是量产验收值）","{""id"":""src.nvidia-dgx-rubin-page"",""url"":""https://www.nvidia.com/en-us/data-center/dgx-vera-rubin-nvl72/"",""localFile"":null,""locator"":""DGX 规格表 Networking 行，「18x dual-port NVIDIA BlueField-4 VPI with 400 Gb/s NVIDIA InfiniBand and Ethernet」""}","2026-09-12","2026-08","已按所列官方位置核验并采纳；限定条件随值展示。"
"cmp.rubin.bluefield-4:specs.cpuCores","64","64","reviewed","retained","[""sys.vera-rubin-nvl72"",""sys.groq3-lpx""]","NVIDIA BlueField-4 DPU","核","NVIDIA BlueField-4 DPU / cpuCores；适用范围见限定条件与来源位置","not specified / not applicable","not applicable / unspecified","not applicable / unspecified","BlueField-4 DPU 使用 Grace / Neoverse V2；Vera CPU 属于另列的 STX 存储处理器。","{""id"":""src.nvidia-bf4-datasheet"",""url"":""https://dam-cdn.nvd.orangelogic.com/AssetLink/whs8mhb340t412js4612g3356607hapf.pdf"",""localFile"":null,""locator"":""p.2 / CPU""}","2026-09-12","2026-09","已按所列官方位置核验并采纳；限定条件随值展示。"
"cmp.rubin.bluefield-4:specs.memoryBandwidthGBs","250","250","reviewed","retained","[""sys.vera-rubin-nvl72"",""sys.groq3-lpx""]","NVIDIA BlueField-4 DPU","GB/s","NVIDIA BlueField-4 DPU / memoryBandwidthGBs；适用范围见限定条件与来源位置","not specified / not applicable","not applicable / unspecified","not applicable / unspecified","","{""id"":""src.nvidia-rubin-chips-blog"",""url"":""https://developer.nvidia.com/blog/inside-the-nvidia-rubin-platform-six-new-chips-one-ai-supercomputer/"",""localFile"":null,""locator"":""BlueField-4 图注，「250 GB/s of LPDDR5 memory bandwidth」""}","2026-09-12","2026-01","已按所列官方位置核验并采纳；限定条件随值展示。"
"cmp.rubin.bluefield-4:specs.vsPreviousGen","相对 BlueField-3：2× 网络、6× 算力、3× 内存带宽","相对 BlueField-3：2× 网络、6× 算力、3× 内存带宽","non-spec","retained","[""sys.vera-rubin-nvl72"",""sys.groq3-lpx""]","NVIDIA BlueField-4 DPU","null","NVIDIA BlueField-4 DPU / vsPreviousGen；适用范围见限定条件与来源位置","not specified / not applicable","not applicable / unspecified","not applicable / unspecified","★ v1.5 复核结论：这句**确为原文逐字**（曾被怀疑是合成句，经全文检索确认存在），只是位置写错了——它在图 19 的模块对照图注里，不是 BlueField-4 那张图（图 13）的图注，locator 已订正。同文 Table 5 给出可核对的分项：Bandwidth 400 → 800 Gb/s、Compute 16 Arm A78 → 64 Arm Neoverse V2（6x）。 厂商在特定比较条件下的效率 / 工序收益宣称，不是可保证的硬件额定规格。","{""id"":""src.nvidia-rubin-chips-blog"",""url"":""https://developer.nvidia.com/blog/inside-the-nvidia-rubin-platform-six-new-chips-one-ai-supercomputer/"",""localFile"":null,""locator"":""图 19（ConnectX-9 与 BlueField-4 模块）图注，「…generational gains of 2x networking performance, 6x compute, and 3x memory bandwidth versus BlueField-3」""}","2026-09-12","2026-01","保留厂商宣称、第三方推测或教学观点及证据标签，不作为官方硬件数学输入。"
"cmp.rubin.bluefield-4:specs.inlineCryptoGbs","800","800","reviewed","retained","[""sys.vera-rubin-nvl72"",""sys.groq3-lpx""]","NVIDIA BlueField-4 DPU","Gb/s","NVIDIA BlueField-4 DPU / inlineCryptoGbs；适用范围见限定条件与来源位置","not specified / not applicable","not applicable / unspecified","not applicable / unspecified","★ v1.5 订正 locator：此前标为「BlueField-4 节」（正文），实际出现在图 13 的图注里，正文没有这句。","{""id"":""src.nvidia-rubin-chips-blog"",""url"":""https://developer.nvidia.com/blog/inside-the-nvidia-rubin-platform-six-new-chips-one-ai-supercomputer/"",""localFile"":null,""locator"":""图 13（BlueField-4 DPU）图注，「…zero-trust security capabilities such as 800 Gb/s inline cryptography using AES-XTS, real-time data inspection, and threat detection for secure AI infrastructure」""}","2026-09-12","2026-01","已按所列官方位置核验并采纳；限定条件随值展示。"
"cmp.rubin.bluefield-4:specs.operatingMode","null","null","not-found","retained","[""sys.vera-rubin-nvl72"",""sys.groq3-lpx""]","NVIDIA BlueField-4 DPU","null","NVIDIA BlueField-4 DPU / operatingMode；适用范围见限定条件与来源位置","not specified / not applicable","not applicable / unspecified","not applicable / unspecified","NVIDIA 未公布 Vera Rubin 参考设计里 BlueField-4 的工作模式（GB300 企业参考架构明确用 ECPF/DPU 模式）。","{""id"":""src.nvidia-dgx-rubin-page"",""url"":""https://www.nvidia.com/en-us/data-center/dgx-vera-rubin-nvl72/"",""localFile"":null,""locator"":null}","2026-09-12","2026-08","截至 2026-09-12，所查官方资料仍未提供可采纳的适用值；不能据此断言从未公开。 NVIDIA 未公布 Vera Rubin 参考设计里 BlueField-4 的工作模式（GB300 企业参考架构明确用 ECPF/DPU 模式）。"
"cmp.rubin.bluefield-4:specs.oobPortGbs","null","1","reviewed","corrected","[""sys.vera-rubin-nvl72"",""sys.groq3-lpx""]","NVIDIA BlueField-4 DPU","Gb/s","NVIDIA BlueField-4 DPU / oobPortGbs；适用范围见限定条件与来源位置","not specified / not applicable","not applicable / unspecified","not applicable / unspecified","","{""id"":""src.nvidia-bf4-datasheet"",""url"":""https://dam-cdn.nvd.orangelogic.com/AssetLink/whs8mhb340t412js4612g3356607hapf.pdf"",""localFile"":null,""locator"":""p.2 / Management""}","2026-09-12","2026-09","已按所列官方位置核验并采纳；限定条件随值展示。"
"cmp.rubin.mgx-rack:specs.liquidCooled","true","true","reviewed","retained","[""sys.vera-rubin-nvl72""]","第三代 MGX 液冷机架","null","第三代 MGX 液冷机架 / liquidCooled；适用范围见限定条件与来源位置","not specified / not applicable","not applicable / unspecified","not applicable / unspecified","","{""id"":""src.nvidia-rubin-gpu-blog"",""url"":""https://developer.nvidia.com/blog/inside-nvidia-rubin-gpu-architecture-powering-the-era-of-agentic-ai/"",""localFile"":null,""locator"":""机架节，「third-generation MGX rack architecture combines cable-free compute and switch trays, 45°C liquid cooling…」""}","2026-09-12","2026-07","已按所列官方位置核验并采纳；限定条件随值展示。"
"cmp.rubin.mgx-rack:specs.coolantSupplyTempC","45","45","reviewed","retained","[""sys.vera-rubin-nvl72""]","第三代 MGX 液冷机架","°C","第三代 MGX 液冷机架 / coolantSupplyTempC；适用范围见限定条件与来源位置","not specified / not applicable","not applicable / unspecified","not applicable / unspecified","","{""id"":""src.nvidia-rubin-gpu-blog"",""url"":""https://developer.nvidia.com/blog/inside-nvidia-rubin-gpu-architecture-powering-the-era-of-agentic-ai/"",""localFile"":null,""locator"":""机架节，「…45°C liquid cooling, dynamic rack-scale power steering, and Intelligent Power Smoothing」""}","2026-09-12","2026-07","已按所列官方位置核验并采纳；限定条件随值展示。"
"cmp.rubin.mgx-rack:specs.mgxGeneration","第三代 MGX（单宽）","第三代 MGX（单宽）","reviewed","retained","[""sys.vera-rubin-nvl72""]","第三代 MGX 液冷机架","null","第三代 MGX 液冷机架 / mgxGeneration；适用范围见限定条件与来源位置","not specified / not applicable","not applicable / unspecified","not applicable / unspecified","","{""id"":""src.nvidia-rubin-pod-blog"",""url"":""https://developer.nvidia.com/blog/nvidia-vera-rubin-pod-seven-chips-five-rack-scale-systems-one-ai-supercomputer/"",""localFile"":null,""locator"":""NVIDIA Vera Rubin NVL72 节，「all packed into a single-wide third-generation NVIDIA MGX rack」""}","2026-09-12","2026-03","已按所列官方位置核验并采纳；限定条件随值展示。"
"cmp.rubin.mgx-rack:specs.namingHistory","曾名 Vera Rubin NVL144，官方于 2025-10 改名为 Vera Rubin NVL72（官方只称之为 branding change，未给原因）","曾名 Vera Rubin NVL144，官方于 2025-10 改名为 Vera Rubin NVL72（官方只称之为 branding change，未给原因）","reviewed","retained","[""sys.vera-rubin-nvl72""]","第三代 MGX 液冷机架","null","第三代 MGX 液冷机架 / namingHistory；适用范围见限定条件与来源位置","not specified / not applicable","not applicable / unspecified","not applicable / unspecified","★ 这是官方对这次改名的**唯一**留痕，且只说了「branding change」四个字。业界常见的解释「NVL144 按 die 数、NVL72 按封装数」与官方「一封装 = 一张 GPU」的口径自洽，但**官方从未这样说过**——引用时请标明这是推断。售前含义：客户手上 2025 年的材料如果写着「Vera Rubin NVL144」，指的就是同一台 NVL72，不是另一款产品；真正独立的 NVL144 是下一代 Kyber 机架（POD 博客：「Kyber will first be introduced with Vera Rubin Ultra as a standalone NVL144 system」），两者别混。","{""id"":""src.nvidia-ocp-vera-rubin-blog"",""url"":""https://blogs.nvidia.com/blog/gigawatt-ai-factories-ocp-vera-rubin/"",""localFile"":null,""locator"":""文首编者按，「Editor's note: This blog has been updated to reflect a branding change from Vera Rubin NVL144 to Vera Rubin NVL72.」""}","2026-09-12","2025-10","已按所列官方位置核验并采纳；限定条件随值展示。"
"cmp.rubin.mgx-rack:specs.cableFree","true","true","reviewed","retained","[""sys.vera-rubin-nvl72""]","第三代 MGX 液冷机架","null","第三代 MGX 液冷机架 / cableFree；适用范围见限定条件与来源位置","not specified / not applicable","not applicable / unspecified","not applicable / unspecified","★ 口径边界：官方 cable-free 的主语始终是 **tray**（发布稿写 cable-free *tray* design，POD 博客写 cable-free… compute and NVLink switch *trays*），不是整台机架。机架后部仍有 NVLink 铜缆脊柱（4 个线缆匣、约 5,000 根铜缆），见 cmp.rubin.nvlink-midplane。","{""id"":""src.nvidia-rubin-press"",""url"":""https://nvidianews.nvidia.com/news/rubin-platform-ai-supercomputer"",""localFile"":null,""locator"":""Second-Generation RAS Engine 节，「The rack's modular, cable-free tray design enables up to 18x faster assembly and servicing than Blackwell.」（POD 博客同口径：「It unlocks completely modular, cable-free, hose-free, and fanless compute and NVLink switch trays」）""}","2026-09-12","2026-01","已按所列官方位置核验并采纳；限定条件随值展示。"
"cmp.rubin.mgx-rack:specs.componentCount","1300000","1300000","reviewed","retained","[""sys.vera-rubin-nvl72""]","第三代 MGX 液冷机架","个","第三代 MGX 液冷机架 / componentCount；适用范围见限定条件与来源位置","not specified / not applicable","not applicable / unspecified","not applicable / unspecified","","{""id"":""src.nvidia-rubin-pod-blog"",""url"":""https://developer.nvidia.com/blog/nvidia-vera-rubin-pod-seven-chips-five-rack-scale-systems-one-ai-supercomputer/"",""localFile"":null,""locator"":""NVIDIA Vera Rubin NVL72 节，「the rack houses 1.3 million individual components, nearly 1,300 chips」""}","2026-09-12","2026-03","已按所列官方位置核验并采纳；限定条件随值展示。"
"cmp.rubin.mgx-rack:specs.weightKg","1814","1814","reviewed","retained","[""sys.vera-rubin-nvl72""]","第三代 MGX 液冷机架","kg","第三代 MGX 液冷机架 / weightKg；适用范围见限定条件与来源位置","not specified / not applicable","not applicable / unspecified","not applicable / unspecified","官方口径是「roughly 4,000 lbs」，此处按 1 lb = 0.4536 kg 换算为约 1,814 kg。","{""id"":""src.nvidia-rubin-pod-blog"",""url"":""https://developer.nvidia.com/blog/nvidia-vera-rubin-pod-seven-chips-five-rack-scale-systems-one-ai-supercomputer/"",""localFile"":null,""locator"":""NVIDIA Vera Rubin NVL72 节，「a single-wide third-generation NVIDIA MGX rack weighing roughly 4,000 lbs」""}","2026-09-12","2026-03","已按所列官方位置核验并采纳；限定条件随值展示。"
"cmp.rubin.mgx-rack:specs.leakDetection","null","null","not-found","retained","[""sys.vera-rubin-nvl72""]","第三代 MGX 液冷机架","null","第三代 MGX 液冷机架 / leakDetection；适用范围见限定条件与来源位置","not specified / not applicable","not applicable / unspecified","not applicable / unspecified","NVIDIA 未公布 Vera Rubin 机架的液体泄漏检测方案（GB300 一代明确有 tray/rack 双层检测）。","{""id"":""src.nvidia-rubin-pod-blog"",""url"":""https://developer.nvidia.com/blog/nvidia-vera-rubin-pod-seven-chips-five-rack-scale-systems-one-ai-supercomputer/"",""localFile"":null,""locator"":null}","2026-09-12","2026-03","截至 2026-09-12，所查官方资料仍未提供可采纳的适用值；不能据此断言从未公开。 NVIDIA 未公布 Vera Rubin 机架的液体泄漏检测方案（GB300 一代明确有 tray/rack 双层检测）。"
"cmp.rubin.mgx-rack:specs.heightU","null","null","not-found","retained","[""sys.vera-rubin-nvl72""]","第三代 MGX 液冷机架","U","第三代 MGX 液冷机架 / heightU；适用范围见限定条件与来源位置","not specified / not applicable","not applicable / unspecified","not applicable / unspecified","NVIDIA 未公布机架 U 高与逐 U 布局；本项目 3D 摆位使用与 GB300 相同的示意占位高度。","{""id"":""src.nvidia-rubin-pod-blog"",""url"":""https://developer.nvidia.com/blog/nvidia-vera-rubin-pod-seven-chips-five-rack-scale-systems-one-ai-supercomputer/"",""localFile"":null,""locator"":null}","2026-09-12","2026-03","截至 2026-09-12，所查官方资料仍未提供可采纳的适用值；不能据此断言从未公开。 NVIDIA 未公布机架 U 高与逐 U 布局；本项目 3D 摆位使用与 GB300 相同的示意占位高度。"
"cmp.rubin.nvlink-midplane:specs.medium","机架后部铜缆脊柱（4 个预集成线缆匣）+ 托盘内 PCB 中板","机架后部铜缆脊柱（4 个预集成线缆匣）+ 托盘内 PCB 中板","reviewed","retained","[""sys.vera-rubin-nvl72""]","NVLink 铜缆脊柱（Spine）+ 托盘 PCB 中板","null","NVLink 铜缆脊柱（Spine）+ 托盘 PCB 中板 / medium；适用范围见限定条件与来源位置","not specified / not applicable","not applicable / unspecified","not applicable / unspecified","⚠️ 两句官方话都要如实呈现，**不要用一句去否定另一句**：官方既没有说明这 5,000 根铜缆与 PCB 中板在电气上如何分工，也没有说中板完全不参与 NVLink。能确定的只有——机架级 NVLink 的高速传输发生在后部铜缆脊柱里，而中板官方点名的连接对象是超级芯片与前部网卡仓。GB300 一代的同一位置是 copper backplane（铜背板），**两代的机架脊柱同为铜缆形态**；代际差异在托盘内部（Vera Rubin 的 cable-free tray），不在机架脊柱。","{""id"":""src.nvidia-rubin-pod-blog"",""url"":""https://developer.nvidia.com/blog/nvidia-vera-rubin-pod-seven-chips-five-rack-scale-systems-one-ai-supercomputer/"",""localFile"":null,""locator"":""NVIDIA Vera Rubin NVL72 节，「This high-speed data transfer happens in the NVLink spine at the back of the rack, which features four modular preintegrated cable cartridges housing 5,000 copper cables over two miles in length.」；Compute and NVLink Switch trays 节，「The superchips are connected to the front modular bays that house eight ConnectX-9 SuperNICs and one BlueField-4 DPU through the PCB midplane.」""}","2026-09-12","2026-03","已按所列官方位置核验并采纳；限定条件随值展示。"
"cmp.rubin.nvlink-midplane:specs.cableCount","5000","5000","reviewed","retained","[""sys.vera-rubin-nvl72""]","NVLink 铜缆脊柱（Spine）+ 托盘 PCB 中板","根","NVLink 铜缆脊柱（Spine）+ 托盘 PCB 中板 / cableCount；适用范围见限定条件与来源位置","not specified / not applicable","not applicable / unspecified","not applicable / unspecified","官方措辞是「5,000 copper cables over two miles in length」（约 3.2 km 总长度）。这是**机架后部 NVLink 脊柱**里的铜缆根数，不是「PCB 中板内部的链路根数」——中板走的是 PCB 走线，官方未给根数。","{""id"":""src.nvidia-rubin-pod-blog"",""url"":""https://developer.nvidia.com/blog/nvidia-vera-rubin-pod-seven-chips-five-rack-scale-systems-one-ai-supercomputer/"",""localFile"":null,""locator"":""NVIDIA Vera Rubin NVL72 节，「…four modular preintegrated cable cartridges housing 5,000 copper cables over two miles in length」""}","2026-09-12","2026-03","已按所列官方位置核验并采纳；限定条件随值展示。"
"cmp.rubin.nvlink-midplane:specs.cableCartridgeCount","4","4","reviewed","retained","[""sys.vera-rubin-nvl72""]","NVLink 铜缆脊柱（Spine）+ 托盘 PCB 中板","个","NVLink 铜缆脊柱（Spine）+ 托盘 PCB 中板 / cableCartridgeCount；适用范围见限定条件与来源位置","not specified / not applicable","not applicable / unspecified","not applicable / unspecified","★ 售前含义：线缆匣是**预集成、预验证**的整体件，MGX NVL 与 MGX ETL 两种机架共用同一套机械形态（官方原话「shares the same mechanical form factor for both MGX NVL and MGX ETL racks」）——维护粒度是「换一个匣」，不是「插一根线」。","{""id"":""src.nvidia-rubin-pod-blog"",""url"":""https://developer.nvidia.com/blog/nvidia-vera-rubin-pod-seven-chips-five-rack-scale-systems-one-ai-supercomputer/"",""localFile"":null,""locator"":""NVIDIA Vera Rubin NVL72 节，「four modular preintegrated cable cartridges」（通用形态另见「The rack features a highly modular spine as its backplane, consisting of up to four preintegrated and prevalidated copper cable cartridges that connect each tray as one.」）""}","2026-09-12","2026-03","已按所列官方位置核验并采纳；限定条件随值展示。"
"cmp.rubin.power-shelf:specs.powerFeatures","动态机架级功率调度（power steering）+ 智能功率平滑（Intelligent Power Smoothing）","动态机架级功率调度（power steering）+ 智能功率平滑（Intelligent Power Smoothing）","reviewed","retained","[""sys.vera-rubin-nvl72""]","Vera Rubin 机架供电层","null","Vera Rubin 机架供电层 / powerFeatures；适用范围见限定条件与来源位置","not specified / not applicable","not applicable / unspecified","not applicable / unspecified","","{""id"":""src.nvidia-rubin-gpu-blog"",""url"":""https://developer.nvidia.com/blog/inside-nvidia-rubin-gpu-architecture-powering-the-era-of-agentic-ai/"",""localFile"":null,""locator"":""机架节，「…dynamic rack-scale power steering, and Intelligent Power Smoothing」""}","2026-09-12","2026-07","已按所列官方位置核验并采纳；限定条件随值展示。"
"cmp.rubin.power-shelf:specs.gpuDensityGain","同等功率包络下 GPU 数量最多 +40%","同等功率包络下 GPU 数量最多 +40%","non-spec","retained","[""sys.vera-rubin-nvl72""]","Vera Rubin 机架供电层","null","Vera Rubin 机架供电层 / gpuDensityGain；适用范围见限定条件与来源位置","not specified / not applicable","not applicable / unspecified","not applicable / unspecified"," 厂商在特定比较条件下的效率 / 工序收益宣称，不是可保证的硬件额定规格。","{""id"":""src.nvidia-rubin-gpu-blog"",""url"":""https://developer.nvidia.com/blog/inside-nvidia-rubin-gpu-architecture-powering-the-era-of-agentic-ai/"",""localFile"":null,""locator"":""机架节，「up to 40% more GPUs within the same power envelope」""}","2026-09-12","2026-07","保留厂商宣称、第三方推测或教学观点及证据标签，不作为官方硬件数学输入。"
"cmp.rubin.power-shelf:specs.shelvesPerRack","null","null","not-found","retained","[""sys.vera-rubin-nvl72""]","Vera Rubin 机架供电层","个","Vera Rubin 机架供电层 / shelvesPerRack；适用范围见限定条件与来源位置","not specified / not applicable","not applicable / unspecified","not applicable / unspecified","NVIDIA 未公布 Vera Rubin 机架的电源架数量。","{""id"":""src.nvidia-vera-rubin-page"",""url"":""https://www.nvidia.com/en-us/data-center/vera-rubin-nvl72/"",""localFile"":null,""locator"":null}","2026-09-12","2026-08","截至 2026-09-12，所查官方资料仍未提供可采纳的适用值；不能据此断言从未公开。 NVIDIA 未公布 Vera Rubin 机架的电源架数量。"
"cmp.rubin.power-shelf:specs.shelfPowerKW","null","null","not-found","retained","[""sys.vera-rubin-nvl72""]","Vera Rubin 机架供电层","kW","Vera Rubin 机架供电层 / shelfPowerKW；适用范围见限定条件与来源位置","not specified / not applicable","not applicable / unspecified","not applicable / unspecified","NVIDIA 未公布单个电源架的输出功率。","{""id"":""src.nvidia-vera-rubin-page"",""url"":""https://www.nvidia.com/en-us/data-center/vera-rubin-nvl72/"",""localFile"":null,""locator"":null}","2026-09-12","2026-08","截至 2026-09-12，所查官方资料仍未提供可采纳的适用值；不能据此断言从未公开。 NVIDIA 未公布单个电源架的输出功率。"
"cmp.rubin.power-shelf:specs.psusPerShelf","null","null","not-found","retained","[""sys.vera-rubin-nvl72""]","Vera Rubin 机架供电层","个","Vera Rubin 机架供电层 / psusPerShelf；适用范围见限定条件与来源位置","not specified / not applicable","not applicable / unspecified","not applicable / unspecified","NVIDIA 未公布每个电源架的电源模块数。","{""id"":""src.nvidia-vera-rubin-page"",""url"":""https://www.nvidia.com/en-us/data-center/vera-rubin-nvl72/"",""localFile"":null,""locator"":null}","2026-09-12","2026-08","截至 2026-09-12，所查官方资料仍未提供可采纳的适用值；不能据此断言从未公开。 NVIDIA 未公布每个电源架的电源模块数。"
"cmp.rubin.power-shelf:specs.psuPowerKW","null","null","not-found","retained","[""sys.vera-rubin-nvl72""]","Vera Rubin 机架供电层","kW","Vera Rubin 机架供电层 / psuPowerKW；适用范围见限定条件与来源位置","not specified / not applicable","not applicable / unspecified","not applicable / unspecified","NVIDIA 未公布单个电源模块的功率。","{""id"":""src.nvidia-vera-rubin-page"",""url"":""https://www.nvidia.com/en-us/data-center/vera-rubin-nvl72/"",""localFile"":null,""locator"":null}","2026-09-12","2026-08","截至 2026-09-12，所查官方资料仍未提供可采纳的适用值；不能据此断言从未公开。 NVIDIA 未公布单个电源模块的功率。"
"cmp.rubin.power-shelf:specs.redundancyMode","null","null","not-found","retained","[""sys.vera-rubin-nvl72""]","Vera Rubin 机架供电层","null","Vera Rubin 机架供电层 / redundancyMode；适用范围见限定条件与来源位置","not specified / not applicable","not applicable / unspecified","not applicable / unspecified","NVIDIA 未声明冗余模式与掉电保持策略。","{""id"":""src.nvidia-vera-rubin-page"",""url"":""https://www.nvidia.com/en-us/data-center/vera-rubin-nvl72/"",""localFile"":null,""locator"":null}","2026-09-12","2026-08","截至 2026-09-12，所查官方资料仍未提供可采纳的适用值；不能据此断言从未公开。 NVIDIA 未声明冗余模式与掉电保持策略。"
"cmp.rubin.scaleout-switch:specs.roles","scale-out：Quantum-X800 InfiniBand 或 Spectrum-X 以太网","scale-out：Quantum-X800 InfiniBand 或 Spectrum-X 以太网","reviewed","retained","[""sys.vera-rubin-nvl72"",""sys.groq3-lpx""]","Spectrum-X 以太网 / Quantum-X800 InfiniBand 交换层","null","Spectrum-X 以太网 / Quantum-X800 InfiniBand 交换层 / roles；适用范围见限定条件与来源位置","not specified / not applicable","not applicable / unspecified","not applicable / unspecified","⚠️ 官方规格表脚注 1：「Preliminary information. All values are up to and subject to change.」（预发布口径，不是量产验收值）","{""id"":""src.nvidia-vera-rubin-page"",""url"":""https://www.nvidia.com/en-us/data-center/vera-rubin-nvl72/"",""localFile"":null,""locator"":""概览段，「It scales up intelligence in a rack-scale platform with the NVIDIA NVLink 6 switch and scales out with NVIDIA Quantum-X800 InfiniBand and Spectrum-X Ethernet.」""}","2026-09-12","2026-08","已按所列官方位置核验并采纳；限定条件随值展示。"
"cmp.rubin.scaleout-switch:specs.ethernetGeneration","Spectrum-6（200G SerDes + 共封装光学）","Spectrum-6（200G SerDes + 共封装光学）","reviewed","retained","[""sys.vera-rubin-nvl72"",""sys.groq3-lpx""]","Spectrum-X 以太网 / Quantum-X800 InfiniBand 交换层","null","Spectrum-X 以太网 / Quantum-X800 InfiniBand 交换层 / ethernetGeneration；适用范围见限定条件与来源位置","not specified / not applicable","not applicable / unspecified","not applicable / unspecified","","{""id"":""src.nvidia-rubin-press"",""url"":""https://nvidianews.nvidia.com/news/rubin-platform-ai-supercomputer"",""localFile"":null,""locator"":""Next-Generation Ethernet Networking 节，「NVIDIA Spectrum-6 Ethernet… enabled by 200G SerDes communication circuitry, co-packaged optics and AI-optimized fabrics」""}","2026-09-12","2026-01","已按所列官方位置核验并采纳；限定条件随值展示。"
"cmp.rubin.scaleout-switch:specs.ports","null","null","not-found","retained","[""sys.vera-rubin-nvl72"",""sys.groq3-lpx""]","Spectrum-X 以太网 / Quantum-X800 InfiniBand 交换层","端口","Spectrum-X 以太网 / Quantum-X800 InfiniBand 交换层 / ports；适用范围见限定条件与来源位置","not specified / not applicable","not applicable / unspecified","not applicable / unspecified","NVIDIA 未公布 Vera Rubin scale-out 交换机的端口数。","{""id"":""src.nvidia-vera-rubin-page"",""url"":""https://www.nvidia.com/en-us/data-center/vera-rubin-nvl72/"",""localFile"":null,""locator"":null}","2026-09-12","2026-08","截至 2026-09-12，所查官方资料仍未提供可采纳的适用值；不能据此断言从未公开。 NVIDIA 未公布 Vera Rubin scale-out 交换机的端口数。"
"cmp.rubin.scaleout-switch:specs.portSpeedGbs","null","null","not-found","retained","[""sys.vera-rubin-nvl72"",""sys.groq3-lpx""]","Spectrum-X 以太网 / Quantum-X800 InfiniBand 交换层","Gb/s","Spectrum-X 以太网 / Quantum-X800 InfiniBand 交换层 / portSpeedGbs；适用范围见限定条件与来源位置","not specified / not applicable","not applicable / unspecified","not applicable / unspecified","NVIDIA 未公布该交换层的单端口速率。","{""id"":""src.nvidia-vera-rubin-page"",""url"":""https://www.nvidia.com/en-us/data-center/vera-rubin-nvl72/"",""localFile"":null,""locator"":null}","2026-09-12","2026-08","截至 2026-09-12，所查官方资料仍未提供可采纳的适用值；不能据此断言从未公开。 NVIDIA 未公布该交换层的单端口速率。"
"cmp.rubin.scaleout-switch:specs.switchesPerRack","null","null","deployment-dependent","retained","[""sys.vera-rubin-nvl72"",""sys.groq3-lpx""]","Spectrum-X 以太网 / Quantum-X800 InfiniBand 交换层","台","Spectrum-X 以太网 / Quantum-X800 InfiniBand 交换层 / switchesPerRack；适用范围见限定条件与来源位置","not specified / not applicable","not applicable / unspecified","not applicable / unspecified","尚无 Vera Rubin 专属参考架构，交换机台数需按实际规模设计。","{""id"":""src.nvidia-vera-rubin-page"",""url"":""https://www.nvidia.com/en-us/data-center/vera-rubin-nvl72/"",""localFile"":null,""locator"":null}","2026-09-12","2026-08","需要 OEM 型号、机房条件或部署拓扑才能确定；没有适用于所有系统的通用值。 尚无 Vera Rubin 专属参考架构，交换机台数需按实际规模设计。"
"cmp.rubin-ultra.gpu:specs.packageConfiguration","2 × reticle 尺寸 GPU die + 1 × NVLink I/O die","2 × reticle 尺寸 GPU die + 1 × NVLink I/O die","non-spec","retained","[""sys.rubin-ultra-nvl576""]","Rubin Ultra GPU（预测规格）","null","Rubin Ultra GPU（预测规格） / packageConfiguration；适用范围见限定条件与来源位置","not specified / not applicable","not applicable / unspecified","not applicable / unspecified","对照 Rubin 封装为「2 × reticle GPU die + 1 × C2C I/O die + 1 × NVLink I/O die」——Rubin Ultra 少了 C2C I/O die。","{""id"":""src.semianalysis-nvl576"",""url"":null,""localFile"":""sources/Rubin Ultra NVL576 架构：快速概览.pdf"",""locator"":""p.3 表①，Logic Die Configuration（Rubin Ultra 列）""}","2026-09-12","2026-08","保留厂商宣称、第三方推测或教学观点及证据标签，不作为官方硬件数学输入。"
"cmp.rubin-ultra.gpu:specs.memoryPerPackageGB","192","192","non-spec","retained","[""sys.rubin-ultra-nvl576""]","Rubin Ultra GPU（预测规格）","GB","Rubin Ultra GPU（预测规格） / memoryPerPackageGB；适用范围见限定条件与来源位置","not specified / not applicable","not applicable / unspecified","not applicable / unspecified","⚠️ 冲突留痕：该值**低于**同表 Rubin 的 288 GB HBM4，且写的是 HBM4 而非市场常说的 HBM4e。已按原表逐字核对（1200 dpi 放大），本项目不做「修正」。","{""id"":""src.semianalysis-nvl576"",""url"":null,""localFile"":""sources/Rubin Ultra NVL576 架构：快速概览.pdf"",""locator"":""p.3 表①，Memory (per Package) =「192GB HBM4」""}","2026-09-12","2026-08","保留厂商宣称、第三方推测或教学观点及证据标签，不作为官方硬件数学输入。"
"cmp.rubin-ultra.gpu:specs.hbmStacks","8","8","non-spec","retained","[""sys.rubin-ultra-nvl576""]","Rubin Ultra GPU（预测规格）","个","Rubin Ultra GPU（预测规格） / hbmStacks；适用范围见限定条件与来源位置","not specified / not applicable","not applicable / unspecified","not applicable / unspecified","","{""id"":""src.semianalysis-nvl576"",""url"":null,""localFile"":""sources/Rubin Ultra NVL576 架构：快速概览.pdf"",""locator"":""p.3 表①，HBM Stacks = 8""}","2026-09-12","2026-08","保留厂商宣称、第三方推测或教学观点及证据标签，不作为官方硬件数学输入。"
"cmp.rubin-ultra.gpu:specs.memoryBandwidthTBs","21","21","non-spec","retained","[""sys.rubin-ultra-nvl576""]","Rubin Ultra GPU（预测规格）","TB/s","Rubin Ultra GPU（预测规格） / memoryBandwidthTBs；适用范围见限定条件与来源位置","not specified / not applicable","not applicable / unspecified","not applicable / unspecified","","{""id"":""src.semianalysis-nvl576"",""url"":null,""localFile"":""sources/Rubin Ultra NVL576 架构：快速概览.pdf"",""locator"":""p.3 表①，Memory Bandwidth = 21TB/s""}","2026-09-12","2026-08","保留厂商宣称、第三方推测或教学观点及证据标签，不作为官方硬件数学输入。"
"cmp.rubin-ultra.gpu:specs.fp4DensePflopsPerPackage","35","35","non-spec","retained","[""sys.rubin-ultra-nvl576""]","Rubin Ultra GPU（预测规格）","PFLOPS","Rubin Ultra GPU（预测规格） / fp4DensePflopsPerPackage；适用范围见限定条件与来源位置","not specified / not applicable","FP4","dense","⚠️ 分析师表格数字，**不进 mathSpecs、不进产能估算**。与同表 Rubin 的 35 相同。","{""id"":""src.semianalysis-nvl576"",""url"":null,""localFile"":""sources/Rubin Ultra NVL576 架构：快速概览.pdf"",""locator"":""p.3 表①，FP4 PFLOPs - Dense (per Package) = 35""}","2026-09-12","2026-08","保留厂商宣称、第三方推测或教学观点及证据标签，不作为官方硬件数学输入。"
"cmp.rubin-ultra.gpu:specs.fp8DensePflopsPerPackage","17.5","17.5","non-spec","retained","[""sys.rubin-ultra-nvl576""]","Rubin Ultra GPU（预测规格）","PFLOPS","Rubin Ultra GPU（预测规格） / fp8DensePflopsPerPackage；适用范围见限定条件与来源位置","not specified / not applicable","FP8","dense","⚠️ 同上，不进产能估算。","{""id"":""src.semianalysis-nvl576"",""url"":null,""localFile"":""sources/Rubin Ultra NVL576 架构：快速概览.pdf"",""locator"":""p.3 表①，FP8 PFLOPs - Dense (per Package) = 17.5""}","2026-09-12","2026-08","保留厂商宣称、第三方推测或教学观点及证据标签，不作为官方硬件数学输入。"
"cmp.rubin-ultra.gpu:specs.tdpW","1,800 / 2,600","1,800 / 2,600","non-spec","retained","[""sys.rubin-ultra-nvl576""]","Rubin Ultra GPU（预测规格）","W","Rubin Ultra GPU（预测规格） / tdpW；适用范围见限定条件与来源位置","not specified / not applicable","not applicable / unspecified","not applicable / unspecified","p.4 正文：「支持单颗 Rubin Ultra GPU 最高 2.6 kW，尽管我们认为主流将是 1.8 kW」——后半句是分析师判断。","{""id"":""src.semianalysis-nvl576"",""url"":null,""localFile"":""sources/Rubin Ultra NVL576 架构：快速概览.pdf"",""locator"":""p.3 表①，GPU TDP (W) = 1,800/2,600""}","2026-09-12","2026-08","保留厂商宣称、第三方推测或教学观点及证据标签，不作为官方硬件数学输入。"
"cmp.rubin-ultra.gpu:specs.mainstreamTdpKW","1.8","1.8","non-spec","retained","[""sys.rubin-ultra-nvl576""]","Rubin Ultra GPU（预测规格）","kW","Rubin Ultra GPU（预测规格） / mainstreamTdpKW；适用范围见限定条件与来源位置","not specified / not applicable","not applicable / unspecified","not applicable / unspecified","文中明确的分析师预期（非事实陈述）。","{""id"":""src.semianalysis-nvl576"",""url"":null,""localFile"":""sources/Rubin Ultra NVL576 架构：快速概览.pdf"",""locator"":""p.4：「尽管我们认为主流将是 1.8KW」""}","2026-09-12","2026-08","保留厂商宣称、第三方推测或教学观点及证据标签，不作为官方硬件数学输入。"
"cmp.rubin-ultra.gpu:specs.foundryNode","N3P (3NP)","N3P (3NP)","non-spec","retained","[""sys.rubin-ultra-nvl576""]","Rubin Ultra GPU（预测规格）","null","Rubin Ultra GPU（预测规格） / foundryNode；适用范围见限定条件与来源位置","not specified / not applicable","not applicable / unspecified","not applicable / unspecified","","{""id"":""src.semianalysis-nvl576"",""url"":null,""localFile"":""sources/Rubin Ultra NVL576 架构：快速概览.pdf"",""locator"":""p.3 表①，Foundry Node = N3P (3NP)""}","2026-09-12","2026-08","保留厂商宣称、第三方推测或教学观点及证据标签，不作为官方硬件数学输入。"
"cmp.rubin-ultra.gpu:specs.packaging","CoWoS-L","CoWoS-L","non-spec","retained","[""sys.rubin-ultra-nvl576""]","Rubin Ultra GPU（预测规格）","null","Rubin Ultra GPU（预测规格） / packaging；适用范围见限定条件与来源位置","not specified / not applicable","not applicable / unspecified","not applicable / unspecified","","{""id"":""src.semianalysis-nvl576"",""url"":null,""localFile"":""sources/Rubin Ultra NVL576 架构：快速概览.pdf"",""locator"":""p.3 表①，Packaging = CoWoS-L""}","2026-09-12","2026-08","保留厂商宣称、第三方推测或教学观点及证据标签，不作为官方硬件数学输入。"
"cmp.rubin-ultra.gpu:specs.serdesSpeed","224G Bi-di","224G Bi-di","non-spec","retained","[""sys.rubin-ultra-nvl576""]","Rubin Ultra GPU（预测规格）","null","Rubin Ultra GPU（预测规格） / serdesSpeed；适用范围见限定条件与来源位置","not specified / not applicable","not applicable / unspecified","not applicable / unspecified","","{""id"":""src.semianalysis-nvl576"",""url"":null,""localFile"":""sources/Rubin Ultra NVL576 架构：快速概览.pdf"",""locator"":""p.3 表①，SerDes speed (Gb/s uni-di) = 224G Bi-di""}","2026-09-12","2026-08","保留厂商宣称、第三方推测或教学观点及证据标签，不作为官方硬件数学输入。"
"cmp.rubin-ultra.hbm4:specs.totalPerPackageGB","192","192","non-spec","retained","[""sys.rubin-ultra-nvl576""]","Rubin Ultra HBM 堆栈（预测规格）","GB","Rubin Ultra HBM 堆栈（预测规格） / totalPerPackageGB；适用范围见限定条件与来源位置","not specified / not applicable","not applicable / unspecified","not applicable / unspecified","","{""id"":""src.semianalysis-nvl576"",""url"":null,""localFile"":""sources/Rubin Ultra NVL576 架构：快速概览.pdf"",""locator"":""p.3 表①，Memory (per Package) =「192GB HBM4」""}","2026-09-12","2026-08","保留厂商宣称、第三方推测或教学观点及证据标签，不作为官方硬件数学输入。"
"cmp.rubin-ultra.hbm4:specs.stacksPerGpu","8","8","non-spec","retained","[""sys.rubin-ultra-nvl576""]","Rubin Ultra HBM 堆栈（预测规格）","个","Rubin Ultra HBM 堆栈（预测规格） / stacksPerGpu；适用范围见限定条件与来源位置","not specified / not applicable","not applicable / unspecified","not applicable / unspecified","","{""id"":""src.semianalysis-nvl576"",""url"":null,""localFile"":""sources/Rubin Ultra NVL576 架构：快速概览.pdf"",""locator"":""p.3 表①，HBM Stacks = 8""}","2026-09-12","2026-08","保留厂商宣称、第三方推测或教学观点及证据标签，不作为官方硬件数学输入。"
"cmp.rubin-ultra.hbm4:specs.bandwidthPerPackageTBs","21","21","non-spec","retained","[""sys.rubin-ultra-nvl576""]","Rubin Ultra HBM 堆栈（预测规格）","TB/s","Rubin Ultra HBM 堆栈（预测规格） / bandwidthPerPackageTBs；适用范围见限定条件与来源位置","not specified / not applicable","not applicable / unspecified","not applicable / unspecified","","{""id"":""src.semianalysis-nvl576"",""url"":null,""localFile"":""sources/Rubin Ultra NVL576 架构：快速概览.pdf"",""locator"":""p.3 表①，Memory Bandwidth = 21TB/s""}","2026-09-12","2026-08","保留厂商宣称、第三方推测或教学观点及证据标签，不作为官方硬件数学输入。"
"cmp.rubin-ultra.hbm4:specs.generation","HBM4","HBM4","non-spec","retained","[""sys.rubin-ultra-nvl576""]","Rubin Ultra HBM 堆栈（预测规格）","null","Rubin Ultra HBM 堆栈（预测规格） / generation；适用范围见限定条件与来源位置","not specified / not applicable","not applicable / unspecified","not applicable / unspecified","⚠️ 原表写 HBM4（不是 HBM4e）；全文未出现「HBM4e」字样。","{""id"":""src.semianalysis-nvl576"",""url"":null,""localFile"":""sources/Rubin Ultra NVL576 架构：快速概览.pdf"",""locator"":""p.3 表①，Memory (per Package) =「192GB HBM4」""}","2026-09-12","2026-08","保留厂商宣称、第三方推测或教学观点及证据标签，不作为官方硬件数学输入。"
"cmp.rubin-ultra.compute-tray:specs.gpusPerTray","4","4","non-spec","retained","[""sys.rubin-ultra-nvl576""]","Rubin Ultra 计算托架（1U，预测）","张","Rubin Ultra 计算托架（1U，预测） / gpusPerTray；适用范围见限定条件与来源位置","not specified / not applicable","not applicable / unspecified","not applicable / unspecified","","{""id"":""src.semianalysis-nvl576"",""url"":null,""localFile"":""sources/Rubin Ultra NVL576 架构：快速概览.pdf"",""locator"":""p.4 机架立面图内文，「1U Compute Tray (2 Vera CPU, 4 Rubin Ultra GPU)」（图中重复 18 处）""}","2026-09-12","2026-08","保留厂商宣称、第三方推测或教学观点及证据标签，不作为官方硬件数学输入。"
"cmp.rubin-ultra.compute-tray:specs.cpusPerTray","2","2","non-spec","retained","[""sys.rubin-ultra-nvl576""]","Rubin Ultra 计算托架（1U，预测）","颗","Rubin Ultra 计算托架（1U，预测） / cpusPerTray；适用范围见限定条件与来源位置","not specified / not applicable","not applicable / unspecified","not applicable / unspecified","","{""id"":""src.semianalysis-nvl576"",""url"":null,""localFile"":""sources/Rubin Ultra NVL576 架构：快速概览.pdf"",""locator"":""p.4 机架立面图内文，「1U Compute Tray (2 Vera CPU, 4 Rubin Ultra GPU)」""}","2026-09-12","2026-08","保留厂商宣称、第三方推测或教学观点及证据标签，不作为官方硬件数学输入。"
"cmp.rubin-ultra.compute-tray:specs.trayHeightU","1","1","non-spec","retained","[""sys.rubin-ultra-nvl576""]","Rubin Ultra 计算托架（1U，预测）","U","Rubin Ultra 计算托架（1U，预测） / trayHeightU；适用范围见限定条件与来源位置","not specified / not applicable","not applicable / unspecified","not applicable / unspecified","","{""id"":""src.semianalysis-nvl576"",""url"":null,""localFile"":""sources/Rubin Ultra NVL576 架构：快速概览.pdf"",""locator"":""p.4 立面图，计算托架标注为 1U（底部 U8–16、顶部 U30.5–38.5）""}","2026-09-12","2026-08","保留厂商宣称、第三方推测或教学观点及证据标签，不作为官方硬件数学输入。"
"cmp.rubin-ultra.compute-tray:specs.hpmPcbLayers","26 层 → 30 层（材料不变）","26 层 → 30 层（材料不变）","non-spec","retained","[""sys.rubin-ultra-nvl576""]","Rubin Ultra 计算托架（1U，预测）","null","Rubin Ultra 计算托架（1U，预测） / hpmPcbLayers；适用范围见限定条件与来源位置","not specified / not applicable","not applicable / unspecified","not applicable / unspecified","文中写作「我们观察到」，属分析师观察而非官方规格。","{""id"":""src.semianalysis-nvl576"",""url"":null,""localFile"":""sources/Rubin Ultra NVL576 架构：快速概览.pdf"",""locator"":""p.4 / p.10：「我们观察到的 Tachyon HPM 板 PCB 层数从 26 层增加到 30 层」「增加 4 层，但材料保持不变」""}","2026-09-12","2026-08","保留厂商宣称、第三方推测或教学观点及证据标签，不作为官方硬件数学输入。"
"cmp.rubin-ultra.compute-tray:specs.socammPlacement","LPDDR5X SOCAMM 放置于 HPM 板背面","LPDDR5X SOCAMM 放置于 HPM 板背面","non-spec","retained","[""sys.rubin-ultra-nvl576""]","Rubin Ultra 计算托架（1U，预测）","null","Rubin Ultra 计算托架（1U，预测） / socammPlacement；适用范围见限定条件与来源位置","not specified / not applicable","not applicable / unspecified","not applicable / unspecified","","{""id"":""src.semianalysis-nvl576"",""url"":null,""localFile"":""sources/Rubin Ultra NVL576 架构：快速概览.pdf"",""locator"":""p.4：LPDDR5X SOCAMM 将放置在 HPM 背面，而非 HPM 板正面""}","2026-09-12","2026-08","保留厂商宣称、第三方推测或教学观点及证据标签，不作为官方硬件数学输入。"
"cmp.rubin-ultra.compute-tray:specs.trayPowerW","null","null","not-found","retained","[""sys.rubin-ultra-nvl576""]","Rubin Ultra 计算托架（1U，预测）","W","Rubin Ultra 计算托架（1U，预测） / trayPowerW；适用范围见限定条件与来源位置","not specified / not applicable","not applicable / unspecified","not applicable / unspecified","该 SemiAnalysis 文章未涉及此项，本项目不从其他代际推测。（文中只给出电源架规格，未给单托架功耗。）","{""id"":""src.semianalysis-nvl576"",""url"":null,""localFile"":""sources/Rubin Ultra NVL576 架构：快速概览.pdf"",""locator"":null}","2026-09-12","2026-08","截至 2026-09-12，所查官方资料仍未提供可采纳的适用值；不能据此断言从未公开。 该 SemiAnalysis 文章未涉及此项，本项目不从其他代际推测。（文中只给出电源架规格，未给单托架功耗。）"
"cmp.rubin-ultra.nvswitch-tray:specs.codename","Portia","Portia","non-spec","retained","[""sys.rubin-ultra-nvl576""]","NVSwitch 7 交换托架（Portia，0.75U，预测）","null","NVSwitch 7 交换托架（Portia，0.75U，预测） / codename；适用范围见限定条件与来源位置","not specified / not applicable","not applicable / unspecified","not applicable / unspecified","","{""id"":""src.semianalysis-nvl576"",""url"":null,""localFile"":""sources/Rubin Ultra NVL576 架构：快速概览.pdf"",""locator"":""p.5 / p.10：NVLink Switch 托盘代号 Portia""}","2026-09-12","2026-08","保留厂商宣称、第三方推测或教学观点及证据标签，不作为官方硬件数学输入。"
"cmp.rubin-ultra.nvswitch-tray:specs.asicsPerTray","4","4","non-spec","retained","[""sys.rubin-ultra-nvl576""]","NVSwitch 7 交换托架（Portia，0.75U，预测）","颗","NVSwitch 7 交换托架（Portia，0.75U，预测） / asicsPerTray；适用范围见限定条件与来源位置","not specified / not applicable","not applicable / unspecified","not applicable / unspecified","不可扩展版（NVL72 形态）为每托盘 2 颗、每机架 36 颗（p.6）。","{""id"":""src.semianalysis-nvl576"",""url"":null,""localFile"":""sources/Rubin Ultra NVL576 架构：快速概览.pdf"",""locator"":""p.10：可扩展版本每托盘 NVLink Switch ASIC 数量翻倍至 4 个，每机架 72 个；p.4 立面图标注「0.75U Expandable NVSwitch7 Tray (4 NVSwitch7)」""}","2026-09-12","2026-08","保留厂商宣称、第三方推测或教学观点及证据标签，不作为官方硬件数学输入。"
"cmp.rubin-ultra.nvswitch-tray:specs.traysPerRack","18","18","non-spec","retained","[""sys.rubin-ultra-nvl576""]","NVSwitch 7 交换托架（Portia，0.75U，预测）","个","NVSwitch 7 交换托架（Portia，0.75U，预测） / traysPerRack；适用范围见限定条件与来源位置","not specified / not applicable","not applicable / unspecified","not applicable / unspecified","","{""id"":""src.semianalysis-nvl576"",""url"":null,""localFile"":""sources/Rubin Ultra NVL576 架构：快速概览.pdf"",""locator"":""p.5：NVLink Switch 托架数量翻倍至每机架 18 个""}","2026-09-12","2026-08","保留厂商宣称、第三方推测或教学观点及证据标签，不作为官方硬件数学输入。"
"cmp.rubin-ultra.nvswitch-tray:specs.trayHeightU","0.75","0.75","non-spec","retained","[""sys.rubin-ultra-nvl576""]","NVSwitch 7 交换托架（Portia，0.75U，预测）","U","NVSwitch 7 交换托架（Portia，0.75U，预测） / trayHeightU；适用范围见限定条件与来源位置","not specified / not applicable","not applicable / unspecified","not applicable / unspecified","","{""id"":""src.semianalysis-nvl576"",""url"":null,""localFile"":""sources/Rubin Ultra NVL576 架构：快速概览.pdf"",""locator"":""p.5：单托架高度缩减至 0.75U；p.4 立面图 U16.75–29.50 按 0.75 步进排布""}","2026-09-12","2026-08","保留厂商宣称、第三方推测或教学观点及证据标签，不作为官方硬件数学输入。"
"cmp.rubin-ultra.nvswitch-tray:specs.asicsPerRack","72","72","non-spec","retained","[""sys.rubin-ultra-nvl576""]","NVSwitch 7 交换托架（Portia，0.75U，预测）","颗","NVSwitch 7 交换托架（Portia，0.75U，预测） / asicsPerRack；适用范围见限定条件与来源位置","not specified / not applicable","not applicable / unspecified","not applicable / unspecified","","{""id"":""src.semianalysis-nvl576"",""url"":null,""localFile"":""sources/Rubin Ultra NVL576 架构：快速概览.pdf"",""locator"":""p.10：可扩展版本每机架 72 个 NVLink Switch ASIC（目的是提高总带宽以支持跨机架连接）""}","2026-09-12","2026-08","保留厂商宣称、第三方推测或教学观点及证据标签，不作为官方硬件数学输入。"
"cmp.rubin-ultra.nvswitch-tray:specs.opticsVariants","NPO（模块插槽式）与 CPO（每颗 ASIC 4 个不可更换光引擎）两个版本在研","NPO（模块插槽式）与 CPO（每颗 ASIC 4 个不可更换光引擎）两个版本在研","non-spec","retained","[""sys.rubin-ultra-nvl576""]","NVSwitch 7 交换托架（Portia，0.75U，预测）","null","NVSwitch 7 交换托架（Portia，0.75U，预测） / opticsVariants；适用范围见限定条件与来源位置","not specified / not applicable","not applicable / unspecified","not applicable / unspecified","","{""id"":""src.semianalysis-nvl576"",""url"":null,""localFile"":""sources/Rubin Ultra NVL576 架构：快速概览.pdf"",""locator"":""p.5 / p.10；NPO 版俯视图见 p.7–p.8，CPO 版见 p.9–p.10（CPO 版另有 External Laser Source Module）""}","2026-09-12","2026-08","保留厂商宣称、第三方推测或教学观点及证据标签，不作为官方硬件数学输入。"
"cmp.rubin-ultra.nvswitch-tray:specs.firstToMarket","NPO 版本预计率先投入市场","NPO 版本预计率先投入市场","non-spec","retained","[""sys.rubin-ultra-nvl576""]","NVSwitch 7 交换托架（Portia，0.75U，预测）","null","NVSwitch 7 交换托架（Portia，0.75U，预测） / firstToMarket；适用范围见限定条件与来源位置","not specified / not applicable","not applicable / unspecified","not applicable / unspecified","","{""id"":""src.semianalysis-nvl576"",""url"":null,""localFile"":""sources/Rubin Ultra NVL576 架构：快速概览.pdf"",""locator"":""p.5（原文以黄色高亮 + 下划线标出）：「我们认为，考虑到 NPO 相比 CPO 更为成熟的封装形态，NPO 将是率先投入市场的版本」""}","2026-09-12","2026-08","保留厂商宣称、第三方推测或教学观点及证据标签，不作为官方硬件数学输入。"
"cmp.rubin-ultra.nvswitch-tray:specs.trayFrontElements","8 个 NVLink 连接器 + 1 个母排连接器 + 冷/热水进出口 + 内部歧管 + 系统管理模块（5×RJ45）","8 个 NVLink 连接器 + 1 个母排连接器 + 冷/热水进出口 + 内部歧管 + 系统管理模块（5×RJ45）","non-spec","retained","[""sys.rubin-ultra-nvl576""]","NVSwitch 7 交换托架（Portia，0.75U，预测）","null","NVSwitch 7 交换托架（Portia，0.75U，预测） / trayFrontElements；适用范围见限定条件与来源位置","not specified / not applicable","not applicable / unspecified","not applicable / unspecified","⚠️ 原图把连接器标为「NVLink6 Connector」，而芯片标为「NVLink 7 Switch」，疑为沿用旧标签。","{""id"":""src.semianalysis-nvl576"",""url"":null,""localFile"":""sources/Rubin Ultra NVL576 架构：快速概览.pdf"",""locator"":""p.7–p.8 NPO 版托架俯视图；p.6 为 NVL72 版同类图""}","2026-09-12","2026-08","保留厂商宣称、第三方推测或教学观点及证据标签，不作为官方硬件数学输入。"
"cmp.rubin-ultra.nvswitch-tray:specs.networkOs","null","null","not-found","retained","[""sys.rubin-ultra-nvl576""]","NVSwitch 7 交换托架（Portia，0.75U，预测）","null","NVSwitch 7 交换托架（Portia，0.75U，预测） / networkOs；适用范围见限定条件与来源位置","not specified / not applicable","not applicable / unspecified","not applicable / unspecified","该 SemiAnalysis 文章未涉及此项，本项目不从其他代际推测。","{""id"":""src.semianalysis-nvl576"",""url"":null,""localFile"":""sources/Rubin Ultra NVL576 架构：快速概览.pdf"",""locator"":null}","2026-09-12","2026-08","截至 2026-09-12，所查官方资料仍未提供可采纳的适用值；不能据此断言从未公开。 该 SemiAnalysis 文章未涉及此项，本项目不从其他代际推测。"
"cmp.rubin-ultra.nvswitch7:specs.generation","NVLink 7 Switch","NVLink 7 Switch","non-spec","retained","[""sys.rubin-ultra-nvl576""]","NVLink 7 交换芯片（预测）","null","NVLink 7 交换芯片（预测） / generation；适用范围见限定条件与来源位置","not specified / not applicable","not applicable / unspecified","not applicable / unspecified","","{""id"":""src.semianalysis-nvl576"",""url"":null,""localFile"":""sources/Rubin Ultra NVL576 架构：快速概览.pdf"",""locator"":""p.3 表②，NVLink Switch Generation = NVLink 7 Switch""}","2026-09-12","2026-08","保留厂商宣称、第三方推测或教学观点及证据标签，不作为官方硬件数学输入。"
"cmp.rubin-ultra.nvswitch7:specs.aggregateBandwidthGBs","3600","3600","non-spec","retained","[""sys.rubin-ultra-nvl576""]","NVLink 7 交换芯片（预测）","GB/s","NVLink 7 交换芯片（预测） / aggregateBandwidthGBs；适用范围见限定条件与来源位置","unidirectional","not applicable / unspecified","not applicable / unspecified","单向口径。同表 NVLink 5 / NVLink 6 Switch 也是 3,600——单芯片带宽未变。","{""id"":""src.semianalysis-nvl576"",""url"":null,""localFile"":""sources/Rubin Ultra NVL576 架构：快速概览.pdf"",""locator"":""p.3 表②，Switch Aggregate BW (GB/s uni-di) = 3,600""}","2026-09-12","2026-08","保留厂商宣称、第三方推测或教学观点及证据标签，不作为官方硬件数学输入。"
"cmp.rubin-ultra.nvswitch7:specs.laneSpeed","400G（200G PAM4，同时双向）","400G（200G PAM4，同时双向）","non-spec","retained","[""sys.rubin-ultra-nvl576""]","NVLink 7 交换芯片（预测）","null","NVLink 7 交换芯片（预测） / laneSpeed；适用范围见限定条件与来源位置","not specified / not applicable","not applicable / unspecified","not applicable / unspecified","","{""id"":""src.semianalysis-nvl576"",""url"":null,""localFile"":""sources/Rubin Ultra NVL576 架构：快速概览.pdf"",""locator"":""p.3 表②，Lane Speed (Gb/s uni-di) =「400G (200G PAM4 Simultanous Bidi)」""}","2026-09-12","2026-08","保留厂商宣称、第三方推测或教学观点及证据标签，不作为官方硬件数学输入。"
"cmp.rubin-ultra.nvswitch7:specs.opticalEnginesCpo","4","4","non-spec","retained","[""sys.rubin-ultra-nvl576""]","NVLink 7 交换芯片（预测）","个","NVLink 7 交换芯片（预测） / opticalEnginesCpo；适用范围见限定条件与来源位置","not specified / not applicable","not applicable / unspecified","not applicable / unspecified","","{""id"":""src.semianalysis-nvl576"",""url"":null,""localFile"":""sources/Rubin Ultra NVL576 架构：快速概览.pdf"",""locator"":""p.10：CPO 版本每个 NVLink Switch ASIC 配备 4 个光引擎，且不可更换；图见 p.9""}","2026-09-12","2026-08","保留厂商宣称、第三方推测或教学观点及证据标签，不作为官方硬件数学输入。"
"cmp.rubin-ultra.nvswitch7:specs.portCount","null","null","not-found","retained","[""sys.rubin-ultra-nvl576""]","NVLink 7 交换芯片（预测）","端口","NVLink 7 交换芯片（预测） / portCount；适用范围见限定条件与来源位置","not specified / not applicable","not applicable / unspecified","not applicable / unspecified","该 SemiAnalysis 文章未涉及此项，本项目不从其他代际推测。","{""id"":""src.semianalysis-nvl576"",""url"":null,""localFile"":""sources/Rubin Ultra NVL576 架构：快速概览.pdf"",""locator"":null}","2026-09-12","2026-08","截至 2026-09-12，所查官方资料仍未提供可采纳的适用值；不能据此断言从未公开。 该 SemiAnalysis 文章未涉及此项，本项目不从其他代际推测。"
"cmp.rubin-ultra.interrack-fabric:specs.existenceAndMedium","机架间直接光连接（direct optical connections），使 8 个机架组成单一 NVLink 域","机架间直接光连接（direct optical connections），使 8 个机架组成单一 NVLink 域","non-spec","retained","[""sys.rubin-ultra-nvl576""]","跨机架 scale-up 光互连（官方确认存在）","null","跨机架 scale-up 光互连（官方确认存在） / existenceAndMedium；适用范围见限定条件与来源位置","not specified / not applicable","not applicable / unspecified","not applicable / unspecified","","{""id"":""src.nvidia-rubin-pod-blog"",""url"":""https://developer.nvidia.com/blog/nvidia-vera-rubin-pod-seven-chips-five-rack-scale-systems-one-ai-supercomputer/"",""localFile"":null,""locator"":""NVIDIA Vera Rubin Ultra NVL576 节，「…all in a single 576-GPU NVLink domain with copper and direct optical connections.」""}","2026-09-12","2026-03","保留厂商宣称、第三方推测或教学观点及证据标签，不作为官方硬件数学输入。"
"cmp.rubin-ultra.interrack-fabric:specs.topologyNameOfficial","两层全互连 NVLink 拓扑（two-layer all-to-all）","两层全互连 NVLink 拓扑（two-layer all-to-all）","non-spec","retained","[""sys.rubin-ultra-nvl576""]","跨机架 scale-up 光互连（官方确认存在）","null","跨机架 scale-up 光互连（官方确认存在） / topologyNameOfficial；适用范围见限定条件与来源位置","not specified / not applicable","not applicable / unspecified","not applicable / unspecified","★ 官方点名的拓扑类别。同段后半句给的是介质：「Vera Rubin Ultra NVL576 will combine eight separate MGX NVL racks, each with 72 Rubin Ultra GPUs, all in a single 576-GPU NVLink domain with copper and direct optical connections.」两句要一起读。","{""id"":""src.nvidia-rubin-pod-blog"",""url"":""https://developer.nvidia.com/blog/nvidia-vera-rubin-pod-seven-chips-five-rack-scale-systems-one-ai-supercomputer/"",""localFile"":null,""locator"":""NVIDIA Vera Rubin Ultra NVL576 节，「NVIDIA Vera Rubin Ultra introduces a new two-layer all-to-all NVLink topology that will enable developers to scale-up to 576 GPUs.」""}","2026-09-12","2026-03","保留厂商宣称、第三方推测或教学观点及证据标签，不作为官方硬件数学输入。"
"cmp.rubin-ultra.interrack-fabric:specs.topologyName","Dragonfly（SemiAnalysis 命名，与官方的 two-layer all-to-all 不等价）","Dragonfly（SemiAnalysis 命名，与官方的 two-layer all-to-all 不等价）","non-spec","retained","[""sys.rubin-ultra-nvl576""]","跨机架 scale-up 光互连（官方确认存在）","null","跨机架 scale-up 光互连（官方确认存在） / topologyName；适用范围见限定条件与来源位置","not specified / not applicable","not applicable / unspecified","not applicable / unspecified","⚠️ v1.5 订正：此前这条 note 写「官方只说 direct optical connections，没有点名任何拓扑算法或标准名字」——**是错的**。官方在同一段的前半句已经点名为「a new two-layer all-to-all NVLink topology」（见同组件的 topologyNameOfficial）。「Dragonfly」仍然只是 SemiAnalysis 自己的归类：它描述的是一类具体组网算法族，与官方「两层、层内全互连」的描述**不等价**，两者不能互相替换着讲，也不能用它去「解释」官方措辞。","{""id"":""src.semianalysis-nvl576"",""url"":null,""localFile"":""sources/Rubin Ultra NVL576 架构：快速概览.pdf"",""locator"":""p.3 表①，Scale up links =「Between Racks: Dragonfly NPO/CPO」""}","2026-09-12","2026-08","保留厂商宣称、第三方推测或教学观点及证据标签，不作为官方硬件数学输入。"
"cmp.rubin-ultra.interrack-fabric:specs.moduleFormFactor","NPO（插槽式）与 CPO（共封装，芯片内嵌光引擎）两种在研形态，文中判断 NPO 更可能率先量产","NPO（插槽式）与 CPO（共封装，芯片内嵌光引擎）两种在研形态，文中判断 NPO 更可能率先量产","non-spec","retained","[""sys.rubin-ultra-nvl576""]","跨机架 scale-up 光互连（官方确认存在）","null","跨机架 scale-up 光互连（官方确认存在） / moduleFormFactor；适用范围见限定条件与来源位置","not specified / not applicable","not applicable / unspecified","not applicable / unspecified","具体到「模块」这一级的实现细节，详见 cmp.rubin-ultra.optics-module（板级、分析师口径）。","{""id"":""src.semianalysis-nvl576"",""url"":null,""localFile"":""sources/Rubin Ultra NVL576 架构：快速概览.pdf"",""locator"":""p.5 / p.10；NPO 版细节见 p.7–p.8，CPO 版见 p.9–p.10""}","2026-09-12","2026-08","保留厂商宣称、第三方推测或教学观点及证据标签，不作为官方硬件数学输入。"
"cmp.rubin-ultra.optics-module:specs.npoMounting","NPO 模块通过插槽安装在 PCB 上，位于 NVLink Switch ASIC 旁边","NPO 模块通过插槽安装在 PCB 上，位于 NVLink Switch ASIC 旁边","non-spec","retained","[""sys.rubin-ultra-nvl576""]","NPO / CPO 光互连模块（预测）","null","NPO / CPO 光互连模块（预测） / npoMounting；适用范围见限定条件与来源位置","not specified / not applicable","not applicable / unspecified","not applicable / unspecified","","{""id"":""src.semianalysis-nvl576"",""url"":null,""localFile"":""sources/Rubin Ultra NVL576 架构：快速概览.pdf"",""locator"":""p.10；图见 p.7（每颗交换芯片旁 4 个模块，全托架 16 个）""}","2026-09-12","2026-08","保留厂商宣称、第三方推测或教学观点及证据标签，不作为官方硬件数学输入。"
"cmp.rubin-ultra.optics-module:specs.cpoMounting","CPO 版每颗交换 ASIC 配 4 个光引擎，不可更换，另配外置激光源模块","CPO 版每颗交换 ASIC 配 4 个光引擎，不可更换，另配外置激光源模块","non-spec","retained","[""sys.rubin-ultra-nvl576""]","NPO / CPO 光互连模块（预测）","null","NPO / CPO 光互连模块（预测） / cpoMounting；适用范围见限定条件与来源位置","not specified / not applicable","not applicable / unspecified","not applicable / unspecified","","{""id"":""src.semianalysis-nvl576"",""url"":null,""localFile"":""sources/Rubin Ultra NVL576 架构：快速概览.pdf"",""locator"":""p.10；图见 p.9–p.10（External Laser Source Module）""}","2026-09-12","2026-08","保留厂商宣称、第三方推测或教学观点及证据标签，不作为官方硬件数学输入。"
"cmp.rubin-ultra.optics-module:specs.cpoExternalLaserSource","CPO 版本额外配一个外置激光源模块（External Laser Source Module），为托架内嵌的光引擎供光；NPO 版本没有这个独立模块，激光随插槽式模块本身","CPO 版本额外配一个外置激光源模块（External Laser Source Module），为托架内嵌的光引擎供光；NPO 版本没有这个独立模块，激光随插槽式模块本身","non-spec","retained","[""sys.rubin-ultra-nvl576""]","NPO / CPO 光互连模块（预测）","null","NPO / CPO 光互连模块（预测） / cpoExternalLaserSource；适用范围见限定条件与来源位置","not specified / not applicable","not applicable / unspecified","not applicable / unspecified","⚠️ 具体数量（每托架/每颗 ASIC 各几个）原图未标注数字，本项目不补。后半句「NPO 无独立激光源模块」系据 NPO（p.7–p.8）/CPO（p.9–p.10）两组俯视图对比推断，原文无逐字陈述。","{""id"":""src.semianalysis-nvl576"",""url"":null,""localFile"":""sources/Rubin Ultra NVL576 架构：快速概览.pdf"",""locator"":""p.9–p.10（CPO 版托架俯视图标出 External Laser Source Module）""}","2026-09-12","2026-08","保留厂商宣称、第三方推测或教学观点及证据标签，不作为官方硬件数学输入。"
"cmp.rubin-ultra.optics-module:specs.fieldReplaceability","NPO 模块插槽式安装、单个可现场更换；CPO 光引擎与 ASIC 共封装，4 个不可更换，坏一颗大概率要连整颗 ASIC 一起处理","NPO 模块插槽式安装、单个可现场更换；CPO 光引擎与 ASIC 共封装，4 个不可更换，坏一颗大概率要连整颗 ASIC 一起处理","non-spec","retained","[""sys.rubin-ultra-nvl576""]","NPO / CPO 光互连模块（预测）","null","NPO / CPO 光互连模块（预测） / fieldReplaceability；适用范围见限定条件与来源位置","not specified / not applicable","not applicable / unspecified","not applicable / unspecified","售前含义：故障域从「换一个模块」变成「换一颗芯片」，维保口径不同，谈保修条款前要先问清楚客户拿到的是哪个版本。","{""id"":""src.semianalysis-nvl576"",""url"":null,""localFile"":""sources/Rubin Ultra NVL576 架构：快速概览.pdf"",""locator"":""p.10（NPO/CPO 差异描述）""}","2026-09-12","2026-08","保留厂商宣称、第三方推测或教学观点及证据标签，不作为官方硬件数学输入。"
"cmp.rubin-ultra.optics-module:specs.interRackTopology","Dragonfly（机架之间，SemiAnalysis 归类）","Dragonfly（机架之间，SemiAnalysis 归类）","non-spec","retained","[""sys.rubin-ultra-nvl576""]","NPO / CPO 光互连模块（预测）","null","NPO / CPO 光互连模块（预测） / interRackTopology；适用范围见限定条件与来源位置","not specified / not applicable","not applicable / unspecified","not applicable / unspecified","⚠️ 官方对同一件事的措辞是「a new two-layer all-to-all NVLink topology」（POD 博客），两者**不等价**；同文表②对同一格写的又是「Direct Connect NPO」，分析师自己的两张表也不一致。","{""id"":""src.semianalysis-nvl576"",""url"":null,""localFile"":""sources/Rubin Ultra NVL576 架构：快速概览.pdf"",""locator"":""p.3 表①，Scale up links =「Between Racks: Dragonfly NPO/CPO」""}","2026-09-12","2026-08","保留厂商宣称、第三方推测或教学观点及证据标签，不作为官方硬件数学输入。"
"cmp.rubin-ultra.optics-module:specs.bandwidthTbs","null","null","not-found","retained","[""sys.rubin-ultra-nvl576""]","NPO / CPO 光互连模块（预测）","Tb/s","NPO / CPO 光互连模块（预测） / bandwidthTbs；适用范围见限定条件与来源位置","not specified / not applicable","not applicable / unspecified","not applicable / unspecified","⚠️ 原图（p.7 / p.9）把模块带宽写成占位符「x.xT」，没有具体数字，本项目不填。","{""id"":""src.semianalysis-nvl576"",""url"":null,""localFile"":""sources/Rubin Ultra NVL576 架构：快速概览.pdf"",""locator"":null}","2026-09-12","2026-08","截至 2026-09-12，所查官方资料仍未提供可采纳的适用值；不能据此断言从未公开。 ⚠️ 原图（p.7 / p.9）把模块带宽写成占位符「x.xT」，没有具体数字，本项目不填。"
"cmp.rubin-ultra.power-shelf:specs.shelfPowerKW","110","110","non-spec","retained","[""sys.rubin-ultra-nvl576""]","3U 110 kW 电源架（预测）","kW","3U 110 kW 电源架（预测） / shelfPowerKW；适用范围见限定条件与来源位置","not specified / not applicable","not applicable / unspecified","not applicable / unspecified","","{""id"":""src.semianalysis-nvl576"",""url"":null,""localFile"":""sources/Rubin Ultra NVL576 架构：快速概览.pdf"",""locator"":""p.4 机架立面图，「3U Power Shelf 110kW (6*18.3kW)」（4 处）""}","2026-09-12","2026-08","保留厂商宣称、第三方推测或教学观点及证据标签，不作为官方硬件数学输入。"
"cmp.rubin-ultra.power-shelf:specs.psusPerShelf","6","6","non-spec","retained","[""sys.rubin-ultra-nvl576""]","3U 110 kW 电源架（预测）","个","3U 110 kW 电源架（预测） / psusPerShelf；适用范围见限定条件与来源位置","not specified / not applicable","not applicable / unspecified","not applicable / unspecified","","{""id"":""src.semianalysis-nvl576"",""url"":null,""localFile"":""sources/Rubin Ultra NVL576 架构：快速概览.pdf"",""locator"":""p.4 立面图，「110kW (6*18.3kW)」""}","2026-09-12","2026-08","保留厂商宣称、第三方推测或教学观点及证据标签，不作为官方硬件数学输入。"
"cmp.rubin-ultra.power-shelf:specs.psuPowerKW","18.3","18.3","non-spec","retained","[""sys.rubin-ultra-nvl576""]","3U 110 kW 电源架（预测）","kW","3U 110 kW 电源架（预测） / psuPowerKW；适用范围见限定条件与来源位置","not specified / not applicable","not applicable / unspecified","not applicable / unspecified","","{""id"":""src.semianalysis-nvl576"",""url"":null,""localFile"":""sources/Rubin Ultra NVL576 架构：快速概览.pdf"",""locator"":""p.4 立面图，「110kW (6*18.3kW)」""}","2026-09-12","2026-08","保留厂商宣称、第三方推测或教学观点及证据标签，不作为官方硬件数学输入。"
"cmp.rubin-ultra.power-shelf:specs.shelvesPerRack","4","4","non-spec","retained","[""sys.rubin-ultra-nvl576""]","3U 110 kW 电源架（预测）","个","3U 110 kW 电源架（预测） / shelvesPerRack；适用范围见限定条件与来源位置","not specified / not applicable","not applicable / unspecified","not applicable / unspecified","","{""id"":""src.semianalysis-nvl576"",""url"":null,""localFile"":""sources/Rubin Ultra NVL576 架构：快速概览.pdf"",""locator"":""p.4 立面图：顶部 U40.5–42.5 与 U43.5–45.5、底部 U1–3 与 U4–6 各一个 3U 电源架""}","2026-09-12","2026-08","保留厂商宣称、第三方推测或教学观点及证据标签，不作为官方硬件数学输入。"
"cmp.rubin-ultra.power-shelf:specs.shelfHeightU","3","3","non-spec","retained","[""sys.rubin-ultra-nvl576""]","3U 110 kW 电源架（预测）","U","3U 110 kW 电源架（预测） / shelfHeightU；适用范围见限定条件与来源位置","not specified / not applicable","not applicable / unspecified","not applicable / unspecified","","{""id"":""src.semianalysis-nvl576"",""url"":null,""localFile"":""sources/Rubin Ultra NVL576 架构：快速概览.pdf"",""locator"":""p.4 立面图，「3U Power Shelf」""}","2026-09-12","2026-08","保留厂商宣称、第三方推测或教学观点及证据标签，不作为官方硬件数学输入。"
"cmp.rubin-ultra.power-shelf:specs.redundancyMode","null","null","not-found","retained","[""sys.rubin-ultra-nvl576""]","3U 110 kW 电源架（预测）","null","3U 110 kW 电源架（预测） / redundancyMode；适用范围见限定条件与来源位置","not specified / not applicable","not applicable / unspecified","not applicable / unspecified","该 SemiAnalysis 文章未涉及此项，本项目不从其他代际推测。","{""id"":""src.semianalysis-nvl576"",""url"":null,""localFile"":""sources/Rubin Ultra NVL576 架构：快速概览.pdf"",""locator"":null}","2026-09-12","2026-08","截至 2026-09-12，所查官方资料仍未提供可采纳的适用值；不能据此断言从未公开。 该 SemiAnalysis 文章未涉及此项，本项目不从其他代际推测。"
"cmp.rubin-ultra.oberon-rack:specs.rackFamily","MGX NVL 机架（与 Vera Rubin NVL72 同代 MGX 机架生态，铜背板 spine）","MGX NVL 机架（与 Vera Rubin NVL72 同代 MGX 机架生态，铜背板 spine）","non-spec","retained","[""sys.rubin-ultra-nvl576""]","MGX NVL 机架（NVL576 之一，Oberon 形态）","null","MGX NVL 机架（NVL576 之一，Oberon 形态） / rackFamily；适用范围见限定条件与来源位置","not specified / not applicable","not applicable / unspecified","not applicable / unspecified","","{""id"":""src.nvidia-rubin-pod-blog"",""url"":""https://developer.nvidia.com/blog/nvidia-vera-rubin-pod-seven-chips-five-rack-scale-systems-one-ai-supercomputer/"",""localFile"":null,""locator"":""NVIDIA Vera Rubin Ultra NVL576 节，「Vera Rubin Ultra NVL576 will combine eight separate MGX NVL racks, each with 72 Rubin Ultra GPUs…It will be built using the same MGX rack-scale ecosystem for fastest time to production.」""}","2026-09-12","2026-03","保留厂商宣称、第三方推测或教学观点及证据标签，不作为官方硬件数学输入。"
"cmp.rubin-ultra.oberon-rack:specs.trayLayout","9 计算 + 18 交换 + 9 计算（9+18+9）","9 计算 + 18 交换 + 9 计算（9+18+9）","non-spec","retained","[""sys.rubin-ultra-nvl576""]","MGX NVL 机架（NVL576 之一，Oberon 形态）","null","MGX NVL 机架（NVL576 之一，Oberon 形态） / trayLayout；适用范围见限定条件与来源位置","not specified / not applicable","not applicable / unspecified","not applicable / unspecified","当前（Vera Rubin）Oberon 布局为 (10+9+8)，全部 1U。","{""id"":""src.semianalysis-nvl576"",""url"":null,""localFile"":""sources/Rubin Ultra NVL576 架构：快速概览.pdf"",""locator"":""p.5：Rubin Ultra 的 Oberon 系统为 (9+18+9)，计算托架总数仍为 18 个但均匀分布于顶部和底部""}","2026-09-12","2026-08","保留厂商宣称、第三方推测或教学观点及证据标签，不作为官方硬件数学输入。"
"cmp.rubin-ultra.oberon-rack:specs.maxTrayDistanceU","22.5","22.5","non-spec","retained","[""sys.rubin-ultra-nvl576""]","MGX NVL 机架（NVL576 之一，Oberon 形态）","U","MGX NVL 机架（NVL576 之一，Oberon 形态） / maxTrayDistanceU；适用范围见限定条件与来源位置","not specified / not applicable","not applicable / unspecified","not applicable / unspecified","★ 措辞要准（v1.5 订正）：22.5U 是**增加**后的值（19U → 22.5U），不是「压缩到 22.5U」。被压缩的是**单托架高度**（1U → 0.75U）；正因为压了托架高度，托架数量翻倍才只让最大距离多了 3.5U。这是整代机架重排的直接原因——铜背板上 NVLink 信号的链路驱动能力有距离上限。","{""id"":""src.semianalysis-nvl576"",""url"":null,""localFile"":""sources/Rubin Ultra NVL576 架构：快速概览.pdf"",""locator"":""p.5：此前最大距离 19U；现在尽管 NVLink Switch 托架数量翻倍，该最大距离仅略微增加至 22.5U""}","2026-09-12","2026-08","保留厂商宣称、第三方推测或教学观点及证据标签，不作为官方硬件数学输入。"
"cmp.rubin-ultra.oberon-rack:specs.elevationScaleU","48.5","48.5","non-spec","retained","[""sys.rubin-ultra-nvl576""]","MGX NVL 机架（NVL576 之一，Oberon 形态）","U","MGX NVL 机架（NVL576 之一，Oberon 形态） / elevationScaleU；适用范围见限定条件与来源位置","not specified / not applicable","not applicable / unspecified","not applicable / unspecified","","{""id"":""src.semianalysis-nvl576"",""url"":null,""localFile"":""sources/Rubin Ultra NVL576 架构：快速概览.pdf"",""locator"":""p.4 机架立面图 U 轴刻度顶端为 48.5（最上方 OOB 管理交换机在 U46.5 与 U47.5）""}","2026-09-12","2026-08","保留厂商宣称、第三方推测或教学观点及证据标签，不作为官方硬件数学输入。"
"cmp.rubin-ultra.oberon-rack:specs.backplaneConnector","PHD2 → PHD3（背板含量增加，每机架 DP 数量不变）","PHD2 → PHD3（背板含量增加，每机架 DP 数量不变）","non-spec","retained","[""sys.rubin-ultra-nvl576""]","MGX NVL 机架（NVL576 之一，Oberon 形态）","null","MGX NVL 机架（NVL576 之一，Oberon 形态） / backplaneConnector；适用范围见限定条件与来源位置","not specified / not applicable","not applicable / unspecified","not applicable / unspecified","","{""id"":""src.semianalysis-nvl576"",""url"":null,""localFile"":""sources/Rubin Ultra NVL576 架构：快速概览.pdf"",""locator"":""p.10：背板含量将随 PHD2 连接器升级至 PHD3 而增加，每机架 DP 数量保持不变""}","2026-09-12","2026-08","保留厂商宣称、第三方推测或教学观点及证据标签，不作为官方硬件数学输入。"
"cmp.rubin-ultra.oberon-rack:specs.sharedHeightAcrossVariants","可扩展版与不可扩展版机架高度、背板完全相同，仅交换托盘不同","可扩展版与不可扩展版机架高度、背板完全相同，仅交换托盘不同","non-spec","retained","[""sys.rubin-ultra-nvl576""]","MGX NVL 机架（NVL576 之一，Oberon 形态）","null","MGX NVL 机架（NVL576 之一，Oberon 形态） / sharedHeightAcrossVariants；适用范围见限定条件与来源位置","not specified / not applicable","not applicable / unspecified","not applicable / unspecified","","{""id"":""src.semianalysis-nvl576"",""url"":null,""localFile"":""sources/Rubin Ultra NVL576 架构：快速概览.pdf"",""locator"":""p.5：不可扩展版本和可扩展版本的机架高度相同，唯一区别在于 NVLink Switch 托盘""}","2026-09-12","2026-08","保留厂商宣称、第三方推测或教学观点及证据标签，不作为官方硬件数学输入。"
"cmp.rubin-ultra.oberon-rack:specs.liquidCooled","null","null","not-found","retained","[""sys.rubin-ultra-nvl576""]","MGX NVL 机架（NVL576 之一，Oberon 形态）","null","MGX NVL 机架（NVL576 之一，Oberon 形态） / liquidCooled；适用范围见限定条件与来源位置","not specified / not applicable","not applicable / unspecified","not applicable / unspecified","⚠️ 该文全文未出现「液冷 / 冷板 / CDU」字样；仅在交换托架俯视图上画出了冷水进口、热水出口与内部歧管（p.6/p.7/p.9）。因此本项目对该代的冷却方案不做断言。","{""id"":""src.semianalysis-nvl576"",""url"":null,""localFile"":""sources/Rubin Ultra NVL576 架构：快速概览.pdf"",""locator"":null}","2026-09-12","2026-08","截至 2026-09-12，所查官方资料仍未提供可采纳的适用值；不能据此断言从未公开。 ⚠️ 该文全文未出现「液冷 / 冷板 / CDU」字样；仅在交换托架俯视图上画出了冷水进口、热水出口与内部歧管（p.6/p.7/p.9）。因此本项目对该代的冷却方案不做断言。"
"cmp.rubin-ultra.oberon-rack:specs.weightKg","null","null","not-found","retained","[""sys.rubin-ultra-nvl576""]","MGX NVL 机架（NVL576 之一，Oberon 形态）","kg","MGX NVL 机架（NVL576 之一，Oberon 形态） / weightKg；适用范围见限定条件与来源位置","not specified / not applicable","not applicable / unspecified","not applicable / unspecified","该 SemiAnalysis 文章未涉及此项，本项目不从其他代际推测。","{""id"":""src.semianalysis-nvl576"",""url"":null,""localFile"":""sources/Rubin Ultra NVL576 架构：快速概览.pdf"",""locator"":null}","2026-09-12","2026-08","截至 2026-09-12，所查官方资料仍未提供可采纳的适用值；不能据此断言从未公开。 该 SemiAnalysis 文章未涉及此项，本项目不从其他代际推测。"
"cmp.rubin-ultra.backplane:specs.medium","铜背板（机架内）","铜背板（机架内）","non-spec","retained","[""sys.rubin-ultra-nvl576""]","机架内铜背板","null","机架内铜背板 / medium；适用范围见限定条件与来源位置","not specified / not applicable","not applicable / unspecified","not applicable / unspecified","SemiAnalysis p.3 表①独立佐证：Scale up links =「Within Rack: Copper Backplane」（表②同口径）。","{""id"":""src.nvidia-rubin-pod-blog"",""url"":""https://developer.nvidia.com/blog/nvidia-vera-rubin-pod-seven-chips-five-rack-scale-systems-one-ai-supercomputer/"",""localFile"":null,""locator"":""NVIDIA Vera Rubin Ultra NVL576 节，「…all in a single 576-GPU NVLink domain with copper and direct optical connections.」""}","2026-09-12","2026-03","保留厂商宣称、第三方推测或教学观点及证据标签，不作为官方硬件数学输入。"
"cmp.rubin-ultra.backplane:specs.connectorGeneration","PHD3（自 PHD2 升级，分析师推测）","PHD3（自 PHD2 升级，分析师推测）","non-spec","retained","[""sys.rubin-ultra-nvl576""]","机架内铜背板","null","机架内铜背板 / connectorGeneration；适用范围见限定条件与来源位置","not specified / not applicable","not applicable / unspecified","not applicable / unspecified","⚠️ 具体连接器型号官方未确认，仅 SemiAnalysis 一家文章提及。","{""id"":""src.semianalysis-nvl576"",""url"":null,""localFile"":""sources/Rubin Ultra NVL576 架构：快速概览.pdf"",""locator"":""p.10：背板含量将随 PHD2 连接器升级至 PHD3 而增加""}","2026-09-12","2026-08","保留厂商宣称、第三方推测或教学观点及证据标签，不作为官方硬件数学输入。"
"cmp.rubin-ultra.backplane:specs.cableCount","null","null","not-found","retained","[""sys.rubin-ultra-nvl576""]","机架内铜背板","根","机架内铜背板 / cableCount；适用范围见限定条件与来源位置","not specified / not applicable","not applicable / unspecified","not applicable / unspecified","该 SemiAnalysis 文章未涉及此项，本项目不从其他代际推测。","{""id"":""src.semianalysis-nvl576"",""url"":null,""localFile"":""sources/Rubin Ultra NVL576 架构：快速概览.pdf"",""locator"":null}","2026-09-12","2026-08","截至 2026-09-12，所查官方资料仍未提供可采纳的适用值；不能据此断言从未公开。 该 SemiAnalysis 文章未涉及此项，本项目不从其他代际推测。"
"cmp.lpx.lp30-lpu:specs.sramPerChipMB","500","500","non-spec","retained","[""sys.groq3-lpx""]","NVIDIA Groq 3 LPU（LP30）","MB","NVIDIA Groq 3 LPU（LP30） / sramPerChipMB；适用范围见限定条件与来源位置","not specified / not applicable","not applicable / unspecified","not applicable / unspecified","★ 注意单位是 **MB 不是 GB**：对照 Rubin GPU 的 288 GB HBM4，单颗容量差约 576 倍。⚠️ NVIDIA 至今未发布 LPX 的规格表 / 参考架构文档，本条为产品页或技术博客的厂商宣称口径。","{""id"":""src.nvidia-lpx-blog"",""url"":""https://developer.nvidia.com/blog/inside-nvidia-groq-3-lpx-the-low-latency-inference-accelerator-for-the-nvidia-vera-rubin-platform/"",""localFile"":null,""locator"":""MEM enables extreme on-chip memory bandwidth 节，「a flat, SRAM-first memory architecture where 500 MB of high-speed on-chip SRAM serves as the primary working storage for inference」（产品页同口径：「Each LPU accelerator delivers 500 megabytes (MB) of SRAM」）""}","2026-09-12","2026-03","保留厂商宣称、第三方推测或教学观点及证据标签，不作为官方硬件数学输入。"
"cmp.lpx.lp30-lpu:specs.sramBandwidthTBs","150","150","non-spec","retained","[""sys.groq3-lpx""]","NVIDIA Groq 3 LPU（LP30）","TB/s","NVIDIA Groq 3 LPU（LP30） / sramBandwidthTBs；适用范围见限定条件与来源位置","not specified / not applicable","not applicable / unspecified","not applicable / unspecified","对照 Rubin GPU 单卡 22 TB/s 显存带宽：单颗约 6.8 倍。这一项直接决定 decode 的 FFN 段能跑多快。
⚠️ 官方三处带宽口径不完全闭合：机架级 40 PB/s（表 1 / 产品页）、单颗 150 TB/s（产品页 / 技术博客）、每托盘 1.2 PB/s（表 2），而 256 × 150 TB/s = 38.4 PB/s、32 × 1.2 PB/s = 38.4 PB/s，都 ≠ 40 PB/s。NVIDIA 没有解释这 1.6 PB/s 的差值（可能是取整、可能是三表口径不同）。本项目三条各自独立成立、**互不推导**——报数时按需要引用其中一条并说明出处，不要说「每颗 150 TB/s，所以机架 40 PB/s」，那是错误推导。（对照：容量 128 GB = 256 × 500 MB、scale-up 640 TB/s = 256 × 2.5 TB/s = 32 × 20 TB/s 这两对确实闭合。）","{""id"":""src.nvidia-lpx-page"",""url"":""https://www.nvidia.com/en-us/data-center/lpx/"",""localFile"":null,""locator"":""NVIDIA Groq 3 LPU Inference Accelerator 节，「Each LPU accelerator delivers 500 megabytes (MB) of SRAM, 150 terabytes per second (TB/s) of SRAM bandwidth, and 2.5 TB/s scale-up bandwidth.」（技术博客同口径：「the LPX pairs 150 TB/s of on-chip memory bandwidth with high bandwidth scale-up chip-to-chip (C2C) communication per LPU」）""}","2026-09-12","2026-08","保留厂商宣称、第三方推测或教学观点及证据标签，不作为官方硬件数学输入。"
"cmp.lpx.lp30-lpu:specs.scaleUpBandwidthTBs","2.5","2.5","non-spec","retained","[""sys.groq3-lpx""]","NVIDIA Groq 3 LPU（LP30）","TB/s","NVIDIA Groq 3 LPU（LP30） / scaleUpBandwidthTBs；适用范围见限定条件与来源位置","bidirectional aggregate","not applicable / unspecified","not applicable / unspecified","双向聚合口径。对照 Rubin GPU 每卡 3.6 TB/s NVLink 6。","{""id"":""src.nvidia-lpx-page"",""url"":""https://www.nvidia.com/en-us/data-center/lpx/"",""localFile"":null,""locator"":""NVIDIA Groq 3 LPU Inference Accelerator 节，「2.5 TB/s scale-up bandwidth」（技术博客：「high aggregate I/O bi-directional bandwidth of 2.5 TB/s」）""}","2026-09-12","2026-08","保留厂商宣称、第三方推测或教学观点及证据标签，不作为官方硬件数学输入。"
"cmp.lpx.lp30-lpu:specs.c2cLinkCount","96","96","non-spec","retained","[""sys.groq3-lpx""]","NVIDIA Groq 3 LPU（LP30）","个","NVIDIA Groq 3 LPU（LP30） / c2cLinkCount；适用范围见限定条件与来源位置","not specified / not applicable","not applicable / unspecified","not applicable / unspecified","★ high-radix（高基数）设计：链路多、每条慢，用「多路并行 + 确定性到达」换低抖动，而不是用少数几条超高速链路。","{""id"":""src.nvidia-lpx-blog"",""url"":""https://developer.nvidia.com/blog/inside-nvidia-groq-3-lpx-the-low-latency-inference-accelerator-for-the-nvidia-vera-rubin-platform/"",""localFile"":null,""locator"":""C2C scaling with predictable communication 节，「Each LPU connects through 96 C2C links running at 112 Gbps each」""}","2026-09-12","2026-03","保留厂商宣称、第三方推测或教学观点及证据标签，不作为官方硬件数学输入。"
"cmp.lpx.lp30-lpu:specs.c2cLinkGbps","112","112","non-spec","retained","[""sys.groq3-lpx""]","NVIDIA Groq 3 LPU（LP30）","Gb/s","NVIDIA Groq 3 LPU（LP30） / c2cLinkGbps；适用范围见限定条件与来源位置","not specified / not applicable","not applicable / unspecified","not applicable / unspecified","","{""id"":""src.nvidia-lpx-blog"",""url"":""https://developer.nvidia.com/blog/inside-nvidia-groq-3-lpx-the-low-latency-inference-accelerator-for-the-nvidia-vera-rubin-platform/"",""localFile"":null,""locator"":""C2C scaling with predictable communication 节，「96 C2C links running at 112 Gbps each」""}","2026-09-12","2026-03","保留厂商宣称、第三方推测或教学观点及证据标签，不作为官方硬件数学输入。"
"cmp.lpx.lp30-lpu:specs.vectorWidthBytes","320","320","non-spec","retained","[""sys.groq3-lpx""]","NVIDIA Groq 3 LPU（LP30）","字节","NVIDIA Groq 3 LPU（LP30） / vectorWidthBytes；适用范围见限定条件与来源位置","not specified / not applicable","not applicable / unspecified","not applicable / unspecified","算术、访存与跨芯片传输统一以 320 字节向量为工作单元——调度与同步因此可以静态算出来。","{""id"":""src.nvidia-lpx-blog"",""url"":""https://developer.nvidia.com/blog/inside-nvidia-groq-3-lpx-the-low-latency-inference-accelerator-for-the-nvidia-vera-rubin-platform/"",""localFile"":null,""locator"":""Tensor-first compute and explicit data movement 节，「Compute and communication in the LPU are organized around 320-byte vectors as the unit of work」""}","2026-09-12","2026-03","保留厂商宣称、第三方推测或教学观点及证据标签，不作为官方硬件数学输入。"
"cmp.lpx.lp30-lpu:specs.executionModules","MXM（矩阵）/ VXM（向量）/ SXM（结构化数据搬移）","MXM（矩阵）/ VXM（向量）/ SXM（结构化数据搬移）","non-spec","retained","[""sys.groq3-lpx""]","NVIDIA Groq 3 LPU（LP30）","null","NVIDIA Groq 3 LPU（LP30） / executionModules；适用范围见限定条件与来源位置","not specified / not applicable","not applicable / unspecified","not applicable / unspecified","","{""id"":""src.nvidia-lpx-blog"",""url"":""https://developer.nvidia.com/blog/inside-nvidia-groq-3-lpx-the-low-latency-inference-accelerator-for-the-nvidia-vera-rubin-platform/"",""localFile"":null,""locator"":""Tensor-first compute and explicit data movement 节，「Matrix execution modules (MXM)… Vector execution modules (VXM)… Switch execution modules (SXM)」""}","2026-09-12","2026-03","保留厂商宣称、第三方推测或教学观点及证据标签，不作为官方硬件数学输入。"
"cmp.lpx.lp30-lpu:specs.executionModel","编译器静态编排（spatial execution）+ plesiosynchronous C2C 协议对齐时钟漂移","编译器静态编排（spatial execution）+ plesiosynchronous C2C 协议对齐时钟漂移","non-spec","retained","[""sys.groq3-lpx""]","NVIDIA Groq 3 LPU（LP30）","null","NVIDIA Groq 3 LPU（LP30） / executionModel；适用范围见限定条件与来源位置","not specified / not applicable","not applicable / unspecified","not applicable / unspecified","★ 这是 LPU 与 GPU 最本质的分野：没有运行期动态调度器，指令时序在编译期就定死。好处是抖动小、可预测；代价是模型/形状变化时要重新编译。","{""id"":""src.nvidia-lpx-blog"",""url"":""https://developer.nvidia.com/blog/inside-nvidia-groq-3-lpx-the-low-latency-inference-accelerator-for-the-nvidia-vera-rubin-platform/"",""localFile"":null,""locator"":""Deterministic, compiler-orchestrated execution 节，「the compiler relies on plesiosynchronous, chip-to-chip protocol in hardware that cancels natural clock drift and aligns hundreds of LPU accelerators to act as a single coordinated system」""}","2026-09-12","2026-03","保留厂商宣称、第三方推测或教学观点及证据标签，不作为官方硬件数学输入。"
"cmp.lpx.lp30-lpu:specs.memoryHierarchy","扁平 SRAM（MEM 块），无硬件管理的 cache，权重/激活/KV 由编译器与运行时显式放置","扁平 SRAM（MEM 块），无硬件管理的 cache，权重/激活/KV 由编译器与运行时显式放置","non-spec","retained","[""sys.groq3-lpx""]","NVIDIA Groq 3 LPU（LP30）","null","NVIDIA Groq 3 LPU（LP30） / memoryHierarchy；适用范围见限定条件与来源位置","not specified / not applicable","not applicable / unspecified","not applicable / unspecified","","{""id"":""src.nvidia-lpx-blog"",""url"":""https://developer.nvidia.com/blog/inside-nvidia-groq-3-lpx-the-low-latency-inference-accelerator-for-the-nvidia-vera-rubin-platform/"",""localFile"":null,""locator"":""MEM enables extreme on-chip memory bandwidth 节，「Rather than relying on hardware-managed caches, the compiler and runtime place the active working set, including weights, activations, and KV state, into on-chip memory and move data explicitly」""}","2026-09-12","2026-03","保留厂商宣称、第三方推测或教学观点及证据标签，不作为官方硬件数学输入。"
"cmp.lpx.lp30-lpu:specs.memoryTechnology","无 HBM（SRAM-first 架构，主工作存储是片上 SRAM）","无 HBM（SRAM-first 架构，主工作存储是片上 SRAM）","non-spec","retained","[""sys.groq3-lpx""]","NVIDIA Groq 3 LPU（LP30）","null","NVIDIA Groq 3 LPU（LP30） / memoryTechnology；适用范围见限定条件与来源位置","not specified / not applicable","not applicable / unspecified","not applicable / unspecified","★ 售前最容易被追问的一条：LPX 机架没有 HBM。跨颗扩容靠 layer-wise partitioning（官方原话）把模型切到多颗 LPU 上，而不是靠单颗堆容量。","{""id"":""src.nvidia-lpx-blog"",""url"":""https://developer.nvidia.com/blog/inside-nvidia-groq-3-lpx-the-low-latency-inference-accelerator-for-the-nvidia-vera-rubin-platform/"",""localFile"":null,""locator"":""MEM enables extreme on-chip memory bandwidth 节全文——LPU 的主工作存储是片上 SRAM；机架级 DRAM 走托盘上的 fabric expansion logic 与 host CPU（表 2）""}","2026-09-12","2026-03","保留厂商宣称、第三方推测或教学观点及证据标签，不作为官方硬件数学输入。"
"cmp.lpx.lp30-lpu:specs.tdpW","null","null","not-found","retained","[""sys.groq3-lpx""]","NVIDIA Groq 3 LPU（LP30）","W","NVIDIA Groq 3 LPU（LP30） / tdpW；适用范围见限定条件与来源位置","not specified / not applicable","not applicable / unspecified","not applicable / unspecified","NVIDIA 未公布单颗 LP30 的 TDP（整机架功率同样未公布）。","{""id"":""src.nvidia-lpx-blog"",""url"":""https://developer.nvidia.com/blog/inside-nvidia-groq-3-lpx-the-low-latency-inference-accelerator-for-the-nvidia-vera-rubin-platform/"",""localFile"":null,""locator"":null}","2026-09-12","2026-03","截至 2026-09-12，所查官方资料仍未提供可采纳的适用值；不能据此断言从未公开。 NVIDIA 未公布单颗 LP30 的 TDP（整机架功率同样未公布）。"
"cmp.lpx.lp30-lpu:specs.processNode","null","null","not-found","retained","[""sys.groq3-lpx""]","NVIDIA Groq 3 LPU（LP30）","null","NVIDIA Groq 3 LPU（LP30） / processNode；适用范围见限定条件与来源位置","not specified / not applicable","not applicable / unspecified","not applicable / unspecified","NVIDIA 未公布 LP30 的制程节点与晶体管数（技术博客与产品页都没有这两项）。","{""id"":""src.nvidia-lpx-blog"",""url"":""https://developer.nvidia.com/blog/inside-nvidia-groq-3-lpx-the-low-latency-inference-accelerator-for-the-nvidia-vera-rubin-platform/"",""localFile"":null,""locator"":null}","2026-09-12","2026-03","截至 2026-09-12，所查官方资料仍未提供可采纳的适用值；不能据此断言从未公开。 NVIDIA 未公布 LP30 的制程节点与晶体管数（技术博客与产品页都没有这两项）。"
"cmp.lpx.host-cpu:specs.presence","每托盘 1 颗（官方托盘图中的独立部件）","每托盘 1 颗（官方托盘图中的独立部件）","non-spec","retained","[""sys.groq3-lpx""]","LPX 托盘主机 CPU（型号未公布）","null","LPX 托盘主机 CPU（型号未公布） / presence；适用范围见限定条件与来源位置","not specified / not applicable","not applicable / unspecified","not applicable / unspecified","★ 图注把 Host CPU 与 BlueField-4 DPU 并列列出 ⇒ 两个独立部件，不是同一颗。","{""id"":""src.nvidia-lpx-blog"",""url"":""https://developer.nvidia.com/blog/inside-nvidia-groq-3-lpx-the-low-latency-inference-accelerator-for-the-nvidia-vera-rubin-platform/"",""localFile"":null,""locator"":""Inside the NVIDIA Groq 3 LPX compute tray 节，「Every tray integrates eight LPU accelerators, a host processor, and fabric expansion logic」（图 2 图注：「eight Groq 3 LPU modules connected to an on-tray Fabric Expansion Logic, DRAM, Host CPU, BlueField-4 DPU…」）""}","2026-09-12","2026-03","保留厂商宣称、第三方推测或教学观点及证据标签，不作为官方硬件数学输入。"
"cmp.lpx.host-cpu:specs.dramViaHostGB","128","128","non-spec","retained","[""sys.groq3-lpx""]","LPX 托盘主机 CPU（型号未公布）","GB","LPX 托盘主机 CPU（型号未公布） / dramViaHostGB；适用范围见限定条件与来源位置","not specified / not applicable","not applicable / unspecified","not applicable / unspecified","官方措辞是「Up to」（上限口径，不是标配值）。","{""id"":""src.nvidia-lpx-blog"",""url"":""https://developer.nvidia.com/blog/inside-nvidia-groq-3-lpx-the-low-latency-inference-accelerator-for-the-nvidia-vera-rubin-platform/"",""localFile"":null,""locator"":""表 2「DRAM via host CPU | Up to 128 GB」""}","2026-09-12","2026-03","保留厂商宣称、第三方推测或教学观点及证据标签，不作为官方硬件数学输入。"
"cmp.lpx.host-cpu:specs.model","null","null","not-found","retained","[""sys.groq3-lpx""]","LPX 托盘主机 CPU（型号未公布）","null","LPX 托盘主机 CPU（型号未公布） / model；适用范围见限定条件与来源位置","not specified / not applicable","not applicable / unspecified","not applicable / unspecified","★ NVIDIA 未公布 LPX 托盘主机 CPU 的型号。官方材料只在托盘图与正文里称它为「host processor / Host CPU」，既没说是 NVIDIA Vera、也没说是 Grace 或第三方 x86。本项目不猜，也不允许拿 BlueField-4 内嵌的 CPU 顶替。","{""id"":""src.nvidia-lpx-blog"",""url"":""https://developer.nvidia.com/blog/inside-nvidia-groq-3-lpx-the-low-latency-inference-accelerator-for-the-nvidia-vera-rubin-platform/"",""localFile"":null,""locator"":null}","2026-09-12","2026-03","截至 2026-09-12，所查官方资料仍未提供可采纳的适用值；不能据此断言从未公开。 ★ NVIDIA 未公布 LPX 托盘主机 CPU 的型号。官方材料只在托盘图与正文里称它为「host processor / Host CPU」，既没说是 NVIDIA Vera、也没说是 Grace 或第三方 x86。本项目不猜，也不允许拿 BlueField-4 内嵌的 CPU 顶替。"
"cmp.lpx.host-cpu:specs.coreCount","null","null","not-found","retained","[""sys.groq3-lpx""]","LPX 托盘主机 CPU（型号未公布）","核","LPX 托盘主机 CPU（型号未公布） / coreCount；适用范围见限定条件与来源位置","not specified / not applicable","not applicable / unspecified","not applicable / unspecified","NVIDIA 未公布该主机 CPU 的核数。","{""id"":""src.nvidia-lpx-blog"",""url"":""https://developer.nvidia.com/blog/inside-nvidia-groq-3-lpx-the-low-latency-inference-accelerator-for-the-nvidia-vera-rubin-platform/"",""localFile"":null,""locator"":null}","2026-09-12","2026-03","截至 2026-09-12，所查官方资料仍未提供可采纳的适用值；不能据此断言从未公开。 NVIDIA 未公布该主机 CPU 的核数。"
"cmp.lpx.host-cpu:specs.architecture","null","null","not-found","retained","[""sys.groq3-lpx""]","LPX 托盘主机 CPU（型号未公布）","null","LPX 托盘主机 CPU（型号未公布） / architecture；适用范围见限定条件与来源位置","not specified / not applicable","not applicable / unspecified","not applicable / unspecified","NVIDIA 未公布该主机 CPU 的指令集架构（Arm / x86 均未说明）。","{""id"":""src.nvidia-lpx-blog"",""url"":""https://developer.nvidia.com/blog/inside-nvidia-groq-3-lpx-the-low-latency-inference-accelerator-for-the-nvidia-vera-rubin-platform/"",""localFile"":null,""locator"":null}","2026-09-12","2026-03","截至 2026-09-12，所查官方资料仍未提供可采纳的适用值；不能据此断言从未公开。 NVIDIA 未公布该主机 CPU 的指令集架构（Arm / x86 均未说明）。"
"cmp.lpx.host-cpu:specs.tdpW","null","null","not-found","retained","[""sys.groq3-lpx""]","LPX 托盘主机 CPU（型号未公布）","W","LPX 托盘主机 CPU（型号未公布） / tdpW；适用范围见限定条件与来源位置","not specified / not applicable","not applicable / unspecified","not applicable / unspecified","NVIDIA 未公布该主机 CPU 的 TDP。","{""id"":""src.nvidia-lpx-blog"",""url"":""https://developer.nvidia.com/blog/inside-nvidia-groq-3-lpx-the-low-latency-inference-accelerator-for-the-nvidia-vera-rubin-platform/"",""localFile"":null,""locator"":null}","2026-09-12","2026-03","截至 2026-09-12，所查官方资料仍未提供可采纳的适用值；不能据此断言从未公开。 NVIDIA 未公布该主机 CPU 的 TDP。"
"cmp.lpx.fabric-expansion:specs.role","托盘内 C2C 扩展 + DRAM 挂载，配合无线缆（cableless）托盘设计","托盘内 C2C 扩展 + DRAM 挂载，配合无线缆（cableless）托盘设计","non-spec","retained","[""sys.groq3-lpx""]","Fabric Expansion Logic（托盘内扩展逻辑）","null","Fabric Expansion Logic（托盘内扩展逻辑） / role；适用范围见限定条件与来源位置","not specified / not applicable","not applicable / unspecified","not applicable / unspecified","","{""id"":""src.nvidia-lpx-blog"",""url"":""https://developer.nvidia.com/blog/inside-nvidia-groq-3-lpx-the-low-latency-inference-accelerator-for-the-nvidia-vera-rubin-platform/"",""localFile"":null,""locator"":""Inside the NVIDIA Groq 3 LPX compute tray 节，「Every tray integrates eight LPU accelerators, a host processor, and fabric expansion logic in a cableless design」（图 2 图注：「connected to an on-tray Fabric Expansion Logic, DRAM, Host CPU, BlueField-4 DPU, and backplane and front-panel connections」）""}","2026-09-12","2026-03","保留厂商宣称、第三方推测或教学观点及证据标签，不作为官方硬件数学输入。"
"cmp.lpx.fabric-expansion:specs.dramViaFabricGB","256","256","non-spec","retained","[""sys.groq3-lpx""]","Fabric Expansion Logic（托盘内扩展逻辑）","GB","Fabric Expansion Logic（托盘内扩展逻辑） / dramViaFabricGB；适用范围见限定条件与来源位置","not specified / not applicable","not applicable / unspecified","not applicable / unspecified","官方措辞是「Up to」（上限口径，不是标配值）。与 host CPU 侧的 Up to 128 GB 合计每托盘最高 384 GB，× 32 托盘 = 12 TB——**与产品页机架级「12 TB of DDR5」一致的是这个上限**，不能反过来当成「每托盘实配 384 GB」。实配量官方未公布。","{""id"":""src.nvidia-lpx-blog"",""url"":""https://developer.nvidia.com/blog/inside-nvidia-groq-3-lpx-the-low-latency-inference-accelerator-for-the-nvidia-vera-rubin-platform/"",""localFile"":null,""locator"":""表 2「DRAM via fabric expansion logic | Up to 256 GB」""}","2026-09-12","2026-03","保留厂商宣称、第三方推测或教学观点及证据标签，不作为官方硬件数学输入。"
"cmp.lpx.fabric-expansion:specs.c2cScope","托盘内直连 / 经 LPU C2C spine 跨托盘 / 随系统规模跨机架","托盘内直连 / 经 LPU C2C spine 跨托盘 / 随系统规模跨机架","non-spec","retained","[""sys.groq3-lpx""]","Fabric Expansion Logic（托盘内扩展逻辑）","null","Fabric Expansion Logic（托盘内扩展逻辑） / c2cScope；适用范围见限定条件与来源位置","not specified / not applicable","not applicable / unspecified","not applicable / unspecified","","{""id"":""src.nvidia-lpx-blog"",""url"":""https://developer.nvidia.com/blog/inside-nvidia-groq-3-lpx-the-low-latency-inference-accelerator-for-the-nvidia-vera-rubin-platform/"",""localFile"":null,""locator"":""Inside the NVIDIA Groq 3 LPX compute tray 节，「LPU chip-to-chip (C2C) links provide direct communication within the tray, across trays via the LPU C2C spine, and across racks as systems scale」""}","2026-09-12","2026-03","保留厂商宣称、第三方推测或教学观点及证据标签，不作为官方硬件数学输入。"
"cmp.lpx.fabric-expansion:specs.vendorPart","null","null","not-found","retained","[""sys.groq3-lpx""]","Fabric Expansion Logic（托盘内扩展逻辑）","null","Fabric Expansion Logic（托盘内扩展逻辑） / vendorPart；适用范围见限定条件与来源位置","not specified / not applicable","not applicable / unspecified","not applicable / unspecified","NVIDIA 未公布 fabric expansion logic 的具体形态（ASIC / FPGA / 交换芯片）与型号，官方只给了功能描述。","{""id"":""src.nvidia-lpx-blog"",""url"":""https://developer.nvidia.com/blog/inside-nvidia-groq-3-lpx-the-low-latency-inference-accelerator-for-the-nvidia-vera-rubin-platform/"",""localFile"":null,""locator"":null}","2026-09-12","2026-03","截至 2026-09-12，所查官方资料仍未提供可采纳的适用值；不能据此断言从未公开。 NVIDIA 未公布 fabric expansion logic 的具体形态（ASIC / FPGA / 交换芯片）与型号，官方只给了功能描述。"
"cmp.lpx.compute-tray:specs.lpusPerTray","8","8","non-spec","retained","[""sys.groq3-lpx""]","Groq 3 LPX 计算托盘（1U 液冷）","个","Groq 3 LPX 计算托盘（1U 液冷） / lpusPerTray；适用范围见限定条件与来源位置","not specified / not applicable","not applicable / unspecified","not applicable / unspecified","","{""id"":""src.nvidia-lpx-blog"",""url"":""https://developer.nvidia.com/blog/inside-nvidia-groq-3-lpx-the-low-latency-inference-accelerator-for-the-nvidia-vera-rubin-platform/"",""localFile"":null,""locator"":""表 2「LP30 chips | 8」（正文：「Every tray integrates eight LPU accelerators」）""}","2026-09-12","2026-03","保留厂商宣称、第三方推测或教学观点及证据标签，不作为官方硬件数学输入。"
"cmp.lpx.compute-tray:specs.hostCpusPerTray","1","1","non-spec","retained","[""sys.groq3-lpx""]","Groq 3 LPX 计算托盘（1U 液冷）","个","Groq 3 LPX 计算托盘（1U 液冷） / hostCpusPerTray；适用范围见限定条件与来源位置","not specified / not applicable","not applicable / unspecified","not applicable / unspecified","★ 型号未公布，见 cmp.lpx.host-cpu。不得与同托盘的 BlueField-4 混为一谈。","{""id"":""src.nvidia-lpx-blog"",""url"":""https://developer.nvidia.com/blog/inside-nvidia-groq-3-lpx-the-low-latency-inference-accelerator-for-the-nvidia-vera-rubin-platform/"",""localFile"":null,""locator"":""Inside the NVIDIA Groq 3 LPX compute tray 节，「eight LPU accelerators, a host processor, and fabric expansion logic」（图 2 图注中 Host CPU 为独立部件）""}","2026-09-12","2026-03","保留厂商宣称、第三方推测或教学观点及证据标签，不作为官方硬件数学输入。"
"cmp.lpx.compute-tray:specs.bluefield4PerTray","1","1","non-spec","retained","[""sys.groq3-lpx""]","Groq 3 LPX 计算托盘（1U 液冷）","个","Groq 3 LPX 计算托盘（1U 液冷） / bluefield4PerTray；适用范围见限定条件与来源位置","not specified / not applicable","not applicable / unspecified","not applicable / unspecified","","{""id"":""src.nvidia-lpx-blog"",""url"":""https://developer.nvidia.com/blog/inside-nvidia-groq-3-lpx-the-low-latency-inference-accelerator-for-the-nvidia-vera-rubin-platform/"",""localFile"":null,""locator"":""图 2 图注，「…an on-tray Fabric Expansion Logic, DRAM, Host CPU, BlueField-4 DPU, and backplane and front-panel connections」""}","2026-09-12","2026-03","保留厂商宣称、第三方推测或教学观点及证据标签，不作为官方硬件数学输入。"
"cmp.lpx.compute-tray:specs.sramPerTrayGB","4","4","non-spec","retained","[""sys.groq3-lpx""]","Groq 3 LPX 计算托盘（1U 液冷）","GB","Groq 3 LPX 计算托盘（1U 液冷） / sramPerTrayGB；适用范围见限定条件与来源位置","not specified / not applicable","not applicable / unspecified","not applicable / unspecified","= 8 × 500 MB，与单芯片口径闭合。","{""id"":""src.nvidia-lpx-blog"",""url"":""https://developer.nvidia.com/blog/inside-nvidia-groq-3-lpx-the-low-latency-inference-accelerator-for-the-nvidia-vera-rubin-platform/"",""localFile"":null,""locator"":""表 2「On-chip SRAM | 4 GB」""}","2026-09-12","2026-03","保留厂商宣称、第三方推测或教学观点及证据标签，不作为官方硬件数学输入。"
"cmp.lpx.compute-tray:specs.sramBandwidthPerTrayPBs","1.2","1.2","non-spec","retained","[""sys.groq3-lpx""]","Groq 3 LPX 计算托盘（1U 液冷）","PB/s","Groq 3 LPX 计算托盘（1U 液冷） / sramBandwidthPerTrayPBs；适用范围见限定条件与来源位置","not specified / not applicable","not applicable / unspecified","not applicable / unspecified","⚠️ 官方三处带宽口径不完全闭合：机架级 40 PB/s（表 1 / 产品页）、单颗 150 TB/s（产品页 / 技术博客）、每托盘 1.2 PB/s（表 2），而 256 × 150 TB/s = 38.4 PB/s、32 × 1.2 PB/s = 38.4 PB/s，都 ≠ 40 PB/s。NVIDIA 没有解释这 1.6 PB/s 的差值（可能是取整、可能是三表口径不同）。本项目三条各自独立成立、**互不推导**——报数时按需要引用其中一条并说明出处，不要说「每颗 150 TB/s，所以机架 40 PB/s」，那是错误推导。（对照：容量 128 GB = 256 × 500 MB、scale-up 640 TB/s = 256 × 2.5 TB/s = 32 × 20 TB/s 这两对确实闭合。）","{""id"":""src.nvidia-lpx-blog"",""url"":""https://developer.nvidia.com/blog/inside-nvidia-groq-3-lpx-the-low-latency-inference-accelerator-for-the-nvidia-vera-rubin-platform/"",""localFile"":null,""locator"":""表 2「SRAM bandwidth | 1.2 PB/s」""}","2026-09-12","2026-03","保留厂商宣称、第三方推测或教学观点及证据标签，不作为官方硬件数学输入。"
"cmp.lpx.compute-tray:specs.dramViaFabricGB","256","256","non-spec","retained","[""sys.groq3-lpx""]","Groq 3 LPX 计算托盘（1U 液冷）","GB","Groq 3 LPX 计算托盘（1U 液冷） / dramViaFabricGB；适用范围见限定条件与来源位置","not specified / not applicable","not applicable / unspecified","not applicable / unspecified","","{""id"":""src.nvidia-lpx-blog"",""url"":""https://developer.nvidia.com/blog/inside-nvidia-groq-3-lpx-the-low-latency-inference-accelerator-for-the-nvidia-vera-rubin-platform/"",""localFile"":null,""locator"":""表 2「DRAM via fabric expansion logic | Up to 256 GB」""}","2026-09-12","2026-03","保留厂商宣称、第三方推测或教学观点及证据标签，不作为官方硬件数学输入。"
"cmp.lpx.compute-tray:specs.dramViaHostGB","128","128","non-spec","retained","[""sys.groq3-lpx""]","Groq 3 LPX 计算托盘（1U 液冷）","GB","Groq 3 LPX 计算托盘（1U 液冷） / dramViaHostGB；适用范围见限定条件与来源位置","not specified / not applicable","not applicable / unspecified","not applicable / unspecified","","{""id"":""src.nvidia-lpx-blog"",""url"":""https://developer.nvidia.com/blog/inside-nvidia-groq-3-lpx-the-low-latency-inference-accelerator-for-the-nvidia-vera-rubin-platform/"",""localFile"":null,""locator"":""表 2「DRAM via host CPU | Up to 128 GB」""}","2026-09-12","2026-03","保留厂商宣称、第三方推测或教学观点及证据标签，不作为官方硬件数学输入。"
"cmp.lpx.compute-tray:specs.fp8PflopsPerTray","9.6","9.6","non-spec","retained","[""sys.groq3-lpx""]","Groq 3 LPX 计算托盘（1U 液冷）","PFLOPS","Groq 3 LPX 计算托盘（1U 液冷） / fp8PflopsPerTray；适用范围见限定条件与来源位置","not specified / not applicable","FP8","not applicable / unspecified","⚠️ 官方两处算力口径不完全闭合：技术博客表 1 给整机架 315 PFLOPS，表 2 给每托盘 9.6 PFLOPS，而 32 × 9.6 = 307.2 ≠ 315。NVIDIA 没有解释这 7.8 PFLOPS 的差值（可能是 binning、可能是两表口径不同）。本项目两条数字各自独立成立、互不推导，报数时按需要引用其中一条并说明它的出处，不要拿一条去「验算」另一条。","{""id"":""src.nvidia-lpx-blog"",""url"":""https://developer.nvidia.com/blog/inside-nvidia-groq-3-lpx-the-low-latency-inference-accelerator-for-the-nvidia-vera-rubin-platform/"",""localFile"":null,""locator"":""表 2「AI inference compute (FP8) | 9.6 PFLOPS」""}","2026-09-12","2026-03","保留厂商宣称、第三方推测或教学观点及证据标签，不作为官方硬件数学输入。"
"cmp.lpx.compute-tray:specs.scaleUpBandwidthPerTrayTBs","20","20","non-spec","retained","[""sys.groq3-lpx""]","Groq 3 LPX 计算托盘（1U 液冷）","TB/s","Groq 3 LPX 计算托盘（1U 液冷） / scaleUpBandwidthPerTrayTBs；适用范围见限定条件与来源位置","not specified / not applicable","not applicable / unspecified","not applicable / unspecified","⚠️ 与机架级 640 TB/s 同样不是简单倍数关系（32 × 20 = 640，这一对恰好闭合）。","{""id"":""src.nvidia-lpx-blog"",""url"":""https://developer.nvidia.com/blog/inside-nvidia-groq-3-lpx-the-low-latency-inference-accelerator-for-the-nvidia-vera-rubin-platform/"",""localFile"":null,""locator"":""表 2「Scale-up bandwidth | 20 TB/s」""}","2026-09-12","2026-03","保留厂商宣称、第三方推测或教学观点及证据标签，不作为官方硬件数学输入。"
"cmp.lpx.compute-tray:specs.formFactor","1U，液冷，无线缆（cableless）","1U，液冷，无线缆（cableless）","non-spec","retained","[""sys.groq3-lpx""]","Groq 3 LPX 计算托盘（1U 液冷）","null","Groq 3 LPX 计算托盘（1U 液冷） / formFactor；适用范围见限定条件与来源位置","not specified / not applicable","not applicable / unspecified","not applicable / unspecified","","{""id"":""src.nvidia-lpx-blog"",""url"":""https://developer.nvidia.com/blog/inside-nvidia-groq-3-lpx-the-low-latency-inference-accelerator-for-the-nvidia-vera-rubin-platform/"",""localFile"":null,""locator"":""Inside the NVIDIA Groq 3 LPX compute tray 节，「32 liquid-cooled 1U compute trays」+「in a cableless design that simplifies rack-scale deployment」""}","2026-09-12","2026-03","保留厂商宣称、第三方推测或教学观点及证据标签，不作为官方硬件数学输入。"
"cmp.lpx.compute-tray:specs.scaleOutNic","null","null","not-applicable","retained","[""sys.groq3-lpx""]","Groq 3 LPX 计算托盘（1U 液冷）","null","Groq 3 LPX 计算托盘（1U 液冷） / scaleOutNic；适用范围见限定条件与来源位置","not specified / not applicable","not applicable / unspecified","not applicable / unspecified","NVIDIA 未公布 LPX 托盘是否配备独立的 scale-out 网卡（官方托盘图里只有 BlueField-4 与「backplane and front-panel connections」，没有出现 ConnectX 系列）。本项目因此不为 LPX 建 scale-out 网卡组件——「未收录」不等于「没有」。⚠️ v1.5 复核了一处**看似相关、实则不适用**的官方句子，在此留痕以免后人误引：POD 博客写过「MGX ETL leverages a Spectrum-X Multiplane topology that fans out the 200 Gb/s lanes across multiple switches, delivering full all-to-all connectivity among nodes within the rack…」——但同文明确 MGX ETL 是「designed with a Spectrum-X Ethernet spine **or** a direct chip-to-chip spine」两种配置，那段 Multiplane 描述出现在「NVIDIA Spectrum-X Ethernet spine」小节，服务的是 Vera CPU 机架与 BlueField-4 STX 存储机架；**LPX 用的是另一种配置**（「Direct chip-to-chip spine」小节）。所以那句话不能套到 LPX 上。","{""id"":""src.nvidia-lpx-blog"",""url"":""https://developer.nvidia.com/blog/inside-nvidia-groq-3-lpx-the-low-latency-inference-accelerator-for-the-nvidia-vera-rubin-platform/"",""localFile"":null,""locator"":null}","2026-09-12","2026-03","此架构不适用该参数。 NVIDIA 未公布 LPX 托盘是否配备独立的 scale-out 网卡（官方托盘图里只有 BlueField-4 与「backplane and front-panel connections」，没有出现 ConnectX 系列）。本项目因此不为 LPX 建 scale-out 网卡组件——「未收录」不等于「没有」。⚠️ v1.5 复核了一处**看似相关、实则不适用**的官方句子，在此留痕以免后人误引：POD 博客写过「MGX ETL leverages a Spectrum-X Multiplane topology that fans out the 200 Gb/s lanes across multiple switches, delivering full all-to-all connectivity among nodes within the rack…」——但同文明确 MGX ETL 是「designed with a Spectrum-X Ethernet spine **or** a direct chip-to-chip spine」两种配置，那段 Multiplane 描述出现在「NVIDIA Spectrum-X Ethernet spine」小节，服务的是 Vera CPU 机架与 BlueField-4 STX 存储机架；**LPX 用的是另一种配置**（「Direct chip-to-chip spine」小节）。所以那句话不能套到 LPX 上。"
"cmp.lpx.compute-tray:specs.trayPowerW","null","null","not-found","retained","[""sys.groq3-lpx""]","Groq 3 LPX 计算托盘（1U 液冷）","W","Groq 3 LPX 计算托盘（1U 液冷） / trayPowerW；适用范围见限定条件与来源位置","not specified / not applicable","not applicable / unspecified","not applicable / unspecified","NVIDIA 未公布单个 LPX 计算托盘的功耗。","{""id"":""src.nvidia-lpx-blog"",""url"":""https://developer.nvidia.com/blog/inside-nvidia-groq-3-lpx-the-low-latency-inference-accelerator-for-the-nvidia-vera-rubin-platform/"",""localFile"":null,""locator"":null}","2026-09-12","2026-03","截至 2026-09-12，所查官方资料仍未提供可采纳的适用值；不能据此断言从未公开。 NVIDIA 未公布单个 LPX 计算托盘的功耗。"
"cmp.lpx.c2c-spine:specs.medium","机架后部铜缆脊柱：2 个铜缆匣，数千对铜缆组成点对点拓扑","机架后部铜缆脊柱：2 个铜缆匣，数千对铜缆组成点对点拓扑","non-spec","retained","[""sys.groq3-lpx""]","LPU C2C Spine（机架内 scale-up 背板）","null","LPU C2C Spine（机架内 scale-up 背板） / medium；适用范围见限定条件与来源位置","not specified / not applicable","not applicable / unspecified","not applicable / unspecified","★ v1.5 订正（此前记作「官方未公布物理介质，铜还是光没有说明」，属漏检）：2026-03 POD 博客把 LPX 的 direct chip-to-chip spine 写得很清楚——**铜缆**，2 个线缆匣，位于机架后部，与其他 MGX 机架共用同一套线缆匣机械形态。⚠️ 官方**没有**给出铜缆的具体根数（只说 thousands of paired connections，对照 MGX NVL 的 NVLink 脊柱官方给的是 5,000 根 / 4 个匣），因此本项目不建根数 Claim。也要注意「无线缆」的主语是托盘不是机架，与 Vera Rubin 同一个陷阱。","{""id"":""src.nvidia-rubin-pod-blog"",""url"":""https://developer.nvidia.com/blog/nvidia-vera-rubin-pod-seven-chips-five-rack-scale-systems-one-ai-supercomputer/"",""localFile"":null,""locator"":""Direct chip-to-chip spine 节，「It features 32 compute trays, each with eight LPUs, connected by a direct chip-to-chip spine, which consists of two copper cable cartridges that create an intricate point-to-point topology over thousands of paired copper cable connections. These cables make up the direct chip-to-chip spine at the back of the rack consisting of the same cable cartridge mechanical form factor as other MGX racks.」""}","2026-09-12","2026-03","保留厂商宣称、第三方推测或教学观点及证据标签，不作为官方硬件数学输入。"
"cmp.lpx.c2c-spine:specs.cableCartridgeCount","2","2","non-spec","retained","[""sys.groq3-lpx""]","LPU C2C Spine（机架内 scale-up 背板）","个","LPU C2C Spine（机架内 scale-up 背板） / cableCartridgeCount；适用范围见限定条件与来源位置","not specified / not applicable","not applicable / unspecified","not applicable / unspecified","对照 MGX NVL（Vera Rubin NVL72）的 NVLink 脊柱是 4 个线缆匣、约 5,000 根铜缆。两者匣数不同但机械形态相同（官方「the same cable cartridge mechanical form factor as other MGX racks」）。","{""id"":""src.nvidia-rubin-pod-blog"",""url"":""https://developer.nvidia.com/blog/nvidia-vera-rubin-pod-seven-chips-five-rack-scale-systems-one-ai-supercomputer/"",""localFile"":null,""locator"":""Direct chip-to-chip spine 节，「…which consists of two copper cable cartridges that create an intricate point-to-point topology over thousands of paired copper cable connections」""}","2026-09-12","2026-03","保留厂商宣称、第三方推测或教学观点及证据标签，不作为官方硬件数学输入。"
"cmp.lpx.c2c-spine:specs.switchless","无交换芯片：LPU 之间直连 chip-to-chip","无交换芯片：LPU 之间直连 chip-to-chip","non-spec","retained","[""sys.groq3-lpx""]","LPU C2C Spine（机架内 scale-up 背板）","null","LPU C2C Spine（机架内 scale-up 背板） / switchless；适用范围见限定条件与来源位置","not specified / not applicable","not applicable / unspecified","not applicable / unspecified","★ 与 Vera Rubin NVL72 的根本差异：那一代是 72 GPU × 36 颗 NVLink 6 交换芯片的交换式全互联，LPX 这一代没有交换层这个东西。","{""id"":""src.nvidia-lpx-page"",""url"":""https://www.nvidia.com/en-us/data-center/lpx/"",""localFile"":null,""locator"":""Massive Scale-Up Bandwidth 卡片，「Direct chip-to-chip links deliver 640 TB/s of scale-up bandwidth across the LPX rack for low-latency chip communication」""}","2026-09-12","2026-08","保留厂商宣称、第三方推测或教学观点及证据标签，不作为官方硬件数学输入。"
"cmp.lpx.c2c-spine:specs.aggregateBandwidthTBs","640","640","non-spec","retained","[""sys.groq3-lpx""]","LPU C2C Spine（机架内 scale-up 背板）","TB/s","LPU C2C Spine（机架内 scale-up 背板） / aggregateBandwidthTBs；适用范围见限定条件与来源位置","not specified / not applicable","not applicable / unspecified","not applicable / unspecified","GB300 NVL72 同口径 130 TB/s、Vera Rubin NVL72 260 TB/s——但那两代是 NVLink 交换域，此处是 C2C 直连域，不同物。","{""id"":""src.nvidia-lpx-blog"",""url"":""https://developer.nvidia.com/blog/inside-nvidia-groq-3-lpx-the-low-latency-inference-accelerator-for-the-nvidia-vera-rubin-platform/"",""localFile"":null,""locator"":""表 1「Scale-up bandwidth | 640 TB/s」""}","2026-09-12","2026-03","保留厂商宣称、第三方推测或教学观点及证据标签，不作为官方硬件数学输入。"
"cmp.lpx.c2c-spine:specs.topologyDetail","null","null","not-found","retained","[""sys.groq3-lpx""]","LPU C2C Spine（机架内 scale-up 背板）","null","LPU C2C Spine（机架内 scale-up 背板） / topologyDetail；适用范围见限定条件与来源位置","not specified / not applicable","not applicable / unspecified","not applicable / unspecified","NVIDIA 未公布 C2C scale-up 的具体拓扑形态（每颗 96 条链路怎么分配给托盘内/跨托盘/跨机架），官方只说是「streamlined LPX scale-up topology」。","{""id"":""src.nvidia-lpx-blog"",""url"":""https://developer.nvidia.com/blog/inside-nvidia-groq-3-lpx-the-low-latency-inference-accelerator-for-the-nvidia-vera-rubin-platform/"",""localFile"":null,""locator"":null}","2026-09-12","2026-03","截至 2026-09-12，所查官方资料仍未提供可采纳的适用值；不能据此断言从未公开。 NVIDIA 未公布 C2C scale-up 的具体拓扑形态（每颗 96 条链路怎么分配给托盘内/跨托盘/跨机架），官方只说是「streamlined LPX scale-up topology」。"
"cmp.lpx.mgx-etl-rack:specs.mgxGeneration","NVIDIA MGX ETL 机架","NVIDIA MGX ETL 机架","non-spec","retained","[""sys.groq3-lpx""]","NVIDIA MGX ETL 机架","null","NVIDIA MGX ETL 机架 / mgxGeneration；适用范围见限定条件与来源位置","not specified / not applicable","not applicable / unspecified","not applicable / unspecified","⚠️ 官方产品页自身拼写不一致：卡片标题写「MGX ETL Rack」，同卡片正文写「MGX™ ELT rack」。技术博客用的是 ETL，本项目取 ETL 并在此留痕——对外引用时建议直接说「MGX 机架」避开这个字母顺序。","{""id"":""src.nvidia-lpx-page"",""url"":""https://www.nvidia.com/en-us/data-center/lpx/"",""localFile"":null,""locator"":""Technology Breakthroughs 的 NVIDIA MGX ETL Rack 卡片标题；技术博客正文同口径：「Integrated with the NVIDIA MGX ETL rack architecture」""}","2026-09-12","2026-08","保留厂商宣称、第三方推测或教学观点及证据标签，不作为官方硬件数学输入。"
"cmp.lpx.mgx-etl-rack:specs.trayCount","32","32","non-spec","retained","[""sys.groq3-lpx""]","NVIDIA MGX ETL 机架","个","NVIDIA MGX ETL 机架 / trayCount；适用范围见限定条件与来源位置","not specified / not applicable","not applicable / unspecified","not applicable / unspecified","对照 Vera Rubin NVL72 的 18 个计算托盘 + 9 个交换托盘 = 27 个 U 位托盘。","{""id"":""src.nvidia-lpx-blog"",""url"":""https://developer.nvidia.com/blog/inside-nvidia-groq-3-lpx-the-low-latency-inference-accelerator-for-the-nvidia-vera-rubin-platform/"",""localFile"":null,""locator"":""Inside the NVIDIA Groq 3 LPX compute tray 节，「The LPX rack-scale accelerator houses 32 liquid-cooled 1U compute trays」""}","2026-09-12","2026-03","保留厂商宣称、第三方推测或教学观点及证据标签，不作为官方硬件数学输入。"
"cmp.lpx.mgx-etl-rack:specs.lpuCount","256","256","non-spec","retained","[""sys.groq3-lpx""]","NVIDIA MGX ETL 机架","个","NVIDIA MGX ETL 机架 / lpuCount；适用范围见限定条件与来源位置","not specified / not applicable","not applicable / unspecified","not applicable / unspecified","","{""id"":""src.nvidia-lpx-page"",""url"":""https://www.nvidia.com/en-us/data-center/lpx/"",""localFile"":null,""locator"":""NVIDIA Groq 3 LPU Inference Accelerator 节，「Each LPX rack features 256 interconnected LPU accelerators」""}","2026-09-12","2026-08","保留厂商宣称、第三方推测或教学观点及证据标签，不作为官方硬件数学输入。"
"cmp.lpx.mgx-etl-rack:specs.liquidCooled","true","true","non-spec","retained","[""sys.groq3-lpx""]","NVIDIA MGX ETL 机架","null","NVIDIA MGX ETL 机架 / liquidCooled；适用范围见限定条件与来源位置","not specified / not applicable","not applicable / unspecified","not applicable / unspecified","","{""id"":""src.nvidia-vera-rubin-gtc26-press"",""url"":""https://nvidianews.nvidia.com/news/nvidia-vera-rubin-platform"",""localFile"":null,""locator"":""NVIDIA Groq 3 LPX Rack 节，「Fully liquid cooled and built on MGX infrastructure」（技术博客同口径：「32 liquid-cooled 1U compute trays」）""}","2026-09-12","2026-03","保留厂商宣称、第三方推测或教学观点及证据标签，不作为官方硬件数学输入。"
"cmp.lpx.mgx-etl-rack:specs.universalRack","与 Vera Rubin 部署共用同一套 MGX 基础设施（单一通用机架）","与 Vera Rubin 部署共用同一套 MGX 基础设施（单一通用机架）","non-spec","retained","[""sys.groq3-lpx""]","NVIDIA MGX ETL 机架","null","NVIDIA MGX ETL 机架 / universalRack；适用范围见限定条件与来源位置","not specified / not applicable","not applicable / unspecified","not applicable / unspecified","","{""id"":""src.nvidia-lpx-page"",""url"":""https://www.nvidia.com/en-us/data-center/lpx/"",""localFile"":null,""locator"":""NVIDIA MGX ETL Rack 卡片，「LPX leverages the NVIDIA MGX™ ELT rack, enabling token factories to plan for a single universal rack in their NVIDIA Vera Rubin platform deployments.」""}","2026-09-12","2026-08","保留厂商宣称、第三方推测或教学观点及证据标签，不作为官方硬件数学输入。"
"cmp.lpx.mgx-etl-rack:specs.sramTotalGB","128","128","non-spec","retained","[""sys.groq3-lpx""]","NVIDIA MGX ETL 机架","GB","NVIDIA MGX ETL 机架 / sramTotalGB；适用范围见限定条件与来源位置","not specified / not applicable","not applicable / unspecified","not applicable / unspecified","","{""id"":""src.nvidia-lpx-blog"",""url"":""https://developer.nvidia.com/blog/inside-nvidia-groq-3-lpx-the-low-latency-inference-accelerator-for-the-nvidia-vera-rubin-platform/"",""localFile"":null,""locator"":""表 1「Total SRAM capacity | 128 GB」""}","2026-09-12","2026-03","保留厂商宣称、第三方推测或教学观点及证据标签，不作为官方硬件数学输入。"
"cmp.lpx.mgx-etl-rack:specs.ddr5TotalTB","12","12","non-spec","retained","[""sys.groq3-lpx""]","NVIDIA MGX ETL 机架","TB","NVIDIA MGX ETL 机架 / ddr5TotalTB；适用范围见限定条件与来源位置","not specified / not applicable","not applicable / unspecified","not applicable / unspecified","","{""id"":""src.nvidia-lpx-page"",""url"":""https://www.nvidia.com/en-us/data-center/lpx/"",""localFile"":null,""locator"":""Fusion Memory Architecture 卡片，「12 TB of DDR5 memory for large models and workloads」""}","2026-09-12","2026-08","保留厂商宣称、第三方推测或教学观点及证据标签，不作为官方硬件数学输入。"
"cmp.lpx.mgx-etl-rack:specs.fp8Pflops","315","315","non-spec","retained","[""sys.groq3-lpx""]","NVIDIA MGX ETL 机架","PFLOPS","NVIDIA MGX ETL 机架 / fp8Pflops；适用范围见限定条件与来源位置","not specified / not applicable","FP8","not applicable / unspecified","⚠️ 官方两处算力口径不完全闭合：技术博客表 1 给整机架 315 PFLOPS，表 2 给每托盘 9.6 PFLOPS，而 32 × 9.6 = 307.2 ≠ 315。NVIDIA 没有解释这 7.8 PFLOPS 的差值（可能是 binning、可能是两表口径不同）。本项目两条数字各自独立成立、互不推导，报数时按需要引用其中一条并说明它的出处，不要拿一条去「验算」另一条。","{""id"":""src.nvidia-lpx-blog"",""url"":""https://developer.nvidia.com/blog/inside-nvidia-groq-3-lpx-the-low-latency-inference-accelerator-for-the-nvidia-vera-rubin-platform/"",""localFile"":null,""locator"":""表 1「AI inference compute | 315 PFLOPS」""}","2026-09-12","2026-03","保留厂商宣称、第三方推测或教学观点及证据标签，不作为官方硬件数学输入。"
"cmp.lpx.mgx-etl-rack:specs.rackPowerKW","null","null","not-found","retained","[""sys.groq3-lpx""]","NVIDIA MGX ETL 机架","kW","NVIDIA MGX ETL 机架 / rackPowerKW；适用范围见限定条件与来源位置","not specified / not applicable","not applicable / unspecified","not applicable / unspecified","NVIDIA 未公布 LPX 的整机架功率（官方只给相对能效倍数，没有绝对功率）。","{""id"":""src.nvidia-lpx-page"",""url"":""https://www.nvidia.com/en-us/data-center/lpx/"",""localFile"":null,""locator"":null}","2026-09-12","2026-08","截至 2026-09-12，所查官方资料仍未提供可采纳的适用值；不能据此断言从未公开。 NVIDIA 未公布 LPX 的整机架功率（官方只给相对能效倍数，没有绝对功率）。"
"cmp.lpx.mgx-etl-rack:specs.heightU","null","null","not-found","retained","[""sys.groq3-lpx""]","NVIDIA MGX ETL 机架","U","NVIDIA MGX ETL 机架 / heightU；适用范围见限定条件与来源位置","not specified / not applicable","not applicable / unspecified","not applicable / unspecified","NVIDIA 未公布 MGX ETL 机架的 U 高与逐 U 布局；本项目 3D 摆位使用与前三代相同的示意占位高度。","{""id"":""src.nvidia-lpx-blog"",""url"":""https://developer.nvidia.com/blog/inside-nvidia-groq-3-lpx-the-low-latency-inference-accelerator-for-the-nvidia-vera-rubin-platform/"",""localFile"":null,""locator"":null}","2026-09-12","2026-03","截至 2026-09-12，所查官方资料仍未提供可采纳的适用值；不能据此断言从未公开。 NVIDIA 未公布 MGX ETL 机架的 U 高与逐 U 布局；本项目 3D 摆位使用与前三代相同的示意占位高度。"
"cmp.lpx.mgx-etl-rack:specs.weightKg","null","null","not-found","retained","[""sys.groq3-lpx""]","NVIDIA MGX ETL 机架","kg","NVIDIA MGX ETL 机架 / weightKg；适用范围见限定条件与来源位置","not specified / not applicable","not applicable / unspecified","not applicable / unspecified","NVIDIA 未公布 LPX 机架的整备重量（Vera Rubin 那一代官方给了「roughly 4,000 lbs」，LPX 没有对应说法）。","{""id"":""src.nvidia-lpx-blog"",""url"":""https://developer.nvidia.com/blog/inside-nvidia-groq-3-lpx-the-low-latency-inference-accelerator-for-the-nvidia-vera-rubin-platform/"",""localFile"":null,""locator"":null}","2026-09-12","2026-03","截至 2026-09-12，所查官方资料仍未提供可采纳的适用值；不能据此断言从未公开。 NVIDIA 未公布 LPX 机架的整备重量（Vera Rubin 那一代官方给了「roughly 4,000 lbs」，LPX 没有对应说法）。"
"cmp.lpx.mgx-etl-rack:specs.coolantSupplyTempC","null","null","not-found","retained","[""sys.groq3-lpx""]","NVIDIA MGX ETL 机架","°C","NVIDIA MGX ETL 机架 / coolantSupplyTempC；适用范围见限定条件与来源位置","not specified / not applicable","not applicable / unspecified","not applicable / unspecified","NVIDIA 未公布 LPX 的进液温度要求（Vera Rubin 那一代官方明确 45°C，LPX 只说了「fully liquid cooled」）。","{""id"":""src.nvidia-lpx-blog"",""url"":""https://developer.nvidia.com/blog/inside-nvidia-groq-3-lpx-the-low-latency-inference-accelerator-for-the-nvidia-vera-rubin-platform/"",""localFile"":null,""locator"":null}","2026-09-12","2026-03","截至 2026-09-12，所查官方资料仍未提供可采纳的适用值；不能据此断言从未公开。 NVIDIA 未公布 LPX 的进液温度要求（Vera Rubin 那一代官方明确 45°C，LPX 只说了「fully liquid cooled」）。"
"cmp.lpx.power-shelf:specs.shelvesPerRack","null","null","not-found","retained","[""sys.groq3-lpx""]","LPX 机架供电层","个","LPX 机架供电层 / shelvesPerRack；适用范围见限定条件与来源位置","not specified / not applicable","not applicable / unspecified","not applicable / unspecified","NVIDIA 未公布 LPX 机架的电源架数量（3D 里的数量是摆位示意）。","{""id"":""src.nvidia-lpx-page"",""url"":""https://www.nvidia.com/en-us/data-center/lpx/"",""localFile"":null,""locator"":null}","2026-09-12","2026-08","截至 2026-09-12，所查官方资料仍未提供可采纳的适用值；不能据此断言从未公开。 NVIDIA 未公布 LPX 机架的电源架数量（3D 里的数量是摆位示意）。"
"cmp.lpx.power-shelf:specs.shelfPowerKW","null","null","not-found","retained","[""sys.groq3-lpx""]","LPX 机架供电层","kW","LPX 机架供电层 / shelfPowerKW；适用范围见限定条件与来源位置","not specified / not applicable","not applicable / unspecified","not applicable / unspecified","NVIDIA 未公布单个电源架的输出功率。","{""id"":""src.nvidia-lpx-page"",""url"":""https://www.nvidia.com/en-us/data-center/lpx/"",""localFile"":null,""locator"":null}","2026-09-12","2026-08","截至 2026-09-12，所查官方资料仍未提供可采纳的适用值；不能据此断言从未公开。 NVIDIA 未公布单个电源架的输出功率。"
"cmp.lpx.power-shelf:specs.psusPerShelf","null","null","not-found","retained","[""sys.groq3-lpx""]","LPX 机架供电层","个","LPX 机架供电层 / psusPerShelf；适用范围见限定条件与来源位置","not specified / not applicable","not applicable / unspecified","not applicable / unspecified","NVIDIA 未公布每个电源架的电源模块数。","{""id"":""src.nvidia-lpx-page"",""url"":""https://www.nvidia.com/en-us/data-center/lpx/"",""localFile"":null,""locator"":null}","2026-09-12","2026-08","截至 2026-09-12，所查官方资料仍未提供可采纳的适用值；不能据此断言从未公开。 NVIDIA 未公布每个电源架的电源模块数。"
"cmp.lpx.power-shelf:specs.psuPowerKW","null","null","not-found","retained","[""sys.groq3-lpx""]","LPX 机架供电层","kW","LPX 机架供电层 / psuPowerKW；适用范围见限定条件与来源位置","not specified / not applicable","not applicable / unspecified","not applicable / unspecified","NVIDIA 未公布单个电源模块的功率。","{""id"":""src.nvidia-lpx-page"",""url"":""https://www.nvidia.com/en-us/data-center/lpx/"",""localFile"":null,""locator"":null}","2026-09-12","2026-08","截至 2026-09-12，所查官方资料仍未提供可采纳的适用值；不能据此断言从未公开。 NVIDIA 未公布单个电源模块的功率。"
"cmp.lpx.power-shelf:specs.redundancyMode","null","null","not-found","retained","[""sys.groq3-lpx""]","LPX 机架供电层","null","LPX 机架供电层 / redundancyMode；适用范围见限定条件与来源位置","not specified / not applicable","not applicable / unspecified","not applicable / unspecified","NVIDIA 未声明 LPX 的供电冗余模式与掉电保持策略。","{""id"":""src.nvidia-lpx-page"",""url"":""https://www.nvidia.com/en-us/data-center/lpx/"",""localFile"":null,""locator"":null}","2026-09-12","2026-08","截至 2026-09-12，所查官方资料仍未提供可采纳的适用值；不能据此断言从未公开。 NVIDIA 未声明 LPX 的供电冗余模式与掉电保持策略。"
"cmp.lpx.afd-peer-rack:specs.pairing","与 Vera Rubin NVL72 协同解码：GPU 跑 attention，LPU 跑 FFN/MoE","与 Vera Rubin NVL72 协同解码：GPU 跑 attention，LPU 跑 FFN/MoE","non-spec","retained","[""sys.groq3-lpx""]","配对的 Vera Rubin NVL72 机架（AFD 对端，示意）","null","配对的 Vera Rubin NVL72 机架（AFD 对端，示意） / pairing；适用范围见限定条件与来源位置","not specified / not applicable","not applicable / unspecified","not applicable / unspecified","","{""id"":""src.nvidia-vera-rubin-gtc26-press"",""url"":""https://nvidianews.nvidia.com/news/nvidia-vera-rubin-platform"",""localFile"":null,""locator"":""NVIDIA Groq 3 LPX Rack 节，「Deployed with Vera Rubin NVL72, Rubin GPUs and LPUs boost decode by jointly computing every layer of the AI model for every output token.」""}","2026-09-12","2026-03","保留厂商宣称、第三方推测或教学观点及证据标签，不作为官方硬件数学输入。"
"cmp.lpx.afd-peer-rack:specs.latency","LPX 与 NVL72 之间的高速连接把时延压到接近零","LPX 与 NVL72 之间的高速连接把时延压到接近零","non-spec","retained","[""sys.groq3-lpx""]","配对的 Vera Rubin NVL72 机架（AFD 对端，示意）","null","配对的 Vera Rubin NVL72 机架（AFD 对端，示意） / latency；适用范围见限定条件与来源位置","not specified / not applicable","not applicable / unspecified","not applicable / unspecified","⚠️ 「near zero」是营销措辞，没有给出数值口径（既没有 μs 也没有 GB/s）。不要在方案里换算成具体时延。","{""id"":""src.nvidia-lpx-page"",""url"":""https://www.nvidia.com/en-us/data-center/lpx/"",""localFile"":null,""locator"":""High-Speed Connection With NVIDIA NVL72 卡片，「LPX's high-speed connections to NVL72 reduce latency to near zero.」""}","2026-09-12","2026-08","保留厂商宣称、第三方推测或教学观点及证据标签，不作为官方硬件数学输入。"
"cmp.lpx.afd-peer-rack:specs.linkSpec","null","null","not-found","retained","[""sys.groq3-lpx""]","配对的 Vera Rubin NVL72 机架（AFD 对端，示意）","null","配对的 Vera Rubin NVL72 机架（AFD 对端，示意） / linkSpec；适用范围见限定条件与来源位置","not specified / not applicable","not applicable / unspecified","not applicable / unspecified","★ NVIDIA 未公布 LPX↔Vera Rubin NVL72 之间的物理介质、端口数与带宽，只说了「high-speed connections」。本项目的这条连线是示意，不代表任何具体接线方案。","{""id"":""src.nvidia-lpx-page"",""url"":""https://www.nvidia.com/en-us/data-center/lpx/"",""localFile"":null,""locator"":null}","2026-09-12","2026-08","截至 2026-09-12，所查官方资料仍未提供可采纳的适用值；不能据此断言从未公开。 ★ NVIDIA 未公布 LPX↔Vera Rubin NVL72 之间的物理介质、端口数与带宽，只说了「high-speed connections」。本项目的这条连线是示意，不代表任何具体接线方案。"
"cmp.hgx.b300-sxm:specs.hbmPerGpuGB","270","270","reviewed","retained","[""sys.hgx-b300""]","NVIDIA B300 SXM（Blackwell Ultra，HGX 口径）","GB","NVIDIA B300 SXM（Blackwell Ultra，HGX 口径） / hbmPerGpuGB；适用范围见限定条件与来源位置","not specified / not applicable","not applicable / unspecified","not applicable / unspecified","★ Blackwell Ultra 的显存有三个并存的官方数字，不是互相矛盾：芯片技术博客写 288 GB HBM3e，数据手册第 5 页 GB300 NVL72 列写 279 GB、HGX B300 列写 270 GB。官方自己给了解释——博客图 1 脚注「Blackwell Ultra GPUs contain up to 160 SMs and 288GB HBM3E Memory. Available SM count and HBM capacity varies by SKU.」。本项目的产能数学取数据手册 HGX B300 列的 270 GB（该列自洽：8 × 270 = 2,160 GB ≈ 整机 2.1 TB，8 × 7.7 = 61.6 ≈ 整机 62 TB/s），对外讲数时务必带上「哪个平台的哪个 SKU」这个前提。","{""id"":""src.nvidia-blackwell-ultra-datasheet"",""url"":""https://dam-cdn.nvd.orangelogic.com/AssetLink/1k0p832eq8r5ca0u5383ie5o4tp3bst1.pdf"",""localFile"":null,""locator"":""第 5 页 Technical Specifications，HGX B300 列「GPU Memory | Bandwidth | 270 GB HBM3E | 7.7 TB/s」""}","2026-09-12","2025-10","已按所列官方位置核验并采纳；限定条件随值展示。"
"cmp.hgx.b300-sxm:specs.hbmPerGpuRaGB","288","288","reviewed","retained","[""sys.hgx-b300""]","NVIDIA B300 SXM（Blackwell Ultra，HGX 口径）","GB","NVIDIA B300 SXM（Blackwell Ultra，HGX 口径） / hbmPerGpuRaGB；适用范围见限定条件与来源位置","not specified / not applicable","not applicable / unspecified","not applicable / unspecified","⚠️ 与上一条的 270 GB 并列登记、**不互相覆盖**。★ Blackwell Ultra 的显存有三个并存的官方数字，不是互相矛盾：芯片技术博客写 288 GB HBM3e，数据手册第 5 页 GB300 NVL72 列写 279 GB、HGX B300 列写 270 GB。官方自己给了解释——博客图 1 脚注「Blackwell Ultra GPUs contain up to 160 SMs and 288GB HBM3E Memory. Available SM count and HBM capacity varies by SKU.」。本项目的产能数学取数据手册 HGX B300 列的 270 GB（该列自洽：8 × 270 = 2,160 GB ≈ 整机 2.1 TB，8 × 7.7 = 61.6 ≈ 整机 62 TB/s），对外讲数时务必带上「哪个平台的哪个 SKU」这个前提。","{""id"":""src.nvidia-hgx-ra"",""url"":""https://docs.nvidia.com/enterprise-reference-architectures/hgx-ai-factory/latest/components.html"",""localFile"":null,""locator"":""Components 节 Table 1「Memory per GPU | NVIDIA B300 SXM | 288GB HBM3e」（芯片技术博客同值：「With 288 GB of HBM3e per GPU, it offers 3.6x more on-package memory than H100」）""}","2026-09-12","2026-08","已按所列官方位置核验并采纳；限定条件随值展示。"
"cmp.hgx.b300-sxm:specs.hbmBandwidthTBs","7.7","7.7","reviewed","retained","[""sys.hgx-b300""]","NVIDIA B300 SXM（Blackwell Ultra，HGX 口径）","TB/s","NVIDIA B300 SXM（Blackwell Ultra，HGX 口径） / hbmBandwidthTBs；适用范围见限定条件与来源位置","not specified / not applicable","not applicable / unspecified","not applicable / unspecified","⚠️ RA Table 1 写「GPU Bandwidth | Up to 8TB/s」、芯片博客写「Bandwidth: 8 TB/s per GPU, 2.4x improvement over H100 (3.35 TB/s)」。7.7 是 HGX SKU 实配，8 是芯片上限口径。","{""id"":""src.nvidia-blackwell-ultra-datasheet"",""url"":""https://dam-cdn.nvd.orangelogic.com/AssetLink/1k0p832eq8r5ca0u5383ie5o4tp3bst1.pdf"",""localFile"":null,""locator"":""第 5 页 Technical Specifications，HGX B300 列「GPU Memory | Bandwidth | 270 GB HBM3E | 7.7 TB/s」""}","2026-09-12","2025-10","已按所列官方位置核验并采纳；限定条件随值展示。"
"cmp.hgx.b300-sxm:specs.hbmStackConfig","Eight 12-Hi stacks / 16 × 512-bit 控制器（总位宽 8,192 bit）","Eight 12-Hi stacks / 16 × 512-bit 控制器（总位宽 8,192 bit）","reviewed","retained","[""sys.hgx-b300""]","NVIDIA B300 SXM（Blackwell Ultra，HGX 口径）","null","NVIDIA B300 SXM（Blackwell Ultra，HGX 口径） / hbmStackConfig；适用范围见限定条件与来源位置","not specified / not applicable","not applicable / unspecified","not applicable / unspecified","★ 这是本项目里少见的「HBM 堆栈数有官方出处」的一代——GB300 那边 3D 里的 8 颗堆栈是视觉示意，这里的 8 是官方数字。","{""id"":""src.nvidia-blackwell-ultra-blog"",""url"":""https://developer.nvidia.com/blog/inside-nvidia-blackwell-ultra-the-chip-powering-the-ai-factory-era/"",""localFile"":null,""locator"":""Memory: high capacity and bandwidth for multi-trillion-parameter models 节，「HBM configuration: Eight 12-Hi stacks, 16 × 512-bit controllers (8,192-bit total width)」""}","2026-09-12","2025-08","已按所列官方位置核验并采纳；限定条件随值展示。"
"cmp.hgx.b300-sxm:specs.fp4DenseTflops","14000","14000","reviewed","retained","[""sys.hgx-b300""]","NVIDIA B300 SXM（Blackwell Ultra，HGX 口径）","TFLOPS","NVIDIA B300 SXM（Blackwell Ultra，HGX 口径） / fp4DenseTflops；适用范围见限定条件与来源位置","not specified / not applicable","FP4","dense","同表 GB300 NVL72 列为「20 PFLOPS | 15 PFLOPS」——同一颗芯片、不同平台功率档位。⚠️ 官方 FP4 口径**稀疏闭合、稠密不闭合**：数据手册第 5 页 HGX B300 列，整板「Total FP4 Tensor Core 144 PFLOPS | 108 PFLOPS」、单卡「FP4 Tensor Core 18 PFLOPS | 14 PFLOPS」。稀疏侧 8 × 18 = 144 ✓ 完全闭合；稠密侧 8 × 14 = **112 ≠ 108**，差 4 PFLOPS。按整板稠密反推的单卡值应是 108 ÷ 8 = 13.5 PFLOPS，官方单卡行写的是 14——大概率是各自取整所致，但 NVIDIA 没有解释。本项目的处理与 Groq 3 LPX 的「315 vs 32 × 9.6」完全一致：**两条数字各自独立成立、互不推导**，产能数学取官方直接给出的单卡值 14 PFLOPS（不用整板值反推），报数时按需要引用其中一条并说明出处，不要拿一条去「验算」另一条。⚠️ 另有第三个官方数字：芯片技术博客写单芯片「15 PetaFLOPS dense NVFP4」——那是芯片级满配口径，与数据手册 HGX B300 列的 14（本 SKU 实配）、GB300 NVL72 列的 15 并存，解释同显存三值：「Available SM count and HBM capacity varies by SKU」。","{""id"":""src.nvidia-blackwell-ultra-datasheet"",""url"":""https://dam-cdn.nvd.orangelogic.com/AssetLink/1k0p832eq8r5ca0u5383ie5o4tp3bst1.pdf"",""localFile"":null,""locator"":""第 5 页 Individual Blackwell Ultra GPU Specifications，HGX B300 列「FP4 Tensor Core | 18 PFLOPS | 14 PFLOPS」+ 脚注 1「Specification in Sparse | Dense」""}","2026-09-12","2025-10","已按所列官方位置核验并采纳；限定条件随值展示。"
"cmp.hgx.b300-sxm:specs.fp8DenseTflops","4500","4500","reviewed","retained","[""sys.hgx-b300""]","NVIDIA B300 SXM（Blackwell Ultra，HGX 口径）","TFLOPS","NVIDIA B300 SXM（Blackwell Ultra，HGX 口径） / fp8DenseTflops；适用范围见限定条件与来源位置","not specified / not applicable","FP8","dense","同表 GB300 NVL72 列稀疏 10 PFLOPS ⇒ 稠密 5 PFLOPS。","{""id"":""src.nvidia-blackwell-ultra-datasheet"",""url"":""https://dam-cdn.nvd.orangelogic.com/AssetLink/1k0p832eq8r5ca0u5383ie5o4tp3bst1.pdf"",""localFile"":null,""locator"":""第 5 页 Individual Blackwell Ultra GPU Specifications，HGX B300 列「FP8/FP6 Tensor Core | 9 PFLOPS」+ 脚注 2「Specification in sparse. Dense is ½ sparse spec shown.」（9 ÷ 2 = 4.5 PFLOPS 稠密）""}","2026-09-12","2025-10","已按所列官方位置核验并采纳；限定条件随值展示。"
"cmp.hgx.b300-sxm:specs.nvlinkPerGpuTBs","1.8","1.8","reviewed","retained","[""sys.hgx-b300""]","NVIDIA B300 SXM（Blackwell Ultra，HGX 口径）","TB/s","NVIDIA B300 SXM（Blackwell Ultra，HGX 口径） / nvlinkPerGpuTBs；适用范围见限定条件与来源位置","bidirectional aggregate","not applicable / unspecified","not applicable / unspecified","★ 与 GB300 NVL72 **完全相同**——每卡的 NVLink 能力没变，变的是「这条链路通到多少张卡」。","{""id"":""src.nvidia-blackwell-ultra-datasheet"",""url"":""https://dam-cdn.nvd.orangelogic.com/AssetLink/1k0p832eq8r5ca0u5383ie5o4tp3bst1.pdf"",""localFile"":null,""locator"":""第 5 页「Interconnect | Fifth-Generation NVLink: 1.8 TB/s」（芯片技术博客给出构成：「Per-GPU Bandwidth: 1.8 TB/s bidirectional (18 links x 100 GB/s)」）""}","2026-09-12","2025-10","已按所列官方位置核验并采纳；限定条件随值展示。"
"cmp.hgx.b300-sxm:specs.pcieInterface","PCIe Gen6 ×16（256 GB/s 双向）","PCIe Gen6 ×16（256 GB/s 双向）","reviewed","retained","[""sys.hgx-b300""]","NVIDIA B300 SXM（Blackwell Ultra，HGX 口径）","null","NVIDIA B300 SXM（Blackwell Ultra，HGX 口径） / pcieInterface；适用范围见限定条件与来源位置","bidirectional aggregate","not applicable / unspecified","not applicable / unspecified","★ 与 GB300 的关键差异：HGX 是 x86 主机 + PCIe，**没有 NVLink-C2C**。GB300 NVL72 的 Grace CPU 经 900 GB/s C2C 与 GPU 一致寻址（「37 TB 快内存」由此而来），HGX 这一代主机内存与显存是两个独立地址空间，不要把 NVL72 的「快内存」话术搬过来。","{""id"":""src.nvidia-blackwell-ultra-datasheet"",""url"":""https://dam-cdn.nvd.orangelogic.com/AssetLink/1k0p832eq8r5ca0u5383ie5o4tp3bst1.pdf"",""localFile"":null,""locator"":""第 5 页「Interconnect | ... PCIe Gen6: 256 GB/s」（芯片技术博客：「PCIe Interface: Gen6 × 16 lanes (256 GB/s bidirectional)」）""}","2026-09-12","2025-10","已按所列官方位置核验并采纳；限定条件随值展示。"
"cmp.hgx.b300-sxm:specs.tdpW","1100","1100","reviewed","retained","[""sys.hgx-b300""]","NVIDIA B300 SXM（Blackwell Ultra，HGX 口径）","W","NVIDIA B300 SXM（Blackwell Ultra，HGX 口径） / tdpW；适用范围见限定条件与来源位置","not specified / not applicable","not applicable / unspecified","not applicable / unspecified","★ 官方措辞是「Configurable up to」——是可配置上限，不是典型工况功率。同表 GB300 NVL72 列为「Configurable up to 1,400 W」，风冷与液冷的档位差就在这里。这也是本项目里**第一个有官方单卡 TDP 的加速器**（前四代官方都没给）。","{""id"":""src.nvidia-blackwell-ultra-datasheet"",""url"":""https://dam-cdn.nvd.orangelogic.com/AssetLink/1k0p832eq8r5ca0u5383ie5o4tp3bst1.pdf"",""localFile"":null,""locator"":""第 5 页「Max Thermal Design Power (TDP) | Configurable up to 1,100 W」（HGX B300 列）""}","2026-09-12","2025-10","已按所列官方位置核验并采纳；限定条件随值展示。"
"cmp.hgx.b300-sxm:specs.transistorsB","208","208","reviewed","retained","[""sys.hgx-b300""]","NVIDIA B300 SXM（Blackwell Ultra，HGX 口径）","十亿","NVIDIA B300 SXM（Blackwell Ultra，HGX 口径） / transistorsB；适用范围见限定条件与来源位置","not specified / not applicable","not applicable / unspecified","not applicable / unspecified","","{""id"":""src.nvidia-blackwell-ultra-blog"",""url"":""https://developer.nvidia.com/blog/inside-nvidia-blackwell-ultra-the-chip-powering-the-ai-factory-era/"",""localFile"":null,""locator"":""Dual-reticle design: one GPU 节，「Blackwell Ultra is manufactured using TSMC 4NP and features 208B transistors–2.6x more than the NVIDIA Hopper GPU」""}","2026-09-12","2025-08","已按所列官方位置核验并采纳；限定条件随值展示。"
"cmp.hgx.b300-sxm:specs.processNode","TSMC 4NP（双 reticle 双 die 经 NV-HBI 合封）","TSMC 4NP（双 reticle 双 die 经 NV-HBI 合封）","reviewed","retained","[""sys.hgx-b300""]","NVIDIA B300 SXM（Blackwell Ultra，HGX 口径）","null","NVIDIA B300 SXM（Blackwell Ultra，HGX 口径） / processNode；适用范围见限定条件与来源位置","not specified / not applicable","not applicable / unspecified","not applicable / unspecified","","{""id"":""src.nvidia-blackwell-ultra-blog"",""url"":""https://developer.nvidia.com/blog/inside-nvidia-blackwell-ultra-the-chip-powering-the-ai-factory-era/"",""localFile"":null,""locator"":""Dual-reticle design: one GPU 节，「two reticle-sized dies connected using NVIDIA High-Bandwidth Interface (NV-HBI), a custom, power-efficient die-to-die interconnect technology that provides 10 TB/s of bandwidth ... manufactured using TSMC 4NP」""}","2026-09-12","2025-08","已按所列官方位置核验并采纳；限定条件随值展示。"
"cmp.hgx.b300-sxm:specs.smCount","160","160","reviewed","retained","[""sys.hgx-b300""]","NVIDIA B300 SXM（Blackwell Ultra，HGX 口径）","个 SM","NVIDIA B300 SXM（Blackwell Ultra，HGX 口径） / smCount；适用范围见限定条件与来源位置","not specified / not applicable","not applicable / unspecified","not applicable / unspecified","⚠️ 图 1 脚注：「Blackwell Ultra GPUs contain up to 160 SMs ... Available SM count and HBM capacity varies by SKU.」——160 是完整实现的上限，具体 SKU 可能更少。","{""id"":""src.nvidia-blackwell-ultra-blog"",""url"":""https://developer.nvidia.com/blog/inside-nvidia-blackwell-ultra-the-chip-powering-the-ai-factory-era/"",""localFile"":null,""locator"":""Streaming multiprocessors 节，「160 Streaming Multiprocessors (SMs) organized into eight Graphics Processing Clusters (GPCs) in the full GPU implementation」，提供 640 个第五代 Tensor Core""}","2026-09-12","2025-08","已按所列官方位置核验并采纳；限定条件随值展示。"
"cmp.hgx.b300-sxm:specs.attentionSpeedupVsBlackwell","2","2","non-spec","retained","[""sys.hgx-b300""]","NVIDIA B300 SXM（Blackwell Ultra，HGX 口径）","倍","NVIDIA B300 SXM（Blackwell Ultra，HGX 口径） / attentionSpeedupVsBlackwell；适用范围见限定条件与来源位置","not specified / not applicable","not applicable / unspecified","not applicable / unspecified","★ 对推理售前最实用的一条架构改进：softmax/超越函数走的 SFU 吞吐翻倍，长上下文推理里 softmax 阶段常常是时延瓶颈。HGX 产品页规格表也用一行「Attention Performance | 2x」（对比 Blackwell）表达同一件事。","{""id"":""src.nvidia-blackwell-ultra-blog"",""url"":""https://developer.nvidia.com/blog/inside-nvidia-blackwell-ultra-the-chip-powering-the-ai-factory-era/"",""localFile"":null,""locator"":""Accelerated softmax in the attention layer 节，「In Blackwell Ultra, SFU throughput has been doubled for key instructions used in attention, delivering up to 2x faster attention-layer compute compared to Blackwell GPUs」""}","2026-09-12","2025-08","保留厂商宣称、第三方推测或教学观点及证据标签，不作为官方硬件数学输入。"
"cmp.hgx.b300-sxm:specs.migInstances","7","7","reviewed","retained","[""sys.hgx-b300""]","NVIDIA B300 SXM（Blackwell Ultra，HGX 口径）","个","NVIDIA B300 SXM（Blackwell Ultra，HGX 口径） / migInstances；适用范围见限定条件与来源位置","not specified / not applicable","not applicable / unspecified","not applicable / unspecified","","{""id"":""src.nvidia-blackwell-ultra-datasheet"",""url"":""https://dam-cdn.nvd.orangelogic.com/AssetLink/1k0p832eq8r5ca0u5383ie5o4tp3bst1.pdf"",""localFile"":null,""locator"":""第 5 页「Multi-Instance GPU (MIG) | 7」（GB300 NVL72 与 HGX B300 两列合并为同一格）""}","2026-09-12","2025-10","已按所列官方位置核验并采纳；限定条件随值展示。"
"cmp.hgx.baseboard:specs.gpusPerBaseboard","8","8","reviewed","retained","[""sys.hgx-b300""]","NVIDIA HGX B300 基板（baseboard）","个","NVIDIA HGX B300 基板（baseboard） / gpusPerBaseboard；适用范围见限定条件与来源位置","not specified / not applicable","not applicable / unspecified","not applicable / unspecified","","{""id"":""src.nvidia-hgx-ra"",""url"":""https://docs.nvidia.com/enterprise-reference-architectures/hgx-ai-factory/latest/components.html"",""localFile"":null,""locator"":""Components 节，「HGX B300 is a unified platform consisting of 8 Blackwell GPUs internally connected by NVLink」（Table 2「Eight NVIDIA B300 GPUs on an HGX B300 baseboard with up to 2304 GB of GPU memory」）""}","2026-09-12","2026-08","已按所列官方位置核验并采纳；限定条件随值展示。"
"cmp.hgx.baseboard:specs.superNicsPerBaseboard","8","8","reviewed","retained","[""sys.hgx-b300""]","NVIDIA HGX B300 基板（baseboard）","个","NVIDIA HGX B300 基板（baseboard） / superNicsPerBaseboard；适用范围见限定条件与来源位置","not specified / not applicable","not applicable / unspecified","not applicable / unspecified","★ 关键词是 **per baseboard**：网卡是焊在 GPU 基板上的，不是插在主机 PCIe 槽里的。这与 GB300 NVL72 把 CX-8 装在计算托盘的夹层板上是两种做法。","{""id"":""src.nvidia-hgx-ra"",""url"":""https://docs.nvidia.com/enterprise-reference-architectures/hgx-ai-factory/latest/components.html"",""localFile"":null,""locator"":""Components 节 Table 2「Network Adapters/NICs speed (East/West) | Eight NVIDIA® ConnectX-8 SuperNICs per NVIDIA HGX B300 baseboard. Up to 800 Gbps per adapter.」""}","2026-09-12","2026-08","已按所列官方位置核验并采纳；限定条件随值展示。"
"cmp.hgx.baseboard:specs.nvlinkGeneration","第五代 NVLink + 第五代 NVSwitch（板载）","第五代 NVLink + 第五代 NVSwitch（板载）","reviewed","retained","[""sys.hgx-b300""]","NVIDIA HGX B300 基板（baseboard）","null","NVIDIA HGX B300 基板（baseboard） / nvlinkGeneration；适用范围见限定条件与来源位置","not specified / not applicable","not applicable / unspecified","not applicable / unspecified","","{""id"":""src.nvidia-hgx-ra"",""url"":""https://docs.nvidia.com/enterprise-reference-architectures/hgx-ai-factory/latest/components.html"",""localFile"":null,""locator"":""Components 节 Table 2「NVIDIA® NVLink™ and NVSwitch™ | NVIDIA HGX B300 Baseboards use a combination of fifth-generation NVSwitch and fifth-generation NVLink」""}","2026-09-12","2026-08","已按所列官方位置核验并采纳；限定条件随值展示。"
"cmp.hgx.baseboard:specs.nvlinkAggregateTBs","14.4","14.4","reviewed","retained","[""sys.hgx-b300""]","NVIDIA HGX B300 基板（baseboard）","TB/s","NVIDIA HGX B300 基板（baseboard） / nvlinkAggregateTBs；适用范围见限定条件与来源位置","not specified / not applicable","not applicable / unspecified","not applicable / unspecified","","{""id"":""src.nvidia-hgx-ra"",""url"":""https://docs.nvidia.com/enterprise-reference-architectures/hgx-ai-factory/latest/components.html"",""localFile"":null,""locator"":""Components 节 Table 2「• Total Aggregate Bandwidth 14.4TB/s」""}","2026-09-12","2026-08","已按所列官方位置核验并采纳；限定条件随值展示。"
"cmp.hgx.baseboard:specs.pcieToHost","8 条 PCIe Gen5 ×16 + 1 条 Gen4 ×2（每块 HGX B300 基板）","8 条 PCIe Gen5 ×16 + 1 条 Gen4 ×2（每块 HGX B300 基板）","reviewed","retained","[""sys.hgx-b300""]","NVIDIA HGX B300 基板（baseboard）","null","NVIDIA HGX B300 基板（baseboard） / pcieToHost；适用范围见限定条件与来源位置","not specified / not applicable","not applicable / unspecified","not applicable / unspecified","8 条 ×16 对应 8 张 GPU 的主机侧通路；那条 Gen4 ×2 是管理/带外用途。⚠️ 注意与 GPU 自身「PCIe Gen6 ×16」的芯片能力口径区分——RA 描述的是基板到主机的实际链路。","{""id"":""src.nvidia-hgx-ra"",""url"":""https://docs.nvidia.com/enterprise-reference-architectures/hgx-ai-factory/latest/components.html"",""localFile"":null,""locator"":""Components 节 Table 2「PCI Express | Eight Gen5 x16 links and one Gen4 x2 link per NVIDIA HGX B300 baseboard. One Gen5 x16 link per DPU, SuperNIC or adapter.」""}","2026-09-12","2026-08","已按所列官方位置核验并采纳；限定条件随值展示。"
"cmp.hgx.baseboard:specs.fp4SparsePflops","144","144","reviewed","retained","[""sys.hgx-b300""]","NVIDIA HGX B300 基板（baseboard）","PFLOPS","NVIDIA HGX B300 基板（baseboard） / fp4SparsePflops；适用范围见限定条件与来源位置","not specified / not applicable","FP4","dense","⚠️ RA 正文这句话没有说明稀疏/稠密口径，对照产品页脚注可知 144 是含稀疏值，稠密为 108。对外报数只报 108，或者报 144 时把「含稀疏」一起说。","{""id"":""src.nvidia-hgx-ra"",""url"":""https://docs.nvidia.com/enterprise-reference-architectures/hgx-ai-factory/latest/components.html"",""localFile"":null,""locator"":""Components 节，「The HGX B300 baseboard provides up to 144 petaflops of processing power, making it a leading accelerated platform for AI」（HGX 产品页规格表 FP4 Tensor Core「144 PFLOPS | 108 PFLOPS」，脚注 1 声明前者为稀疏）""}","2026-09-12","2026-08","已按所列官方位置核验并采纳；限定条件随值展示。"
"cmp.hgx.baseboard:specs.generationalMemoryPerGpu","HGX H200 141 GB → B200 180 GB → B300 288 GB HBM3e（每 GPU）；整板 1.1 → 1.44 → 2.30 TB","HGX H200 141 GB → B200 180 GB → B300 288 GB HBM3e（每 GPU）；整板 1.1 → 1.44 → 2.30 TB","reviewed","retained","[""sys.hgx-b300""]","NVIDIA HGX B300 基板（baseboard）","null","NVIDIA HGX B300 基板（baseboard） / generationalMemoryPerGpu；适用范围见限定条件与来源位置","not specified / not applicable","not applicable / unspecified","not applicable / unspecified","★ HGX 家族三代同表并列是 RA 自己给的对照（H200/B200 不单独建系统，沿革在此呈现）。⚠️ Table 1 的 288 GB 是芯片满配口径；数据手册 HGX B300 列的实配是 270 GB，两者并存的官方解释（HBM capacity varies by SKU）见 B300 SXM 组件的显存 note，产能数学取 270。","{""id"":""src.nvidia-hgx-ra"",""url"":""https://docs.nvidia.com/enterprise-reference-architectures/hgx-ai-factory/latest/components.html"",""localFile"":null,""locator"":""Components 节 Table 1「HGX H200, B200 and B300 GPU and per Node & Memory specifications」：「Memory per GPU 141GB HBM3e / 180GB HBM3e / 288GB HBM3e」「Memory per Node 1.1TB / 1.44TB / 2.30TB HBM3e」""}","2026-09-12","2026-08","已按所列官方位置核验并采纳；限定条件随值展示。"
"cmp.hgx.baseboard:specs.generationalBandwidthPerGpu","HGX H200 4.80 TB/s → B200/B300 up to 8 TB/s（每 GPU）；整板聚合 38.4 → up to 64 TB/s","HGX H200 4.80 TB/s → B200/B300 up to 8 TB/s（每 GPU）；整板聚合 38.4 → up to 64 TB/s","reviewed","retained","[""sys.hgx-b300""]","NVIDIA HGX B300 基板（baseboard）","null","NVIDIA HGX B300 基板（baseboard） / generationalBandwidthPerGpu；适用范围见限定条件与来源位置","not specified / not applicable","not applicable / unspecified","not applicable / unspecified","显存带宽的代际跳变发生在 H200→B200（4.8 → 8 TB/s）；B200→B300 带宽持平，升级点在容量（180 → 288 GB）与 FP4 算力——对推理选型意味着：从 B200 换 B300 买的是「更大的模型/上下文装进单域」，不是「同模型跑得更快」。","{""id"":""src.nvidia-hgx-ra"",""url"":""https://docs.nvidia.com/enterprise-reference-architectures/hgx-ai-factory/latest/components.html"",""localFile"":null,""locator"":""Components 节 Table 1「GPU Bandwidth 4.80TB/s / Up to 8TB/s / Up to 8TB/s」「GPU Aggregate Bandwidth per Node 38.4TB/s / Up to 64TB/s / Up to 64 TB/s」""}","2026-09-12","2026-08","已按所列官方位置核验并采纳；限定条件随值展示。"
"cmp.hgx.baseboard:specs.nvswitchChipCount","null","null","not-found","retained","[""sys.hgx-b300""]","NVIDIA HGX B300 基板（baseboard）","颗","NVIDIA HGX B300 基板（baseboard） / nvswitchChipCount；适用范围见限定条件与来源位置","not specified / not applicable","not applicable / unspecified","not applicable / unspecified","★ NVIDIA 未公布 HGX B300 基板上 NVSwitch 芯片的**数量**。RA Table 2 只说「a combination of fifth-generation NVSwitch and fifth-generation NVLink」，数据手册第 3 页用单数「1,800 GBps NVLink between GPUs via NVSwitch™ chip」。⚠️ DGX B300 产品页规格表写「NVIDIA NVLink™ Switch System | 2x」——但那是 DGX 整机的规格，本项目只作参照写进 note，不当作 HGX 基板的官方数量。3D 里画 2 颗是示意。","{""id"":""src.nvidia-hgx-ra"",""url"":""https://docs.nvidia.com/enterprise-reference-architectures/hgx-ai-factory/latest/components.html"",""localFile"":null,""locator"":null}","2026-09-12","2026-08","截至 2026-09-12，所查官方资料仍未提供可采纳的适用值；不能据此断言从未公开。 ★ NVIDIA 未公布 HGX B300 基板上 NVSwitch 芯片的**数量**。RA Table 2 只说「a combination of fifth-generation NVSwitch and fifth-generation NVLink」，数据手册第 3 页用单数「1,800 GBps NVLink between GPUs via NVSwitch™ chip」。⚠️ DGX B300 产品页规格表写「NVIDIA NVLink™ Switch System | 2x」——但那是 DGX 整机的规格，本项目只作参照写进 note，不当作 HGX 基板的官方数量。3D 里画 2 颗是示意。"
"cmp.hgx.baseboard:specs.vendorModel","null","null","deployment-dependent","retained","[""sys.hgx-b300""]","NVIDIA HGX B300 基板（baseboard）","null","NVIDIA HGX B300 基板（baseboard） / vendorModel；适用范围见限定条件与来源位置","not specified / not applicable","not applicable / unspecified","not applicable / unspecified","NVIDIA 未公布 HGX B300 基板的物料型号/板号，也未公布板级尺寸与供电接口规格（这些在 OEM 与 NVIDIA 之间的设计文件里，不在公开 RA 中）。","{""id"":""src.nvidia-hgx-ra"",""url"":""https://docs.nvidia.com/enterprise-reference-architectures/hgx-ai-factory/latest/components.html"",""localFile"":null,""locator"":null}","2026-09-12","2026-08","需要 OEM 型号、机房条件或部署拓扑才能确定；没有适用于所有系统的通用值。 NVIDIA 未公布 HGX B300 基板的物料型号/板号，也未公布板级尺寸与供电接口规格（这些在 OEM 与 NVIDIA 之间的设计文件里，不在公开 RA 中）。"
"cmp.hgx.nvswitch5:specs.generation","第五代 NVSwitch","第五代 NVSwitch","reviewed","retained","[""sys.hgx-b300""]","NVSwitch ASIC（第五代，板载）","null","NVSwitch ASIC（第五代，板载） / generation；适用范围见限定条件与来源位置","not specified / not applicable","not applicable / unspecified","not applicable / unspecified","","{""id"":""src.nvidia-hgx-ra"",""url"":""https://docs.nvidia.com/enterprise-reference-architectures/hgx-ai-factory/latest/components.html"",""localFile"":null,""locator"":""Components 节 Table 2「NVIDIA HGX B300 Baseboards use a combination of fifth-generation NVSwitch and fifth-generation NVLink」""}","2026-09-12","2026-08","已按所列官方位置核验并采纳；限定条件随值展示。"
"cmp.hgx.nvswitch5:specs.domainScope","单台服务器内的 8 张 B300（域不跨服务器）","单台服务器内的 8 张 B300（域不跨服务器）","reviewed","retained","[""sys.hgx-b300""]","NVSwitch ASIC（第五代，板载）","null","NVSwitch ASIC（第五代，板载） / domainScope；适用范围见限定条件与来源位置","not specified / not applicable","not applicable / unspecified","not applicable / unspecified","★★ 这条 Claim 就是本代际的定义特征：**internally connected by NVLink, externally by Ethernet**。「internal/external」的分界线是**服务器机箱**，不是机架。对照 GB300 NVL72：那一代的分界线才是机架。","{""id"":""src.nvidia-hgx-ra"",""url"":""https://docs.nvidia.com/enterprise-reference-architectures/hgx-ai-factory/latest/components.html"",""localFile"":null,""locator"":""Components 节，「HGX B300 is a unified platform consisting of 8 Blackwell GPUs internally connected by NVLink and externally connected by a network interface of 800 Gb/s (2 x 400Gb/s Ethernet) per GPU」""}","2026-09-12","2026-08","已按所列官方位置核验并采纳；限定条件随值展示。"
"cmp.hgx.nvswitch5:specs.aggregateBandwidthPerNodeTBs","14.4","14.4","reviewed","retained","[""sys.hgx-b300""]","NVSwitch ASIC（第五代，板载）","TB/s","NVSwitch ASIC（第五代，板载） / aggregateBandwidthPerNodeTBs；适用范围见限定条件与来源位置","not specified / not applicable","not applicable / unspecified","not applicable / unspecified","对照 GB300 NVL72 同表为 130 TB/s——但那是 72 卡机架口径，不是同一层的数字。","{""id"":""src.nvidia-blackwell-ultra-datasheet"",""url"":""https://dam-cdn.nvd.orangelogic.com/AssetLink/1k0p832eq8r5ca0u5383ie5o4tp3bst1.pdf"",""localFile"":null,""locator"":""第 5 页 Technical Specifications，HGX B300 列「Total NVLink Switch Bandwidth | 14.4 TB/s」""}","2026-09-12","2025-10","已按所列官方位置核验并采纳；限定条件随值展示。"
"cmp.hgx.nvswitch5:specs.perGpuLinkBandwidthGBs","1800","1800","reviewed","retained","[""sys.hgx-b300""]","NVSwitch ASIC（第五代，板载）","GB/s","NVSwitch ASIC（第五代，板载） / perGpuLinkBandwidthGBs；适用范围见限定条件与来源位置","not specified / not applicable","not applicable / unspecified","not applicable / unspecified","","{""id"":""src.nvidia-blackwell-ultra-datasheet"",""url"":""https://dam-cdn.nvd.orangelogic.com/AssetLink/1k0p832eq8r5ca0u5383ie5o4tp3bst1.pdf"",""localFile"":null,""locator"":""第 3 页 NVIDIA HGX B300 Key Features，「1,800 GBps NVLink between GPUs via NVSwitch™ chip」""}","2026-09-12","2025-10","已按所列官方位置核验并采纳；限定条件随值展示。"
"cmp.hgx.nvswitch5:specs.chipsPerBaseboard","null","null","not-found","retained","[""sys.hgx-b300""]","NVSwitch ASIC（第五代，板载）","颗","NVSwitch ASIC（第五代，板载） / chipsPerBaseboard；适用范围见限定条件与来源位置","not specified / not applicable","not applicable / unspecified","not applicable / unspecified","★ NVIDIA 未公布 HGX B300 基板上的 NVSwitch 芯片数量（见 cmp.hgx.baseboard.nvswitchChipCount 的同款说明）。⚠️ 参照值：DGX B300 产品页规格表「NVIDIA NVLink™ Switch System | 2x」——DGX 整机口径，非 HGX 规格。","{""id"":""src.nvidia-hgx-ra"",""url"":""https://docs.nvidia.com/enterprise-reference-architectures/hgx-ai-factory/latest/components.html"",""localFile"":null,""locator"":null}","2026-09-12","2026-08","截至 2026-09-12，所查官方资料仍未提供可采纳的适用值；不能据此断言从未公开。 ★ NVIDIA 未公布 HGX B300 基板上的 NVSwitch 芯片数量（见 cmp.hgx.baseboard.nvswitchChipCount 的同款说明）。⚠️ 参照值：DGX B300 产品页规格表「NVIDIA NVLink™ Switch System | 2x」——DGX 整机口径，非 HGX 规格。"
"cmp.hgx.nvswitch5:specs.portCount","null","null","not-found","retained","[""sys.hgx-b300""]","NVSwitch ASIC（第五代，板载）","端口","NVSwitch ASIC（第五代，板载） / portCount；适用范围见限定条件与来源位置","not specified / not applicable","not applicable / unspecified","not applicable / unspecified","NVIDIA 未公布第五代 NVSwitch 的端口数与单芯片吞吐（GB300 那一代的参考架构同样没给）。","{""id"":""src.nvidia-hgx-ra"",""url"":""https://docs.nvidia.com/enterprise-reference-architectures/hgx-ai-factory/latest/components.html"",""localFile"":null,""locator"":null}","2026-09-12","2026-08","截至 2026-09-12，所查官方资料仍未提供可采纳的适用值；不能据此断言从未公开。 NVIDIA 未公布第五代 NVSwitch 的端口数与单芯片吞吐（GB300 那一代的参考架构同样没给）。"
"cmp.hgx.server:specs.nodeConfiguration","2-8-9-800（2 CPU / 8 GPU / 9 网卡 / 每 GPU 800 Gb/s）","2-8-9-800（2 CPU / 8 GPU / 9 网卡 / 每 GPU 800 Gb/s）","reviewed","retained","[""sys.hgx-b300""]","NVIDIA-Certified HGX B300 服务器（OEM 整机）","null","NVIDIA-Certified HGX B300 服务器（OEM 整机） / nodeConfiguration；适用范围见限定条件与来源位置","not specified / not applicable","not applicable / unspecified","not applicable / unspecified","★ 全场最好记的口诀。9 张网卡 = 8 张板载 ConnectX-8（East/West）+ 1 张 BlueField-3（North/South）。","{""id"":""src.nvidia-hgx-ra"",""url"":""https://docs.nvidia.com/enterprise-reference-architectures/hgx-ai-factory/latest/abstract.html"",""localFile"":null,""locator"":""Abstract，「It is based on a 2-8-9-800 infrastructure configuration (2 CPUs, 8 GPUs, 9 NICs at 800 Gb/s bandwidth per GPU) with NVIDIA HGX™ B300 Servers」""}","2026-09-12","2026-08","已按所列官方位置核验并采纳；限定条件随值展示。"
"cmp.hgx.server:specs.cpuSockets","2","2","reviewed","retained","[""sys.hgx-b300""]","NVIDIA-Certified HGX B300 服务器（OEM 整机）","个","NVIDIA-Certified HGX B300 服务器（OEM 整机） / cpuSockets；适用范围见限定条件与来源位置","not specified / not applicable","not applicable / unspecified","not applicable / unspecified","⚠️ RA components.html Table 2 的「CPU」与「CPU sockets」两行内容被误填成了 NVLink 的值（「Total Aggregate Bandwidth 14.4TB/s」/「GPU-to-GPU Bandwidth 1800GB/s」），显然是排版事故。本项目因此改引 Abstract 与 appendix Table 8。","{""id"":""src.nvidia-hgx-ra"",""url"":""https://docs.nvidia.com/enterprise-reference-architectures/hgx-ai-factory/latest/appendix-node-configurations.html"",""localFile"":null,""locator"":""Abstract，「2-8-9-800 ... (2 CPUs, 8 GPUs, 9 NICs ...)」（appendix Table 8「CPUs | 2」同口径）""}","2026-09-12","2026-08","已按所列官方位置核验并采纳；限定条件随值展示。"
"cmp.hgx.server:specs.cpuCoresPerSocket","48","48","scope-conflict","retained","[""sys.hgx-b300""]","NVIDIA-Certified HGX B300 服务器（OEM 整机）","核","NVIDIA-Certified HGX B300 服务器（OEM 整机） / cpuCoresPerSocket；适用范围见限定条件与来源位置","not specified / not applicable","not applicable / unspecified","not applicable / unspecified","⚠️ 官方文档自相矛盾：appendix Table 8 写「Minimum of 32 physical CPU cores per socket. Recommendation of 56 physical CPU cores per socket.」。本项目取正文 Table 2 的 48 并留痕。两处都推荐 56 核/插槽，报方案按 56 核更稳。","{""id"":""src.nvidia-hgx-ra"",""url"":""https://docs.nvidia.com/enterprise-reference-architectures/hgx-ai-factory/latest/components.html"",""localFile"":null,""locator"":""Components 节 Table 2「CPU cores | Minimum of 48 physical CPU cores per socket. Recommendation of 56 physical CPU cores per socket.」""}","2026-09-12","2026-08","原始资料存在配置、数量或范围差异；保留出处供对照，不作为已确认的统一配置。 ⚠️ 官方文档自相矛盾：appendix Table 8 写「Minimum of 32 physical CPU cores per socket. Recommendation of 56 physical CPU cores per socket.」。本项目取正文 Table 2 的 48 并留痕。两处都推荐 56 核/插槽，报方案按 56 核更稳。"
"cmp.hgx.server:specs.cpuBaseClockGHz","2","2","reviewed","retained","[""sys.hgx-b300""]","NVIDIA-Certified HGX B300 服务器（OEM 整机）","GHz","NVIDIA-Certified HGX B300 服务器（OEM 整机） / cpuBaseClockGHz；适用范围见限定条件与来源位置","not specified / not applicable","not applicable / unspecified","not applicable / unspecified","","{""id"":""src.nvidia-hgx-ra"",""url"":""https://docs.nvidia.com/enterprise-reference-architectures/hgx-ai-factory/latest/components.html"",""localFile"":null,""locator"":""Components 节 Table 2「CPU speed | 2.0 GHz minimum base CPU clock」""}","2026-09-12","2026-08","已按所列官方位置核验并采纳；限定条件随值展示。"
"cmp.hgx.server:specs.systemMemoryTB","2","2","reviewed","retained","[""sys.hgx-b300""]","NVIDIA-Certified HGX B300 服务器（OEM 整机）","TB","NVIDIA-Certified HGX B300 服务器（OEM 整机） / systemMemoryTB；适用范围见限定条件与来源位置","not specified / not applicable","not applicable / unspecified","not applicable / unspecified","下限口径。★ 与 GB300 NVL72 的一个关键差别：那一代的 Grace LPDDR5X 经 NVLink-C2C 对 GPU 一致寻址（官方叫「快内存」），HGX 这一代主机内存与显存是两个地址空间，2 TB 系统内存不能当成「显存的延伸」讲。","{""id"":""src.nvidia-hgx-ra"",""url"":""https://docs.nvidia.com/enterprise-reference-architectures/hgx-ai-factory/latest/components.html"",""localFile"":null,""locator"":""Components 节 Table 2「System memory (total across all CPU sockets) | Minimum of 2TB system memory. Minimum of 500GB/s memory bandwidth. For optimal performance, system memory should be evenly distributed across all CPU sockets and memory channels...」""}","2026-09-12","2026-08","已按所列官方位置核验并采纳；限定条件随值展示。"
"cmp.hgx.server:specs.dpusPerServer","1","1","reviewed","retained","[""sys.hgx-b300""]","NVIDIA-Certified HGX B300 服务器（OEM 整机）","个","NVIDIA-Certified HGX B300 服务器（OEM 整机） / dpusPerServer；适用范围见限定条件与来源位置","not specified / not applicable","not applicable / unspecified","not applicable / unspecified","⚠️ 与 DGX B300 不同：DGX 规格表是「2x dual-port QSFP112 NVIDIA BlueField-3 DPU」（两张）。","{""id"":""src.nvidia-hgx-ra"",""url"":""https://docs.nvidia.com/enterprise-reference-architectures/hgx-ai-factory/latest/components.html"",""localFile"":null,""locator"":""Components 节 Table 2「DPU (North/South) | One NVIDIA® BlueField®-3 DPU per server」（Table 5 更具体：「One NVIDIA BlueField-3 B3240 dual port 400 GbE DPU」）""}","2026-09-12","2026-08","已按所列官方位置核验并采纳；限定条件随值展示。"
"cmp.hgx.server:specs.localStoragePolicy","推理 ≥1 TB NVMe/插槽、训练 ≥2 TB NVMe/插槽、HPC ≥1 TB NVMe/插槽，另加 1 TB NVMe 启动盘","推理 ≥1 TB NVMe/插槽、训练 ≥2 TB NVMe/插槽、HPC ≥1 TB NVMe/插槽，另加 1 TB NVMe 启动盘","reviewed","retained","[""sys.hgx-b300""]","NVIDIA-Certified HGX B300 服务器（OEM 整机）","null","NVIDIA-Certified HGX B300 服务器（OEM 整机） / localStoragePolicy；适用范围见限定条件与来源位置","not specified / not applicable","not applicable / unspecified","not applicable / unspecified","","{""id"":""src.nvidia-hgx-ra"",""url"":""https://docs.nvidia.com/enterprise-reference-architectures/hgx-ai-factory/latest/components.html"",""localFile"":null,""locator"":""Components 节 Table 2「Local storage | • Inference Servers: Minimum 1 TB NVMe drive per CPU socket • Training / DL Servers: Minimum 2 TB NVMe drive per CPU socket • HPC Servers: Minimum 1 TB NVMe drive per CPU socket • 1 TB NVMe boot drive」""}","2026-09-12","2026-08","已按所列官方位置核验并采纳；限定条件随值展示。"
"cmp.hgx.server:specs.remoteManagement","BMC（SMBPBI over SMBus 带外协议，支持 PLDM T5 与 SPDM），另配 TPM 2.0 安全启动","BMC（SMBPBI over SMBus 带外协议，支持 PLDM T5 与 SPDM），另配 TPM 2.0 安全启动","reviewed","retained","[""sys.hgx-b300""]","NVIDIA-Certified HGX B300 服务器（OEM 整机）","null","NVIDIA-Certified HGX B300 服务器（OEM 整机） / remoteManagement；适用范围见限定条件与来源位置","not specified / not applicable","not applicable / unspecified","not applicable / unspecified","","{""id"":""src.nvidia-hgx-ra"",""url"":""https://docs.nvidia.com/enterprise-reference-architectures/hgx-ai-factory/latest/components.html"",""localFile"":null,""locator"":""Components 节 Table 2「Remote systems management | SMBPBI over SMBus (OOB) protocol to BMC. PLDM T5-enabled. SPDM-enabled.」+「Security | TPM 2.0 module (secure boot)」""}","2026-09-12","2026-08","已按所列官方位置核验并采纳；限定条件随值展示。"
"cmp.hgx.server:specs.oobPortsPerServer","6","6","reviewed","retained","[""sys.hgx-b300""]","NVIDIA-Certified HGX B300 服务器（OEM 整机）","个","NVIDIA-Certified HGX B300 服务器（OEM 整机） / oobPortsPerServer；适用范围见限定条件与来源位置","not specified / not applicable","not applicable / unspecified","not applicable / unspecified","6 个 1 Gb 带外口/台（BMC + DPU 管理口 + 其余板载管理接口）。","{""id"":""src.nvidia-hgx-ra"",""url"":""https://docs.nvidia.com/enterprise-reference-architectures/hgx-ai-factory/latest/network-logical-architecture.html"",""localFile"":null,""locator"":""Networking Logical Architecture 节 4-Node SU，「For the Out-of-band Management fabric, 4 servers, each with 6x 1Gb/s connections providing 24x 1Gb/s for management」""}","2026-09-12","2026-08","已按所列官方位置核验并采纳；限定条件随值展示。"
"cmp.hgx.server:specs.chassisHeightU","null","null","deployment-dependent","retained","[""sys.hgx-b300""]","NVIDIA-Certified HGX B300 服务器（OEM 整机）","U","NVIDIA-Certified HGX B300 服务器（OEM 整机） / chassisHeightU；适用范围见限定条件与来源位置","not specified / not applicable","not applicable / unspecified","not applicable / unspecified","★ NVIDIA 未在 HGX 参考架构里规定服务器机箱高度——那是 OEM 的设计空间。⚠️ 数量级参照：NVIDIA 自家 DGX B300 产品页规格表「Rack Units | 10U」。本项目 3D 按 10U/台摆位（4 台占 40U），是**用 DGX 参照做的示意**，不是 HGX 规格。","{""id"":""src.nvidia-hgx-ra"",""url"":""https://docs.nvidia.com/enterprise-reference-architectures/hgx-ai-factory/latest/components.html"",""localFile"":null,""locator"":null}","2026-09-12","2026-08","需要 OEM 型号、机房条件或部署拓扑才能确定；没有适用于所有系统的通用值。 ★ NVIDIA 未在 HGX 参考架构里规定服务器机箱高度——那是 OEM 的设计空间。⚠️ 数量级参照：NVIDIA 自家 DGX B300 产品页规格表「Rack Units | 10U」。本项目 3D 按 10U/台摆位（4 台占 40U），是**用 DGX 参照做的示意**，不是 HGX 规格。"
"cmp.hgx.server:specs.serverPowerKW","null","null","deployment-dependent","retained","[""sys.hgx-b300""]","NVIDIA-Certified HGX B300 服务器（OEM 整机）","kW","NVIDIA-Certified HGX B300 服务器（OEM 整机） / serverPowerKW；适用范围见限定条件与来源位置","not specified / not applicable","not applicable / unspecified","not applicable / unspecified","★ NVIDIA 未公布 HGX B300 整机功率（RA 全篇只在机架层面说「depends on available rack power」）。⚠️ 数量级参照：DGX B300 产品页「Power Consumption | ~14 kW」（10U 整机，含 2 张 BF-3）。真实配电必须按 OEM 整机铭牌算。","{""id"":""src.nvidia-hgx-ra"",""url"":""https://docs.nvidia.com/enterprise-reference-architectures/hgx-ai-factory/latest/components.html"",""localFile"":null,""locator"":null}","2026-09-12","2026-08","需要 OEM 型号、机房条件或部署拓扑才能确定；没有适用于所有系统的通用值。 ★ NVIDIA 未公布 HGX B300 整机功率（RA 全篇只在机架层面说「depends on available rack power」）。⚠️ 数量级参照：DGX B300 产品页「Power Consumption | ~14 kW」（10U 整机，含 2 张 BF-3）。真实配电必须按 OEM 整机铭牌算。"
"cmp.hgx.server:specs.cpuModel","null","null","deployment-dependent","retained","[""sys.hgx-b300""]","NVIDIA-Certified HGX B300 服务器（OEM 整机）","null","NVIDIA-Certified HGX B300 服务器（OEM 整机） / cpuModel；适用范围见限定条件与来源位置","not specified / not applicable","not applicable / unspecified","not applicable / unspecified","NVIDIA 未指定 HGX B300 服务器的主机 CPU 型号，只给了下限（2 插槽、≥48 核/插槽、≥2.0 GHz 基频、≥2 TB 系统内存、≥500 GB/s 内存带宽、balanced PCIe topology）。⚠️ 参照：DGX B300 用的是「Intel® Xeon® 6776P Processors」——DGX 的选型，不是 HGX 的要求。","{""id"":""src.nvidia-hgx-ra"",""url"":""https://docs.nvidia.com/enterprise-reference-architectures/hgx-ai-factory/latest/components.html"",""localFile"":null,""locator"":null}","2026-09-12","2026-08","需要 OEM 型号、机房条件或部署拓扑才能确定；没有适用于所有系统的通用值。 NVIDIA 未指定 HGX B300 服务器的主机 CPU 型号，只给了下限（2 插槽、≥48 核/插槽、≥2.0 GHz 基频、≥2 TB 系统内存、≥500 GB/s 内存带宽、balanced PCIe topology）。⚠️ 参照：DGX B300 用的是「Intel® Xeon® 6776P Processors」——DGX 的选型，不是 HGX 的要求。"
"cmp.hgx.host-cpu:specs.socketsPerServer","2","2","reviewed","retained","[""sys.hgx-b300""]","HGX 服务器主机 CPU（x86，型号由 OEM 选型）","个","HGX 服务器主机 CPU（x86，型号由 OEM 选型） / socketsPerServer；适用范围见限定条件与来源位置","not specified / not applicable","not applicable / unspecified","not applicable / unspecified","","{""id"":""src.nvidia-hgx-ra"",""url"":""https://docs.nvidia.com/enterprise-reference-architectures/hgx-ai-factory/latest/appendix-node-configurations.html"",""localFile"":null,""locator"":""Abstract，「2-8-9-800 ... (2 CPUs, 8 GPUs, 9 NICs at 800 Gb/s bandwidth per GPU)」（appendix Table 8「CPUs | 2」）""}","2026-09-12","2026-08","已按所列官方位置核验并采纳；限定条件随值展示。"
"cmp.hgx.host-cpu:specs.minCoresPerSocket","48","48","scope-conflict","retained","[""sys.hgx-b300""]","HGX 服务器主机 CPU（x86，型号由 OEM 选型）","核","HGX 服务器主机 CPU（x86，型号由 OEM 选型） / minCoresPerSocket；适用范围见限定条件与来源位置","not specified / not applicable","not applicable / unspecified","not applicable / unspecified","⚠️ appendix Table 8 同一项写的是 32 核下限——官方文档自身不一致，本项目取正文 Table 2 的 48。","{""id"":""src.nvidia-hgx-ra"",""url"":""https://docs.nvidia.com/enterprise-reference-architectures/hgx-ai-factory/latest/components.html"",""localFile"":null,""locator"":""Components 节 Table 2「CPU cores | Minimum of 48 physical CPU cores per socket. Recommendation of 56 physical CPU cores per socket.」""}","2026-09-12","2026-08","原始资料存在配置、数量或范围差异；保留出处供对照，不作为已确认的统一配置。 ⚠️ appendix Table 8 同一项写的是 32 核下限——官方文档自身不一致，本项目取正文 Table 2 的 48。"
"cmp.hgx.host-cpu:specs.recommendedCoresPerSocket","56","56","reviewed","retained","[""sys.hgx-b300""]","HGX 服务器主机 CPU（x86，型号由 OEM 选型）","核","HGX 服务器主机 CPU（x86，型号由 OEM 选型） / recommendedCoresPerSocket；适用范围见限定条件与来源位置","not specified / not applicable","not applicable / unspecified","not applicable / unspecified","两处官方表格在「推荐值」上是一致的（56），只在「下限」上打架。报方案按 56 核。","{""id"":""src.nvidia-hgx-ra"",""url"":""https://docs.nvidia.com/enterprise-reference-architectures/hgx-ai-factory/latest/components.html"",""localFile"":null,""locator"":""Components 节 Table 2「Recommendation of 56 physical CPU cores per socket.」（appendix Table 8 同值）""}","2026-09-12","2026-08","已按所列官方位置核验并采纳；限定条件随值展示。"
"cmp.hgx.host-cpu:specs.minBaseClockGHz","2","2","reviewed","retained","[""sys.hgx-b300""]","HGX 服务器主机 CPU（x86，型号由 OEM 选型）","GHz","HGX 服务器主机 CPU（x86，型号由 OEM 选型） / minBaseClockGHz；适用范围见限定条件与来源位置","not specified / not applicable","not applicable / unspecified","not applicable / unspecified","","{""id"":""src.nvidia-hgx-ra"",""url"":""https://docs.nvidia.com/enterprise-reference-architectures/hgx-ai-factory/latest/components.html"",""localFile"":null,""locator"":""Components 节 Table 2「CPU speed | 2.0 GHz minimum base CPU clock」""}","2026-09-12","2026-08","已按所列官方位置核验并采纳；限定条件随值展示。"
"cmp.hgx.host-cpu:specs.minSystemMemoryTB","2","2","reviewed","retained","[""sys.hgx-b300""]","HGX 服务器主机 CPU（x86，型号由 OEM 选型）","TB","HGX 服务器主机 CPU（x86，型号由 OEM 选型） / minSystemMemoryTB；适用范围见限定条件与来源位置","not specified / not applicable","not applicable / unspecified","not applicable / unspecified","","{""id"":""src.nvidia-hgx-ra"",""url"":""https://docs.nvidia.com/enterprise-reference-architectures/hgx-ai-factory/latest/components.html"",""localFile"":null,""locator"":""Components 节 Table 2「System memory (total across all CPU sockets) | Minimum of 2TB system memory.」""}","2026-09-12","2026-08","已按所列官方位置核验并采纳；限定条件随值展示。"
"cmp.hgx.host-cpu:specs.minMemoryBandwidthGBs","500","500","reviewed","retained","[""sys.hgx-b300""]","HGX 服务器主机 CPU（x86，型号由 OEM 选型）","GB/s","HGX 服务器主机 CPU（x86，型号由 OEM 选型） / minMemoryBandwidthGBs；适用范围见限定条件与来源位置","not specified / not applicable","not applicable / unspecified","not applicable / unspecified","","{""id"":""src.nvidia-hgx-ra"",""url"":""https://docs.nvidia.com/enterprise-reference-architectures/hgx-ai-factory/latest/components.html"",""localFile"":null,""locator"":""Components 节 Table 2「System memory ... Minimum of 500GB/s memory bandwidth.」""}","2026-09-12","2026-08","已按所列官方位置核验并采纳；限定条件随值展示。"
"cmp.hgx.host-cpu:specs.pcieTopologyRequirement","PCIe 拓扑需在两个 CPU 插槽与各 root port 之间均衡分布","PCIe 拓扑需在两个 CPU 插槽与各 root port 之间均衡分布","reviewed","retained","[""sys.hgx-b300""]","HGX 服务器主机 CPU（x86，型号由 OEM 选型）","null","HGX 服务器主机 CPU（x86，型号由 OEM 选型） / pcieTopologyRequirement；适用范围见限定条件与来源位置","not specified / not applicable","not applicable / unspecified","not applicable / unspecified","★ 配置单审核必查项：8 张 GPU + 8 张 SuperNIC + 1 张 DPU 若全挂在同一插槽下，GPUDirect RDMA 会被迫跨 UPI/Infinity Fabric 绕行，实测吞吐会显著低于标称。","{""id"":""src.nvidia-hgx-ra"",""url"":""https://docs.nvidia.com/enterprise-reference-architectures/hgx-ai-factory/latest/components.html"",""localFile"":null,""locator"":""Components 节 Table 2「PCIe topology | Balanced PCIe topology with connectivity spread evenly across CPU sockets and PCIe root ports.」""}","2026-09-12","2026-08","已按所列官方位置核验并采纳；限定条件随值展示。"
"cmp.hgx.host-cpu:specs.hostGpuInterconnect","PCIe Gen5 ×16（每 GPU / 每张 SuperNIC / 每张 DPU 各一条）","PCIe Gen5 ×16（每 GPU / 每张 SuperNIC / 每张 DPU 各一条）","reviewed","retained","[""sys.hgx-b300""]","HGX 服务器主机 CPU（x86，型号由 OEM 选型）","null","HGX 服务器主机 CPU（x86，型号由 OEM 选型） / hostGpuInterconnect；适用范围见限定条件与来源位置","not specified / not applicable","not applicable / unspecified","not applicable / unspecified","★ 与 GB300 NVL72 的 NVLink-C2C（900 GB/s，CPU/GPU 一致寻址）是完全不同的东西。本代主机与 GPU 之间只有 PCIe，没有内存一致性。","{""id"":""src.nvidia-hgx-ra"",""url"":""https://docs.nvidia.com/enterprise-reference-architectures/hgx-ai-factory/latest/components.html"",""localFile"":null,""locator"":""Components 节 Table 2「PCI Express | Eight Gen5 x16 links and one Gen4 x2 link per NVIDIA HGX B300 baseboard. One Gen5 x16 link per DPU, SuperNIC or adapter.」""}","2026-09-12","2026-08","已按所列官方位置核验并采纳；限定条件随值展示。"
"cmp.hgx.host-cpu:specs.model","null","null","deployment-dependent","retained","[""sys.hgx-b300""]","HGX 服务器主机 CPU（x86，型号由 OEM 选型）","null","HGX 服务器主机 CPU（x86，型号由 OEM 选型） / model；适用范围见限定条件与来源位置","not specified / not applicable","not applicable / unspecified","not applicable / unspecified","★ NVIDIA 未指定 HGX B300 主机 CPU 的型号与厂商——RA 只给性能下限，选型属于 OEM。⚠️ 不要拿 DGX B300 的「Intel® Xeon® 6776P」当 HGX 的答案：那是 NVIDIA 自家整机的选型。⚠️ 也不要说成 NVIDIA Grace——HGX B300 是 x86 平台（数据手册第 5 页 HGX B300 列的「Blackwell Ultra GPUs | Grace CPUs」一格写的就是「8 | 0」，Grace 数量为零）。","{""id"":""src.nvidia-hgx-ra"",""url"":""https://docs.nvidia.com/enterprise-reference-architectures/hgx-ai-factory/latest/components.html"",""localFile"":null,""locator"":null}","2026-09-12","2026-08","需要 OEM 型号、机房条件或部署拓扑才能确定；没有适用于所有系统的通用值。 ★ NVIDIA 未指定 HGX B300 主机 CPU 的型号与厂商——RA 只给性能下限，选型属于 OEM。⚠️ 不要拿 DGX B300 的「Intel® Xeon® 6776P」当 HGX 的答案：那是 NVIDIA 自家整机的选型。⚠️ 也不要说成 NVIDIA Grace——HGX B300 是 x86 平台（数据手册第 5 页 HGX B300 列的「Blackwell Ultra GPUs | Grace CPUs」一格写的就是「8 | 0」，Grace 数量为零）。"
"cmp.hgx.host-cpu:specs.tdpW","null","null","deployment-dependent","retained","[""sys.hgx-b300""]","HGX 服务器主机 CPU（x86，型号由 OEM 选型）","W","HGX 服务器主机 CPU（x86，型号由 OEM 选型） / tdpW；适用范围见限定条件与来源位置","not specified / not applicable","not applicable / unspecified","not applicable / unspecified","NVIDIA 未公布主机 CPU 的 TDP（型号都由 OEM 定，功耗自然也是）。","{""id"":""src.nvidia-hgx-ra"",""url"":""https://docs.nvidia.com/enterprise-reference-architectures/hgx-ai-factory/latest/components.html"",""localFile"":null,""locator"":null}","2026-09-12","2026-08","需要 OEM 型号、机房条件或部署拓扑才能确定；没有适用于所有系统的通用值。 NVIDIA 未公布主机 CPU 的 TDP（型号都由 OEM 定，功耗自然也是）。"
"cmp.hgx.host-memory:specs.minSystemMemoryTB","2","2","reviewed","retained","[""sys.hgx-b300""]","主机内存（DIMM）","TB","主机内存（DIMM） / minSystemMemoryTB；适用范围见限定条件与来源位置","not specified / not applicable","not applicable / unspecified","not applicable / unspecified","与 cmp.hgx.host-cpu 的同名行同源同句。这是下限要求，不是实配容量。","{""id"":""src.nvidia-hgx-ra"",""url"":""https://docs.nvidia.com/enterprise-reference-architectures/hgx-ai-factory/latest/components.html"",""localFile"":null,""locator"":""Components 节 Table 2「System memory (total across all CPU sockets) | Minimum of 2TB system memory.」""}","2026-09-12","2026-08","已按所列官方位置核验并采纳；限定条件随值展示。"
"cmp.hgx.host-memory:specs.minMemoryBandwidthGBs","500","500","reviewed","retained","[""sys.hgx-b300""]","主机内存（DIMM）","GB/s","主机内存（DIMM） / minMemoryBandwidthGBs；适用范围见限定条件与来源位置","not specified / not applicable","not applicable / unspecified","not applicable / unspecified","与 cmp.hgx.host-cpu 的同名行同源同句。这是下限要求，不是实配带宽。","{""id"":""src.nvidia-hgx-ra"",""url"":""https://docs.nvidia.com/enterprise-reference-architectures/hgx-ai-factory/latest/components.html"",""localFile"":null,""locator"":""Components 节 Table 2「System memory ... Minimum of 500GB/s memory bandwidth.」""}","2026-09-12","2026-08","已按所列官方位置核验并采纳；限定条件随值展示。"
"cmp.hgx.host-memory:specs.dimmsPerServer","null","null","deployment-dependent","retained","[""sys.hgx-b300""]","主机内存（DIMM）","条","主机内存（DIMM） / dimmsPerServer；适用范围见限定条件与来源位置","not specified / not applicable","not applicable / unspecified","not applicable / unspecified","RA 不指定 DIMM 数量、代际与单条容量（均属 OEM 选型空间）；3D 场景中的颗数为视觉示意。","{""id"":""src.nvidia-hgx-ra"",""url"":""https://docs.nvidia.com/enterprise-reference-architectures/hgx-ai-factory/latest/components.html"",""localFile"":null,""locator"":null}","2026-09-12","2026-08","需要 OEM 型号、机房条件或部署拓扑才能确定；没有适用于所有系统的通用值。 RA 不指定 DIMM 数量、代际与单条容量（均属 OEM 选型空间）；3D 场景中的颗数为视觉示意。"
"cmp.hgx.hbm3e:specs.stacksPerGpu","8","8","reviewed","retained","[""sys.hgx-b300""]","HBM3E 堆栈（12-Hi）","个","HBM3E 堆栈（12-Hi） / stacksPerGpu；适用范围见限定条件与来源位置","not specified / not applicable","not applicable / unspecified","not applicable / unspecified","","{""id"":""src.nvidia-blackwell-ultra-blog"",""url"":""https://developer.nvidia.com/blog/inside-nvidia-blackwell-ultra-the-chip-powering-the-ai-factory-era/"",""localFile"":null,""locator"":""Memory 节 High bandwidth memory features，「HBM configuration: Eight 12-Hi stacks, 16 × 512-bit controllers (8,192-bit total width)」""}","2026-09-12","2025-08","已按所列官方位置核验并采纳；限定条件随值展示。"
"cmp.hgx.hbm3e:specs.stackHeight","12-Hi","12-Hi","reviewed","retained","[""sys.hgx-b300""]","HBM3E 堆栈（12-Hi）","null","HBM3E 堆栈（12-Hi） / stackHeight；适用范围见限定条件与来源位置","not specified / not applicable","not applicable / unspecified","not applicable / unspecified","","{""id"":""src.nvidia-blackwell-ultra-blog"",""url"":""https://developer.nvidia.com/blog/inside-nvidia-blackwell-ultra-the-chip-powering-the-ai-factory-era/"",""localFile"":null,""locator"":""Memory 节，「HBM configuration: Eight 12-Hi stacks」""}","2026-09-12","2025-08","已按所列官方位置核验并采纳；限定条件随值展示。"
"cmp.hgx.hbm3e:specs.totalBusWidthBits","8192","8192","reviewed","retained","[""sys.hgx-b300""]","HBM3E 堆栈（12-Hi）","bit","HBM3E 堆栈（12-Hi） / totalBusWidthBits；适用范围见限定条件与来源位置","not specified / not applicable","not applicable / unspecified","not applicable / unspecified","","{""id"":""src.nvidia-blackwell-ultra-blog"",""url"":""https://developer.nvidia.com/blog/inside-nvidia-blackwell-ultra-the-chip-powering-the-ai-factory-era/"",""localFile"":null,""locator"":""Memory 节，「16 × 512-bit controllers (8,192-bit total width)」""}","2026-09-12","2025-08","已按所列官方位置核验并采纳；限定条件随值展示。"
"cmp.hgx.hbm3e:specs.capacityPerGpuGB","270","270","reviewed","retained","[""sys.hgx-b300""]","HBM3E 堆栈（12-Hi）","GB","HBM3E 堆栈（12-Hi） / capacityPerGpuGB；适用范围见限定条件与来源位置","not specified / not applicable","not applicable / unspecified","not applicable / unspecified","★ Blackwell Ultra 的显存有三个并存的官方数字，不是互相矛盾：芯片技术博客写 288 GB HBM3e，数据手册第 5 页 GB300 NVL72 列写 279 GB、HGX B300 列写 270 GB。官方自己给了解释——博客图 1 脚注「Blackwell Ultra GPUs contain up to 160 SMs and 288GB HBM3E Memory. Available SM count and HBM capacity varies by SKU.」。本项目的产能数学取数据手册 HGX B300 列的 270 GB（该列自洽：8 × 270 = 2,160 GB ≈ 整机 2.1 TB，8 × 7.7 = 61.6 ≈ 整机 62 TB/s），对外讲数时务必带上「哪个平台的哪个 SKU」这个前提。","{""id"":""src.nvidia-blackwell-ultra-datasheet"",""url"":""https://dam-cdn.nvd.orangelogic.com/AssetLink/1k0p832eq8r5ca0u5383ie5o4tp3bst1.pdf"",""localFile"":null,""locator"":""第 5 页 Technical Specifications，HGX B300 列「GPU Memory | Bandwidth | 270 GB HBM3E | 7.7 TB/s」""}","2026-09-12","2025-10","已按所列官方位置核验并采纳；限定条件随值展示。"
"cmp.hgx.hbm3e:specs.bandwidthPerGpuTBs","7.7","7.7","reviewed","retained","[""sys.hgx-b300""]","HBM3E 堆栈（12-Hi）","TB/s","HBM3E 堆栈（12-Hi） / bandwidthPerGpuTBs；适用范围见限定条件与来源位置","not specified / not applicable","not applicable / unspecified","not applicable / unspecified","⚠️ 芯片博客与 RA 的口径是 8 TB/s（芯片上限）。","{""id"":""src.nvidia-blackwell-ultra-datasheet"",""url"":""https://dam-cdn.nvd.orangelogic.com/AssetLink/1k0p832eq8r5ca0u5383ie5o4tp3bst1.pdf"",""localFile"":null,""locator"":""第 5 页 Technical Specifications，HGX B300 列「270 GB HBM3E | 7.7 TB/s」""}","2026-09-12","2025-10","已按所列官方位置核验并采纳；限定条件随值展示。"
"cmp.hgx.hbm3e:specs.memoryType","HBM3E","HBM3E","reviewed","retained","[""sys.hgx-b300""]","HBM3E 堆栈（12-Hi）","null","HBM3E 堆栈（12-Hi） / memoryType；适用范围见限定条件与来源位置","not specified / not applicable","not applicable / unspecified","not applicable / unspecified","⚠️ 与 Vera Rubin 的 HBM4 是两代显存。B300 仍是 HBM3E。","{""id"":""src.nvidia-hgx-ra"",""url"":""https://docs.nvidia.com/enterprise-reference-architectures/hgx-ai-factory/latest/components.html"",""localFile"":null,""locator"":""Components 节 Table 1「Memory per GPU | NVIDIA B300 SXM | 288GB HBM3e」""}","2026-09-12","2026-08","已按所列官方位置核验并采纳；限定条件随值展示。"
"cmp.hgx.hbm3e:specs.perStackCapacityGB","null","null","not-found","retained","[""sys.hgx-b300""]","HBM3E 堆栈（12-Hi）","GB","HBM3E 堆栈（12-Hi） / perStackCapacityGB；适用范围见限定条件与来源位置","not specified / not applicable","not applicable / unspecified","not applicable / unspecified","NVIDIA 未公布单个 HBM3E 堆栈的容量与厂商。按 270 / 8 或 288 / 8 反推会得到非标称值，本项目不做这种反推。","{""id"":""src.nvidia-blackwell-ultra-blog"",""url"":""https://developer.nvidia.com/blog/inside-nvidia-blackwell-ultra-the-chip-powering-the-ai-factory-era/"",""localFile"":null,""locator"":null}","2026-09-12","2025-08","截至 2026-09-12，所查官方资料仍未提供可采纳的适用值；不能据此断言从未公开。 NVIDIA 未公布单个 HBM3E 堆栈的容量与厂商。按 270 / 8 或 288 / 8 反推会得到非标称值，本项目不做这种反推。"
"cmp.hgx.connectx-8:specs.bandwidthGbs","800","800","reviewed","retained","[""sys.hgx-b300""]","NVIDIA ConnectX-8 SuperNIC（板载，HGX 口径）","Gb/s","NVIDIA ConnectX-8 SuperNIC（板载，HGX 口径） / bandwidthGbs；适用范围见限定条件与来源位置","not specified / not applicable","not applicable / unspecified","not applicable / unspecified","","{""id"":""src.nvidia-hgx-ra"",""url"":""https://docs.nvidia.com/enterprise-reference-architectures/hgx-ai-factory/latest/networking-hardware.html"",""localFile"":null,""locator"":""Networking Hardware 节 NVIDIA ConnectX-8 HCA (on baseboard)，「With support for Ethernet networking up to 800 Gb/s (2x400 Gb/s), the NVIDIA ConnectX-8 SuperNIC delivers extremely fast, efficient network connectivity」""}","2026-09-12","2026-08","已按所列官方位置核验并采纳；限定条件随值展示。"
"cmp.hgx.connectx-8:specs.gpuToNicRatio","1:1","1:1","reviewed","retained","[""sys.hgx-b300""]","NVIDIA ConnectX-8 SuperNIC（板载，HGX 口径）","null","NVIDIA ConnectX-8 SuperNIC（板载，HGX 口径） / gpuToNicRatio；适用范围见限定条件与来源位置","not specified / not applicable","not applicable / unspecified","not applicable / unspecified","","{""id"":""src.nvidia-hgx-ra"",""url"":""https://docs.nvidia.com/enterprise-reference-architectures/hgx-ai-factory/latest/components.html"",""localFile"":null,""locator"":""Components 节，「The NVIDIA ConnectX-8 SuperNIC is integrated onto the NVIDIA HGX B300 baseboard, maintaining a 1:1 GPU-to-NIC ratio to ensure optimal bandwidth and direct connectivity for each GPU.」""}","2026-09-12","2026-08","已按所列官方位置核验并采纳；限定条件随值展示。"
"cmp.hgx.connectx-8:specs.nicsPerBaseboard","8","8","reviewed","retained","[""sys.hgx-b300""]","NVIDIA ConnectX-8 SuperNIC（板载，HGX 口径）","个","NVIDIA ConnectX-8 SuperNIC（板载，HGX 口径） / nicsPerBaseboard；适用范围见限定条件与来源位置","not specified / not applicable","not applicable / unspecified","not applicable / unspecified","★ 单位是 **per baseboard**（每块 GPU 基板），不是 per tray——这一代没有托盘。","{""id"":""src.nvidia-hgx-ra"",""url"":""https://docs.nvidia.com/enterprise-reference-architectures/hgx-ai-factory/latest/components.html"",""localFile"":null,""locator"":""Components 节 Table 2「Eight NVIDIA® ConnectX-8 SuperNICs per NVIDIA HGX B300 baseboard. Up to 800 Gbps per adapter.」""}","2026-09-12","2026-08","已按所列官方位置核验并采纳；限定条件随值展示。"
"cmp.hgx.connectx-8:specs.mountingPlace","集成在 HGX B300 基板上（非主机 PCIe 插卡）","集成在 HGX B300 基板上（非主机 PCIe 插卡）","reviewed","retained","[""sys.hgx-b300""]","NVIDIA ConnectX-8 SuperNIC（板载，HGX 口径）","null","NVIDIA ConnectX-8 SuperNIC（板载，HGX 口径） / mountingPlace；适用范围见限定条件与来源位置","not specified / not applicable","not applicable / unspecified","not applicable / unspecified","","{""id"":""src.nvidia-hgx-ra"",""url"":""https://docs.nvidia.com/enterprise-reference-architectures/hgx-ai-factory/latest/components.html"",""localFile"":null,""locator"":""Components 节，「This connectivity is provided by 8x ConnectX-8 SuperNICs on the HGX baseboard for the East/West (East/West) networking」+「The NVIDIA ConnectX-8 SuperNIC is integrated onto the NVIDIA HGX B300 baseboard」""}","2026-09-12","2026-08","已按所列官方位置核验并采纳；限定条件随值展示。"
"cmp.hgx.connectx-8:specs.dualPlaneSplit","双平面：800 Gb/s 拆成 2×400 Gb/s，两个接口分别连到两张独立 fabric 的不同 leaf","双平面：800 Gb/s 拆成 2×400 Gb/s，两个接口分别连到两张独立 fabric 的不同 leaf","reviewed","retained","[""sys.hgx-b300""]","NVIDIA ConnectX-8 SuperNIC（板载，HGX 口径）","null","NVIDIA ConnectX-8 SuperNIC（板载，HGX 口径） / dualPlaneSplit；适用范围见限定条件与来源位置","not specified / not applicable","not applicable / unspecified","not applicable / unspecified","「Tracking of each plane, load balancing, and failure handling is handled by the ConnectX-8 SuperNIC on the hardware level.」——平面故障时带宽线性下降，不掉线。⚠️ **同一页的上一节说法不同**：Multi Plane Topology Approach 写「Each compute networking plane forms a separate fabric, where the resiliency and the load balancing between the two planes is handled by the NCCL on the host.」（主机 NCCL）。网卡硬件 vs 主机软件两说并存，本项目不做取舍，两条原文都在这里留痕。","{""id"":""src.nvidia-hgx-ra"",""url"":""https://docs.nvidia.com/enterprise-reference-architectures/hgx-ai-factory/latest/networking-physical-topologies.html"",""localFile"":null,""locator"":""Networking Physical Topologies 节 Dual Plane Topology，「With each GPU generating 800 Gb/s bandwidth through the NVIDIA ConnectX-8 SuperNICs, dual plane topology involves breaking the interface to 2x400 Gb/s interfaces. Every such interface is then connected to a different leaf switch, and every such leaf switch is part of an independent fabric that scales to 1024 interfaces of 400 Gb/s」""}","2026-09-12","2026-08","已按所列官方位置核验并采纳；限定条件随值展示。"
"cmp.hgx.connectx-8:specs.singlePlaneOption","单平面：每 GPU 1×400 Gb/s，总 GPU 带宽减半但网络成本更低，可经 OSFP 光模块平滑迁移到双平面","单平面：每 GPU 1×400 Gb/s，总 GPU 带宽减半但网络成本更低，可经 OSFP 光模块平滑迁移到双平面","reviewed","retained","[""sys.hgx-b300""]","NVIDIA ConnectX-8 SuperNIC（板载，HGX 口径）","null","NVIDIA ConnectX-8 SuperNIC（板载，HGX 口径） / singlePlaneOption；适用范围见限定条件与来源位置","not specified / not applicable","not applicable / unspecified","not applicable / unspecified","","{""id"":""src.nvidia-hgx-ra"",""url"":""https://docs.nvidia.com/enterprise-reference-architectures/hgx-ai-factory/latest/networking-physical-topologies.html"",""localFile"":null,""locator"":""Networking Physical Topologies 节 Single Plane Topology，「each GPU operates at 400 Gb/s of bandwidth through the NVIDIA ConnectX-8 SuperNIC without breaking the interface ... While this approach reduces the total GPU bandwidth by 50%, it is well-suited for workloads that do not warrant maximum throughput ... The use of OSFP transceiver modules enables seamless migration between single plane and dual plane topologies」""}","2026-09-12","2026-08","已按所列官方位置核验并采纳；限定条件随值展示。"
"cmp.hgx.connectx-8:specs.minComputeBandwidthGBs","400","400","reviewed","retained","[""sys.hgx-b300""]","NVIDIA ConnectX-8 SuperNIC（板载，HGX 口径）","GB/s","NVIDIA ConnectX-8 SuperNIC（板载，HGX 口径） / minComputeBandwidthGBs；适用范围见限定条件与来源位置","not specified / not applicable","not applicable / unspecified","not applicable / unspecified","每节点口径下限。","{""id"":""src.nvidia-hgx-ra"",""url"":""https://docs.nvidia.com/enterprise-reference-architectures/hgx-ai-factory/latest/components.html"",""localFile"":null,""locator"":""Components 节 Compute (Node East/West) Ethernet Networking，「Total Minimum Compute Network Bandwidth | 400 GB/s (8x 400 Gb/s Ethernet NICs)」""}","2026-09-12","2026-08","已按所列官方位置核验并采纳；限定条件随值展示。"
"cmp.hgx.connectx-8:specs.recommendedComputeBandwidthGBs","800","800","reviewed","retained","[""sys.hgx-b300""]","NVIDIA ConnectX-8 SuperNIC（板载，HGX 口径）","GB/s","NVIDIA ConnectX-8 SuperNIC（板载，HGX 口径） / recommendedComputeBandwidthGBs；适用范围见限定条件与来源位置","not specified / not applicable","not applicable / unspecified","not applicable / unspecified","每节点推荐口径 = 8 张卡 × 2×400 Gb/s breakout = 16 个 400 Gb/s 接口。","{""id"":""src.nvidia-hgx-ra"",""url"":""https://docs.nvidia.com/enterprise-reference-architectures/hgx-ai-factory/latest/components.html"",""localFile"":null,""locator"":""Components 节，「Total Recommended Compute Network Bandwidth | 800 GB/s (16x 400 Gb/s Ethernet NICs using breakout)」""}","2026-09-12","2026-08","已按所列官方位置核验并采纳；限定条件随值展示。"
"cmp.hgx.connectx-8:specs.offloads","RDMA / RoCE 加速、GPUDirect 与 GPUDirect Storage、VXLAN/NVGRE 硬件卸载、拥塞控制与遥测路由、IPSec/MACSec 硬件加速","RDMA / RoCE 加速、GPUDirect 与 GPUDirect Storage、VXLAN/NVGRE 硬件卸载、拥塞控制与遥测路由、IPSec/MACSec 硬件加速","reviewed","retained","[""sys.hgx-b300""]","NVIDIA ConnectX-8 SuperNIC（板载，HGX 口径）","null","NVIDIA ConnectX-8 SuperNIC（板载，HGX 口径） / offloads；适用范围见限定条件与来源位置","not specified / not applicable","not applicable / unspecified","not applicable / unspecified","","{""id"":""src.nvidia-hgx-ra"",""url"":""https://docs.nvidia.com/enterprise-reference-architectures/hgx-ai-factory/latest/components.html"",""localFile"":null,""locator"":""Components 节 Compute (Node East/West) Ethernet Networking 全节，「featuring RDMA and RoCE acceleration, with NVIDIA® GPUDirect® and GPUDirect Storage technologies ... advanced hardware offloads for overlay networks such as VXLAN and NVGRE ... advanced congestion control, telemetry-based routing, and quality of service (QoS) capabilities ... hardware acceleration for cryptographic protocols like IPSec and MACSec」""}","2026-09-12","2026-08","已按所列官方位置核验并采纳；限定条件随值展示。"
"cmp.hgx.sn5600:specs.ports","128","64","reviewed","corrected","[""sys.hgx-b300""]","NVIDIA Spectrum-4 SN5600 以太网交换机","OSFP 物理接口","NVIDIA Spectrum-4 SN5600 以太网交换机 / ports；适用范围见限定条件与来源位置","not specified / not applicable","not applicable / unspecified","not applicable / unspecified","800G 物理连接器；breakout 后可为 128×400G 逻辑端口。","{""id"":""src.nvidia-sn5000-manual"",""url"":""https://networking-docs.nvidia.com/sn5000hw/introduction"",""localFile"":null,""locator"":""Introduction / SN5600 and SN5610""}","2026-09-12","2026-09","已按所列官方位置核验并采纳；限定条件随值展示。"
"cmp.hgx.sn5600:specs.portSpeedGbs","400","800","reviewed","corrected","[""sys.hgx-b300""]","NVIDIA Spectrum-4 SN5600 以太网交换机","Gb/s","NVIDIA Spectrum-4 SN5600 以太网交换机 / portSpeedGbs；适用范围见限定条件与来源位置","not specified / not applicable","not applicable / unspecified","not applicable / unspecified","","{""id"":""src.nvidia-sn5000-manual"",""url"":""https://networking-docs.nvidia.com/sn5000hw/introduction"",""localFile"":null,""locator"":""Introduction / 64-port 800GbE""}","2026-09-12","2026-09","已按所列官方位置核验并采纳；限定条件随值展示。"
"cmp.hgx.sn5600:specs.siliconGeneration","NVIDIA Spectrum-4（仅 SN5600 被这样标注）","NVIDIA Spectrum-4","reviewed","corrected","[""sys.hgx-b300""]","NVIDIA Spectrum-4 SN5600 以太网交换机","null","NVIDIA Spectrum-4 SN5600 以太网交换机 / siliconGeneration；适用范围见限定条件与来源位置","not specified / not applicable","not applicable / unspecified","not applicable / unspecified","SN5600 与 SN5610 均在手册明确列为 Spectrum-4。","{""id"":""src.nvidia-sn5000-manual"",""url"":""https://networking-docs.nvidia.com/sn5000hw/introduction"",""localFile"":null,""locator"":""Introduction / Spectrum-4 ASIC""}","2026-09-12","2026-09","已按所列官方位置核验并采纳；限定条件随值展示。"
"cmp.hgx.sn5600:specs.roles","计算网（East/West）leaf 与 spine；汇聚网（North/South）leaf","计算网（East/West）leaf 与 spine；汇聚网（North/South）leaf","reviewed","retained","[""sys.hgx-b300""]","NVIDIA Spectrum-4 SN5600 以太网交换机","null","NVIDIA Spectrum-4 SN5600 以太网交换机 / roles；适用范围见限定条件与来源位置","not specified / not applicable","not applicable / unspecified","not applicable / unspecified","","{""id"":""src.nvidia-hgx-ra"",""url"":""https://docs.nvidia.com/enterprise-reference-architectures/hgx-ai-factory/latest/network-logical-architecture.html"",""localFile"":null,""locator"":""Networking Logical Architecture 节 Table 5，「Compute (East/West) Spine-Leaf Fabric | NVIDIA SN5600 ...」+「Converged (North/South) Spine-Leaf Fabric | NVIDIA SN5600 ...」""}","2026-09-12","2026-08","已按所列官方位置核验并采纳；限定条件随值展示。"
"cmp.hgx.sn5600:specs.topology","无阻塞 fat-tree / leaf-spine，GPU 侧 rail-optimized","无阻塞 fat-tree / leaf-spine，GPU 侧 rail-optimized","reviewed","retained","[""sys.hgx-b300""]","NVIDIA Spectrum-4 SN5600 以太网交换机","null","NVIDIA Spectrum-4 SN5600 以太网交换机 / topology；适用范围见限定条件与来源位置","not specified / not applicable","not applicable / unspecified","not applicable / unspecified","","{""id"":""src.nvidia-hgx-ra"",""url"":""https://docs.nvidia.com/enterprise-reference-architectures/hgx-ai-factory/latest/networking-physical-topologies.html"",""localFile"":null,""locator"":""Networking Physical Topologies 节，「The compute fabric (East/West) is built using switches with NVIDIA Spectrum technology in a full non-blocking fat tree topology ... in a leaf-spine manner, where the GPUs are connected using a rail-optimized network topology through their respective NVIDIA ConnectX-8 SuperNICs」""}","2026-09-12","2026-08","已按所列官方位置核验并采纳；限定条件随值展示。"
"cmp.hgx.sn5600:specs.switchCount32Node","12","12","reviewed","retained","[""sys.hgx-b300""]","NVIDIA Spectrum-4 SN5600 以太网交换机","台","NVIDIA Spectrum-4 SN5600 以太网交换机 / switchCount32Node；适用范围见限定条件与来源位置","not specified / not applicable","not applicable / unspecified","not applicable / unspecified","✓ 计算网这一行与 Table 6 的「Leaf 8 + Spine 4 = 12」闭合（双平面合计口径）。64 节点 24 台、128 节点 48 台。⚠️ **但汇聚网那一行官方两说，别当既成事实**：同一张 Table 9 的「NVIDIA Spectrum-4 SN5600 Ethernet switch, converged core fabric」写 12 / 24 / 48（与计算网同值），而 Network Logical Architecture 节 Table 7 的 Nodes=32 行写「Leaf | 2」「Spine | N/A」、同节正文写「Cost-efficient converged two-switch fabric for CPU (North/South) Network」。本项目的 asm.hgx.converged-switch 取 **2**（Table 7 有逐项拆解、与正文自洽），Table 9 的 12 一并留痕、不采用也不否定。","{""id"":""src.nvidia-hgx-ra"",""url"":""https://docs.nvidia.com/enterprise-reference-architectures/hgx-ai-factory/latest/appendix-node-configurations.html"",""localFile"":null,""locator"":""Appendix: Node Configurations 节 Table 9，32 Server Nodes 列「NVIDIA Spectrum-4 SN5600 Ethernet switch, compute core fabric | 12」""}","2026-09-12","2026-08","已按所列官方位置核验并采纳；限定条件随值展示。"
"cmp.hgx.sn5600:specs.leafSpineSplit32Node","32 节点设计点：计算网 8 台 leaf + 4 台 spine（双平面合计），每台 leaf 32 条 400G 上联","32 节点设计点：计算网 8 台 leaf + 4 台 spine（双平面合计），每台 leaf 32 条 400G 上联","reviewed","retained","[""sys.hgx-b300""]","NVIDIA Spectrum-4 SN5600 以太网交换机","null","NVIDIA Spectrum-4 SN5600 以太网交换机 / leafSpineSplit32Node；适用范围见限定条件与来源位置","not specified / not applicable","not applicable / unspecified","not applicable / unspecified","","{""id"":""src.nvidia-hgx-ra"",""url"":""https://docs.nvidia.com/enterprise-reference-architectures/hgx-ai-factory/latest/network-logical-architecture.html"",""localFile"":null,""locator"":""Networking Logical Architecture 节 Table 6，Nodes=32 行「Leaf | 8」「Spine | 4」「Uplinks per leaf to spine @ 400G | 32」+ 表下注「Figures shown are aggregate amounts for both planes.」""}","2026-09-12","2026-08","已按所列官方位置核验并采纳；限定条件随值展示。"
"cmp.hgx.rack:specs.rackType","标准风冷机架（无 NVIDIA 专属机架规格）","标准风冷机架（无 NVIDIA 专属机架规格）","reviewed","retained","[""sys.hgx-b300""]","标准风冷机架（19 英寸，OEM/客户提供）","null","标准风冷机架（19 英寸，OEM/客户提供） / rackType；适用范围见限定条件与来源位置","not specified / not applicable","not applicable / unspecified","not applicable / unspecified","★ 与 GB300 NVL72（Oberon 液冷机架）/ LPX（MGX ETL 机架）最大的形态差别：这一代 NVIDIA 不卖机架，也不规定机架。⚠️ 参照：DGX B300 产品页称其「Compatible with NVIDIA MGX™ and traditional enterprise racks」「deployable in NVIDIA MGX racks for the first time」——DGX 可以进 MGX，但那是 DGX 的事。","{""id"":""src.nvidia-hgx-ra"",""url"":""https://docs.nvidia.com/enterprise-reference-architectures/hgx-ai-factory/latest/abstract.html"",""localFile"":null,""locator"":""Abstract，「industry-leading performance in an air-cooled form factor」；Overview，「Flexible rail-optimized end-of-row network architecture that can accommodate modifications in the rack layout and number of servers per rack.」""}","2026-09-12","2026-08","已按所列官方位置核验并采纳；限定条件随值展示。"
"cmp.hgx.rack:specs.serversPerRack","null","null","deployment-dependent","retained","[""sys.hgx-b300""]","标准风冷机架（19 英寸，OEM/客户提供）","台","标准风冷机架（19 英寸，OEM/客户提供） / serversPerRack；适用范围见限定条件与来源位置","not specified / not applicable","not applicable / unspecified","not applicable / unspecified","★ NVIDIA 在 32 / 64 / 128 三个设计点的「Additional Considerations」里写了同一条约束（措辞略有出入：32 节点「The number of GPU servers per rack depends on available rack power」、64 节点「HGX B300 servers per rack depends on available rack power」、128 节点「NVIDIA HGX B300 servers per rack depends on available rack power」；另一句是「Rack layout must provide power supply redundancy」）。Overview 也说这是「Flexible rail-optimized end-of-row network architecture that can accommodate modifications in the rack layout and number of servers per rack」。也就是说**官方刻意不给每机架台数**——这与 NVL72 那种「一个机架就是一台机器」的形态是根本区别：HGX 的机架只是家具，装几台由你的机房配电决定。","{""id"":""src.nvidia-hgx-ra"",""url"":""https://docs.nvidia.com/enterprise-reference-architectures/hgx-ai-factory/latest/components.html"",""localFile"":null,""locator"":null}","2026-09-12","2026-08","需要 OEM 型号、机房条件或部署拓扑才能确定；没有适用于所有系统的通用值。 ★ NVIDIA 在 32 / 64 / 128 三个设计点的「Additional Considerations」里写了同一条约束（措辞略有出入：32 节点「The number of GPU servers per rack depends on available rack power」、64 节点「HGX B300 servers per rack depends on available rack power」、128 节点「NVIDIA HGX B300 servers per rack depends on available rack power」；另一句是「Rack layout must provide power supply redundancy」）。Overview 也说这是「Flexible rail-optimized end-of-row network architecture that can accommodate modifications in the rack layout and number of servers per rack」。也就是说**官方刻意不给每机架台数**——这与 NVL72 那种「一个机架就是一台机器」的形态是根本区别：HGX 的机架只是家具，装几台由你的机房配电决定。"
"cmp.hgx.rack:specs.rackPowerKW","null","null","deployment-dependent","retained","[""sys.hgx-b300""]","标准风冷机架（19 英寸，OEM/客户提供）","kW","标准风冷机架（19 英寸，OEM/客户提供） / rackPowerKW；适用范围见限定条件与来源位置","not specified / not applicable","not applicable / unspecified","not applicable / unspecified","★ NVIDIA 未公布 HGX 部署的机架功率——它是输入不是输出：官方把「每机架几台」写成「可用机架功率」的函数，等于把这个数字交还给客户机房。⚠️ 量级参照：DGX B300「~14 kW」/台（10U 整机）。","{""id"":""src.nvidia-hgx-ra"",""url"":""https://docs.nvidia.com/enterprise-reference-architectures/hgx-ai-factory/latest/components.html"",""localFile"":null,""locator"":null}","2026-09-12","2026-08","需要 OEM 型号、机房条件或部署拓扑才能确定；没有适用于所有系统的通用值。 ★ NVIDIA 未公布 HGX 部署的机架功率——它是输入不是输出：官方把「每机架几台」写成「可用机架功率」的函数，等于把这个数字交还给客户机房。⚠️ 量级参照：DGX B300「~14 kW」/台（10U 整机）。"
"cmp.hgx.rack:specs.powerRedundancy","机架布局必须提供供电冗余（32 节点设计点另加一句：否则需改用其它机架布局）","机架布局必须提供供电冗余（32 节点设计点另加一句：否则需改用其它机架布局）","reviewed","retained","[""sys.hgx-b300""]","标准风冷机架（19 英寸，OEM/客户提供）","null","标准风冷机架（19 英寸，OEM/客户提供） / powerRedundancy；适用范围见限定条件与来源位置","not specified / not applicable","not applicable / unspecified","not applicable / unspecified","⚠️ locator 精确到 32 节点那一处：64 / 128 两个设计点只写了前半句「Rack layout must provide power supply redundancy」，**没有**「; otherwise, consider an alternative rack layout」。三处都引这半句会引错。","{""id"":""src.nvidia-hgx-ra"",""url"":""https://docs.nvidia.com/enterprise-reference-architectures/hgx-ai-factory/latest/network-logical-architecture.html"",""localFile"":null,""locator"":""Networking Logical Architecture 节 **32 节点**设计点 Additional Considerations，「Rack layout must provide power supply redundancy; otherwise, consider an alternative rack layout」""}","2026-09-12","2026-08","已按所列官方位置核验并采纳；限定条件随值展示。"
"cmp.hgx.rack:specs.heightU","null","null","deployment-dependent","retained","[""sys.hgx-b300""]","标准风冷机架（19 英寸，OEM/客户提供）","U","标准风冷机架（19 英寸，OEM/客户提供） / heightU；适用范围见限定条件与来源位置","not specified / not applicable","not applicable / unspecified","not applicable / unspecified","NVIDIA 未规定机架 U 高与逐 U 布局（这一代机架不是 NVIDIA 的产品）。本项目 3D 沿用与前四代相同的 48U 示意占位。","{""id"":""src.nvidia-hgx-ra"",""url"":""https://docs.nvidia.com/enterprise-reference-architectures/hgx-ai-factory/latest/components.html"",""localFile"":null,""locator"":null}","2026-09-12","2026-08","需要 OEM 型号、机房条件或部署拓扑才能确定；没有适用于所有系统的通用值。 NVIDIA 未规定机架 U 高与逐 U 布局（这一代机架不是 NVIDIA 的产品）。本项目 3D 沿用与前四代相同的 48U 示意占位。"
"cmp.hgx.rack:specs.liquidCooling","false","false","reviewed","retained","[""sys.hgx-b300""]","标准风冷机架（19 英寸，OEM/客户提供）","null","标准风冷机架（19 英寸，OEM/客户提供） / liquidCooling；适用范围见限定条件与来源位置","not specified / not applicable","not applicable / unspecified","not applicable / unspecified","整份参考架构里没有 CDU、分液歧管、冷板或进液温度要求——这一代是纯风冷。","{""id"":""src.nvidia-hgx-ra"",""url"":""https://docs.nvidia.com/enterprise-reference-architectures/hgx-ai-factory/latest/abstract.html"",""localFile"":null,""locator"":""Abstract，「designed to support enterprise AI inference workloads with industry-leading performance in an air-cooled form factor」""}","2026-09-12","2026-08","已按所列官方位置核验并采纳；限定条件随值展示。"
"cmp.hgx.rack-pdu:specs.redundancyRequirement","机架布局必须提供供电冗余（官方唯一的硬性配电要求）","机架布局必须提供供电冗余（官方唯一的硬性配电要求）","reviewed","retained","[""sys.hgx-b300""]","机架 PDU（配电插排，A/B 双路）","null","机架 PDU（配电插排，A/B 双路） / redundancyRequirement；适用范围见限定条件与来源位置","not specified / not applicable","not applicable / unspecified","not applicable / unspecified","⚠️ 完整句只出现在 32 节点那一处；64 / 128 两个设计点写的是不带后半句的「Rack layout must provide power supply redundancy」。","{""id"":""src.nvidia-hgx-ra"",""url"":""https://docs.nvidia.com/enterprise-reference-architectures/hgx-ai-factory/latest/network-logical-architecture.html"",""localFile"":null,""locator"":""Networking Logical Architecture 节 **32 节点**设计点 Additional Considerations，「Rack layout must provide power supply redundancy; otherwise, consider an alternative rack layout」""}","2026-09-12","2026-08","已按所列官方位置核验并采纳；限定条件随值展示。"
"cmp.hgx.rack-pdu:specs.distributionForm","交流配电到服务器自带电源（无直流母排、无机架级电源架）","示意采用交流 PDU → OEM 服务器电源；实际配电形态由 OEM / 场地确定","non-spec","corrected","[""sys.hgx-b300""]","机架 PDU（配电插排，A/B 双路）","null","机架 PDU（配电插排，A/B 双路） / distributionForm；适用范围见限定条件与来源位置","not specified / not applicable","not applicable / unspecified","not applicable / unspecified","RA 的未提及不能证明不存在 DC 母排或机架电源架；本项只解释此图的示意方式。","{""id"":""src.nvidia-hgx-ra"",""url"":""https://docs.nvidia.com/enterprise-reference-architectures/hgx-ai-factory/latest/components.html"",""localFile"":null,""locator"":""Components / Networking 全篇——RA 中没有任何 busbar、power shelf 或 PSU shelf 的描述，配电只在「rack power / power supply redundancy」层面出现""}","2026-09-12","2026-08","保留厂商宣称、第三方推测或教学观点及证据标签，不作为官方硬件数学输入。"
"cmp.hgx.rack-pdu:specs.pduCount","null","null","deployment-dependent","retained","[""sys.hgx-b300""]","机架 PDU（配电插排，A/B 双路）","路","机架 PDU（配电插排，A/B 双路） / pduCount；适用范围见限定条件与来源位置","not specified / not applicable","not applicable / unspecified","not applicable / unspecified","NVIDIA 未公布机架 PDU 的路数与型号。本项目 3D 按 A/B 双路示意，仅为表达「冗余」这一条官方要求。","{""id"":""src.nvidia-hgx-ra"",""url"":""https://docs.nvidia.com/enterprise-reference-architectures/hgx-ai-factory/latest/components.html"",""localFile"":null,""locator"":null}","2026-09-12","2026-08","需要 OEM 型号、机房条件或部署拓扑才能确定；没有适用于所有系统的通用值。 NVIDIA 未公布机架 PDU 的路数与型号。本项目 3D 按 A/B 双路示意，仅为表达「冗余」这一条官方要求。"
"cmp.hgx.rack-pdu:specs.pduCapacityKW","null","null","deployment-dependent","retained","[""sys.hgx-b300""]","机架 PDU（配电插排，A/B 双路）","kW","机架 PDU（配电插排，A/B 双路） / pduCapacityKW；适用范围见限定条件与来源位置","not specified / not applicable","not applicable / unspecified","not applicable / unspecified","NVIDIA 未公布 PDU 容量（整机架功率本身就没给）。","{""id"":""src.nvidia-hgx-ra"",""url"":""https://docs.nvidia.com/enterprise-reference-architectures/hgx-ai-factory/latest/components.html"",""localFile"":null,""locator"":null}","2026-09-12","2026-08","需要 OEM 型号、机房条件或部署拓扑才能确定；没有适用于所有系统的通用值。 NVIDIA 未公布 PDU 容量（整机架功率本身就没给）。"
"cmp.hgx.rack-pdu:specs.inputVoltage","null","null","deployment-dependent","retained","[""sys.hgx-b300""]","机架 PDU（配电插排，A/B 双路）","null","机架 PDU（配电插排，A/B 双路） / inputVoltage；适用范围见限定条件与来源位置","not specified / not applicable","not applicable / unspecified","not applicable / unspecified","NVIDIA 未规定输入电压/相数——由客户机房与 OEM 整机的电源规格决定。","{""id"":""src.nvidia-hgx-ra"",""url"":""https://docs.nvidia.com/enterprise-reference-architectures/hgx-ai-factory/latest/components.html"",""localFile"":null,""locator"":null}","2026-09-12","2026-08","需要 OEM 型号、机房条件或部署拓扑才能确定；没有适用于所有系统的通用值。 NVIDIA 未规定输入电压/相数——由客户机房与 OEM 整机的电源规格决定。"
"cmp.hgx.air-handler:specs.coolingMode","风冷（air-cooled form factor）","风冷（air-cooled form factor）","reviewed","retained","[""sys.hgx-b300""]","机房空调 / 送风单元（CRAH，示意）","null","机房空调 / 送风单元（CRAH，示意） / coolingMode；适用范围见限定条件与来源位置","not specified / not applicable","not applicable / unspecified","not applicable / unspecified","★ 这是整份 RA 里关于散热的**唯一一句话**。没有进风温度、没有风量、没有机房气流设计。","{""id"":""src.nvidia-hgx-ra"",""url"":""https://docs.nvidia.com/enterprise-reference-architectures/hgx-ai-factory/latest/abstract.html"",""localFile"":null,""locator"":""Abstract，「The NVIDIA HGX AI Factory is designed to support enterprise AI inference workloads with industry-leading performance in an air-cooled form factor, AI training and fine-tuning, and high-performance computing (HPC) applications.」""}","2026-09-12","2026-08","已按所列官方位置核验并采纳；限定条件随值展示。"
"cmp.hgx.air-handler:specs.unitCount","null","null","deployment-dependent","retained","[""sys.hgx-b300""]","机房空调 / 送风单元（CRAH，示意）","台","机房空调 / 送风单元（CRAH，示意） / unitCount；适用范围见限定条件与来源位置","not specified / not applicable","not applicable / unspecified","not applicable / unspecified","NVIDIA 未给出机房空调的数量与选型（HGX 参考架构不涉及机房侧机电设计）。3D 里的数量为示意。","{""id"":""src.nvidia-hgx-ra"",""url"":""https://docs.nvidia.com/enterprise-reference-architectures/hgx-ai-factory/latest/components.html"",""localFile"":null,""locator"":null}","2026-09-12","2026-08","需要 OEM 型号、机房条件或部署拓扑才能确定；没有适用于所有系统的通用值。 NVIDIA 未给出机房空调的数量与选型（HGX 参考架构不涉及机房侧机电设计）。3D 里的数量为示意。"
"cmp.hgx.air-handler:specs.coolingCapacityKW","null","null","deployment-dependent","retained","[""sys.hgx-b300""]","机房空调 / 送风单元（CRAH，示意）","kW","机房空调 / 送风单元（CRAH，示意） / coolingCapacityKW；适用范围见限定条件与来源位置","not specified / not applicable","not applicable / unspecified","not applicable / unspecified","NVIDIA 未给出散热量要求。原因也很直接——整机架功率本身就没公布，散热量自然无从谈起。","{""id"":""src.nvidia-hgx-ra"",""url"":""https://docs.nvidia.com/enterprise-reference-architectures/hgx-ai-factory/latest/components.html"",""localFile"":null,""locator"":null}","2026-09-12","2026-08","需要 OEM 型号、机房条件或部署拓扑才能确定；没有适用于所有系统的通用值。 NVIDIA 未给出散热量要求。原因也很直接——整机架功率本身就没公布，散热量自然无从谈起。"
"cmp.hgx.air-handler:specs.supplyAirTempC","null","null","deployment-dependent","retained","[""sys.hgx-b300""]","机房空调 / 送风单元（CRAH，示意）","°C","机房空调 / 送风单元（CRAH，示意） / supplyAirTempC；适用范围见限定条件与来源位置","not specified / not applicable","not applicable / unspecified","not applicable / unspecified","NVIDIA 未规定送风温度与温升范围（对照：Vera Rubin 那一代官方明确了 45°C 进液温度）。","{""id"":""src.nvidia-hgx-ra"",""url"":""https://docs.nvidia.com/enterprise-reference-architectures/hgx-ai-factory/latest/components.html"",""localFile"":null,""locator"":null}","2026-09-12","2026-08","需要 OEM 型号、机房条件或部署拓扑才能确定；没有适用于所有系统的通用值。 NVIDIA 未规定送风温度与温升范围（对照：Vera Rubin 那一代官方明确了 45°C 进液温度）。"
"cmp.hgx.air-handler:specs.airflowDesign","null","null","deployment-dependent","retained","[""sys.hgx-b300""]","机房空调 / 送风单元（CRAH，示意）","null","机房空调 / 送风单元（CRAH，示意） / airflowDesign；适用范围见限定条件与来源位置","not specified / not applicable","not applicable / unspecified","not applicable / unspecified","NVIDIA 未给出冷/热通道封闭、地板下送风还是行级空调等气流组织建议——这属于机房机电设计范畴。","{""id"":""src.nvidia-hgx-ra"",""url"":""https://docs.nvidia.com/enterprise-reference-architectures/hgx-ai-factory/latest/components.html"",""localFile"":null,""locator"":null}","2026-09-12","2026-08","需要 OEM 型号、机房条件或部署拓扑才能确定；没有适用于所有系统的通用值。 NVIDIA 未给出冷/热通道封闭、地板下送风还是行级空调等气流组织建议——这属于机房机电设计范畴。"
"cmp.hgx.control-plane-node:specs.maxNodes","8","8","reviewed","retained","[""sys.hgx-b300""]","控制面 / 管理节点","个","控制面 / 管理节点 / maxNodes；适用范围见限定条件与来源位置","not specified / not applicable","not applicable / unspecified","not applicable / unspecified","","{""id"":""src.nvidia-hgx-ra"",""url"":""https://docs.nvidia.com/enterprise-reference-architectures/hgx-ai-factory/latest/components.html"",""localFile"":null,""locator"":""Components 节 Control Plane/Management Nodes，「The cluster design specified in this Enterprise RA can support up to eight control plane nodes.」""}","2026-09-12","2026-08","已按所列官方位置核验并采纳；限定条件随值展示。"
"cmp.hgx.control-plane-node:specs.exampleNodeCount","7","7","reviewed","retained","[""sys.hgx-b300""]","控制面 / 管理节点","个","控制面 / 管理节点 / exampleNodeCount；适用范围见限定条件与来源位置","not specified / not applicable","not applicable / unspecified","not applicable / unspecified","","{""id"":""src.nvidia-hgx-ra"",""url"":""https://docs.nvidia.com/enterprise-reference-architectures/hgx-ai-factory/latest/components.html"",""localFile"":null,""locator"":""Components 节 Control Plane/Management Nodes，「a configuration using NVIDIA Base Command Manager, Slurm, and Kubernetes together can include seven control plane nodes in total: two for Base Command Manager (with high availability configured), two for Slurm head nodes, and three for Kubernetes control plane nodes. This uses seven of the eight available control plane nodes possible.」""}","2026-09-12","2026-08","已按所列官方位置核验并采纳；限定条件随值展示。"
"cmp.hgx.control-plane-node:specs.cpu","2 × 32 核 Intel Xeon Gold 6448Y 或同级 / 32 核 AMD EPYC 9354","2 × 32 核 Intel Xeon Gold 6448Y 或同级 / 32 核 AMD EPYC 9354","reviewed","retained","[""sys.hgx-b300""]","控制面 / 管理节点","null","控制面 / 管理节点 / cpu；适用范围见限定条件与来源位置","not specified / not applicable","not applicable / unspecified","not applicable / unspecified","","{""id"":""src.nvidia-hgx-ra"",""url"":""https://docs.nvidia.com/enterprise-reference-architectures/hgx-ai-factory/latest/components.html"",""localFile"":null,""locator"":""Components 节 Table 3: Control plane node components，「CPU | 2 | 32C Intel Xeon Gold 6448Y or equivalent / 32C AMD EPYC 9354」""}","2026-09-12","2026-08","已按所列官方位置核验并采纳；限定条件随值展示。"
"cmp.hgx.control-plane-node:specs.dpu","1 × BlueField-3 B3220（双 200G 口 + 1 Gb RJ45 管理口）","1 × BlueField-3 B3220（双 200G 口 + 1 Gb RJ45 管理口）","reviewed","retained","[""sys.hgx-b300""]","控制面 / 管理节点","null","控制面 / 管理节点 / dpu；适用范围见限定条件与来源位置","not specified / not applicable","not applicable / unspecified","not applicable / unspecified","⚠️ 注意与计算节点不同：计算节点用 B3240（双 400G），管理节点用 B3220（双 200G）。","{""id"":""src.nvidia-hgx-ra"",""url"":""https://docs.nvidia.com/enterprise-reference-architectures/hgx-ai-factory/latest/components.html"",""localFile"":null,""locator"":""Components 节 Table 3，「North/South (DPU) | 1 | NVIDIA BlueField-3 B3220 DPU with two 200G ports and 1Gb RJ45 management port. Other variants can be supported as per Compute Node alternatives - Table 4」""}","2026-09-12","2026-08","已按所列官方位置核验并采纳；限定条件随值展示。"
"cmp.hgx.control-plane-node:specs.systemMemoryGB","256","256","reviewed","retained","[""sys.hgx-b300""]","控制面 / 管理节点","GB","控制面 / 管理节点 / systemMemoryGB；适用范围见限定条件与来源位置","not specified / not applicable","not applicable / unspecified","not applicable / unspecified","下限口径。","{""id"":""src.nvidia-hgx-ra"",""url"":""https://docs.nvidia.com/enterprise-reference-architectures/hgx-ai-factory/latest/components.html"",""localFile"":null,""locator"":""Components 节 Table 3，「System Memory | – | Minimum of 256 GB DDR5」""}","2026-09-12","2026-08","已按所列官方位置核验并采纳；限定条件随值展示。"
"cmp.hgx.control-plane-node:specs.bootDriveTB","1","1","reviewed","retained","[""sys.hgx-b300""]","控制面 / 管理节点","TB","控制面 / 管理节点 / bootDriveTB；适用范围见限定条件与来源位置","not specified / not applicable","not applicable / unspecified","not applicable / unspecified","","{""id"":""src.nvidia-hgx-ra"",""url"":""https://docs.nvidia.com/enterprise-reference-architectures/hgx-ai-factory/latest/components.html"",""localFile"":null,""locator"":""Components 节 Table 3，「Boot Drive | 1 | 1 TB NVMe SSD」""}","2026-09-12","2026-08","已按所列官方位置核验并采纳；限定条件随值展示。"
"cmp.hgx.control-plane-node:specs.localStorageTB","4","4","reviewed","retained","[""sys.hgx-b300""]","控制面 / 管理节点","TB","控制面 / 管理节点 / localStorageTB；适用范围见限定条件与来源位置","not specified / not applicable","not applicable / unspecified","not applicable / unspecified","","{""id"":""src.nvidia-hgx-ra"",""url"":""https://docs.nvidia.com/enterprise-reference-architectures/hgx-ai-factory/latest/components.html"",""localFile"":null,""locator"":""Components 节 Table 3，「Local storage | 1 | 4 TB NVMe SSD. More may be required if image storage is required」""}","2026-09-12","2026-08","已按所列官方位置核验并采纳；限定条件随值展示。"
"cmp.hgx.control-plane-node:specs.networkPortSpeedGbE","200","200","reviewed","retained","[""sys.hgx-b300""]","控制面 / 管理节点","GbE","控制面 / 管理节点 / networkPortSpeedGbE；适用范围见限定条件与来源位置","not specified / not applicable","not applicable / unspecified","not applicable / unspecified","对照：计算节点是双 400 GbE。⚠️ **官方两说**：Networking Physical Topologies 节 CPU Converged (Node North/South) Network 写的是「Each compute and management node is connected with two 400 GbE ports to two separate switches to provide redundancy and high storage throughput that can reach up to 40 GB/s per node.」——那里把管理节点也算成 400 GbE。本项目取 200 GbE，理由是它有第二条证据链：Components 节 Table 3「Control plane node components」的 North/South (DPU) 一行写「NVIDIA BlueField-3 B3220 DPU with two 200G ports and 1Gb RJ45 management port」，而计算节点侧 Table 5 写的是「One NVIDIA BlueField-3 B3240 dual port 400 GbE DPU」——控制面与计算节点用的确实是两种卡。两说并存，报数时说明取的是哪一条。","{""id"":""src.nvidia-hgx-ra"",""url"":""https://docs.nvidia.com/enterprise-reference-architectures/hgx-ai-factory/latest/network-logical-architecture.html"",""localFile"":null,""locator"":""Networking Logical Architecture 节 Spine-Leaf Networking，「Each compute node is connected with two 400 GbE ports and each management node is connected with two 200 GbE ports to two separate switches to provide redundancy and high storage throughput.」""}","2026-09-12","2026-08","已按所列官方位置核验并采纳；限定条件随值展示。"
"cmp.hgx.boot-nvme:specs.capacityTB","1","1","reviewed","retained","[""sys.hgx-b300""]","本地 NVMe 启动盘（1 TB）","TB","本地 NVMe 启动盘（1 TB） / capacityTB；适用范围见限定条件与来源位置","not specified / not applicable","not applicable / unspecified","not applicable / unspecified","","{""id"":""src.nvidia-hgx-ra"",""url"":""https://docs.nvidia.com/enterprise-reference-architectures/hgx-ai-factory/latest/components.html"",""localFile"":null,""locator"":""Components 节 Table 2「Local storage | ... • 1 TB NVMe boot drive」（appendix Table 8「Storage | 3 | ... 1×1 TB NVMe boot drive」）""}","2026-09-12","2026-08","已按所列官方位置核验并采纳；限定条件随值展示。"
"cmp.hgx.boot-nvme:specs.countPerServer","1","1","reviewed","retained","[""sys.hgx-b300""]","本地 NVMe 启动盘（1 TB）","个","本地 NVMe 启动盘（1 TB） / countPerServer；适用范围见限定条件与来源位置","not specified / not applicable","not applicable / unspecified","not applicable / unspecified","","{""id"":""src.nvidia-hgx-ra"",""url"":""https://docs.nvidia.com/enterprise-reference-architectures/hgx-ai-factory/latest/components.html"",""localFile"":null,""locator"":""Components 节 Table 2「• 1 TB NVMe boot drive」""}","2026-09-12","2026-08","已按所列官方位置核验并采纳；限定条件随值展示。"
"cmp.hgx.boot-nvme:specs.formFactor","null","null","deployment-dependent","retained","[""sys.hgx-b300""]","本地 NVMe 启动盘（1 TB）","null","本地 NVMe 启动盘（1 TB） / formFactor；适用范围见限定条件与来源位置","not specified / not applicable","not applicable / unspecified","not applicable / unspecified","NVIDIA 未规定启动盘的形态（M.2 / E1.S / U.2）与接口代际——由 OEM 整机设计决定。","{""id"":""src.nvidia-hgx-ra"",""url"":""https://docs.nvidia.com/enterprise-reference-architectures/hgx-ai-factory/latest/components.html"",""localFile"":null,""locator"":null}","2026-09-12","2026-08","需要 OEM 型号、机房条件或部署拓扑才能确定；没有适用于所有系统的通用值。 NVIDIA 未规定启动盘的形态（M.2 / E1.S / U.2）与接口代际——由 OEM 整机设计决定。"
"cmp.hgx.local-nvme:specs.inferenceCapacityPerSocketTB","1","1","reviewed","retained","[""sys.hgx-b300""]","本地 NVMe 数据盘（按 CPU 插槽配）","TB","本地 NVMe 数据盘（按 CPU 插槽配） / inferenceCapacityPerSocketTB；适用范围见限定条件与来源位置","not specified / not applicable","not applicable / unspecified","not applicable / unspecified","","{""id"":""src.nvidia-hgx-ra"",""url"":""https://docs.nvidia.com/enterprise-reference-architectures/hgx-ai-factory/latest/components.html"",""localFile"":null,""locator"":""Components 节 Table 2「Local storage | • Inference Servers: Minimum 1 TB NVMe drive per CPU socket」""}","2026-09-12","2026-08","已按所列官方位置核验并采纳；限定条件随值展示。"
"cmp.hgx.local-nvme:specs.trainingCapacityPerSocketTB","2","2","reviewed","retained","[""sys.hgx-b300""]","本地 NVMe 数据盘（按 CPU 插槽配）","TB","本地 NVMe 数据盘（按 CPU 插槽配） / trainingCapacityPerSocketTB；适用范围见限定条件与来源位置","not specified / not applicable","not applicable / unspecified","not applicable / unspecified","","{""id"":""src.nvidia-hgx-ra"",""url"":""https://docs.nvidia.com/enterprise-reference-architectures/hgx-ai-factory/latest/components.html"",""localFile"":null,""locator"":""Components 节 Table 2「• Training / DL Servers: Minimum 2 TB NVMe drive per CPU socket」""}","2026-09-12","2026-08","已按所列官方位置核验并采纳；限定条件随值展示。"
"cmp.hgx.local-nvme:specs.hpcCapacityPerSocketTB","1","1","reviewed","retained","[""sys.hgx-b300""]","本地 NVMe 数据盘（按 CPU 插槽配）","TB","本地 NVMe 数据盘（按 CPU 插槽配） / hpcCapacityPerSocketTB；适用范围见限定条件与来源位置","not specified / not applicable","not applicable / unspecified","not applicable / unspecified","","{""id"":""src.nvidia-hgx-ra"",""url"":""https://docs.nvidia.com/enterprise-reference-architectures/hgx-ai-factory/latest/components.html"",""localFile"":null,""locator"":""Components 节 Table 2「• HPC Servers: Minimum 1 TB NVMe drive per CPU socket」""}","2026-09-12","2026-08","已按所列官方位置核验并采纳；限定条件随值展示。"
"cmp.hgx.local-nvme:specs.kvCacheOffloadNote","官方点名的未来负载：分布式推理把 KV cache 卸载到高速网络存储，需要更高的每 GPU 突发 I/O 能力","官方点名的未来负载：分布式推理把 KV cache 卸载到高速网络存储，需要更高的每 GPU 突发 I/O 能力","reviewed","retained","[""sys.hgx-b300""]","本地 NVMe 数据盘（按 CPU 插槽配）","null","本地 NVMe 数据盘（按 CPU 插槽配） / kvCacheOffloadNote；适用范围见限定条件与来源位置","not specified / not applicable","not applicable / unspecified","not applicable / unspecified","这条 Note 出现的位置是「为什么推荐 B3240 而不是 B3220」——官方用它来论证 DPU 要选 400G 那档。","{""id"":""src.nvidia-hgx-ra"",""url"":""https://docs.nvidia.com/enterprise-reference-architectures/hgx-ai-factory/latest/components.html"",""localFile"":null,""locator"":""Components 节 Converged (Node North/South) Ethernet Networking 的 Note，「For HGX B300 deployments, it can be helpful to consider future workloads such as distributed inference that may use KV cache offloads to highspeed, network attached storage. In these cases, having higher burst I/O capacity per GPU can be advantageous, even if the average bandwidth needs for typical training workloads are not very high.」""}","2026-09-12","2026-08","已按所列官方位置核验并采纳；限定条件随值展示。"
"cmp.hgx.local-nvme:specs.driveCountPerServer","null","null","deployment-dependent","retained","[""sys.hgx-b300""]","本地 NVMe 数据盘（按 CPU 插槽配）","块","本地 NVMe 数据盘（按 CPU 插槽配） / driveCountPerServer；适用范围见限定条件与来源位置","not specified / not applicable","not applicable / unspecified","not applicable / unspecified","NVIDIA 按「每 CPU 插槽」给容量下限，没有直接给盘数。2 插槽 ⇒ 本项目 3D 按 2 块数据盘示意；appendix Table 8 的「Storage | 3」是「2 块数据盘 + 1 块启动盘」的合计口径。","{""id"":""src.nvidia-hgx-ra"",""url"":""https://docs.nvidia.com/enterprise-reference-architectures/hgx-ai-factory/latest/components.html"",""localFile"":null,""locator"":null}","2026-09-12","2026-08","需要 OEM 型号、机房条件或部署拓扑才能确定；没有适用于所有系统的通用值。 NVIDIA 按「每 CPU 插槽」给容量下限，没有直接给盘数。2 插槽 ⇒ 本项目 3D 按 2 块数据盘示意；appendix Table 8 的「Storage | 3」是「2 块数据盘 + 1 块启动盘」的合计口径。"
"asm.gb300.mgmt-node:countClaim","12","12","reviewed","retained","[""sys.gb300-nvl72""]","asm.gb300.mgmt-node","个","asm.gb300.mgmt-node / countClaim；适用范围见限定条件与来源位置","not specified / not applicable","not applicable / unspecified","not applicable / unspecified","","{""id"":""src.nvidia-nvl72-ra"",""url"":""https://docs.nvidia.com/enterprise-reference-architectures/nvl72-ai-factory/latest/components.html"",""localFile"":null,""locator"":""Control Plane/Management Nodes，「we assume a control plane composed of 12 management nodes」""}","2026-09-12","2026-08","已按所列官方位置核验并采纳；限定条件随值展示。"
"asm.gb300.rack:countClaim","8","8","reviewed","retained","[""sys.gb300-nvl72""]","asm.gb300.rack","个","asm.gb300.rack / countClaim；适用范围见限定条件与来源位置","not specified / not applicable","not applicable / unspecified","not applicable / unspecified","一个 SU = 一个 NVL72 机架；8 是官方完整验证的规模上限。","{""id"":""src.nvidia-nvl72-ra"",""url"":""https://docs.nvidia.com/enterprise-reference-architectures/nvl72-ai-factory/latest/overview.html"",""localFile"":null,""locator"":""Overview，「A fully tested system scales up to 8 SUs (Scalable Units)」""}","2026-09-12","2026-08","已按所列官方位置核验并采纳；限定条件随值展示。"
"asm.gb300.inrack-mgmt-switch:countClaim","2","2","reviewed","retained","[""sys.gb300-nvl72""]","asm.gb300.inrack-mgmt-switch","个","asm.gb300.inrack-mgmt-switch / countClaim；适用范围见限定条件与来源位置","not specified / not applicable","not applicable / unspecified","not applicable / unspecified","","{""id"":""src.nvidia-nvl72-ra"",""url"":""https://docs.nvidia.com/enterprise-reference-architectures/nvl72-ai-factory/latest/components.html"",""localFile"":null,""locator"":""System Hardware & Components，「2 SN2201 OOB switches for integrated management access of rack components」""}","2026-09-12","2026-08","已按所列官方位置核验并采纳；限定条件随值展示。"
"asm.gb300.power-shelf:countClaim","8","8","reviewed","retained","[""sys.gb300-nvl72""]","asm.gb300.power-shelf","个","asm.gb300.power-shelf / countClaim；适用范围见限定条件与来源位置","not specified / not applicable","not applicable / unspecified","not applicable / unspecified","","{""id"":""src.nvidia-nvl72-ra"",""url"":""https://docs.nvidia.com/enterprise-reference-architectures/nvl72-ai-factory/latest/components.html"",""localFile"":null,""locator"":""System Hardware & Components，「8 power shelves of 33 kW」""}","2026-09-12","2026-08","已按所列官方位置核验并采纳；限定条件随值展示。"
"asm.gb300.compute-tray:countClaim","18","18","reviewed","retained","[""sys.gb300-nvl72""]","asm.gb300.compute-tray","个","asm.gb300.compute-tray / countClaim；适用范围见限定条件与来源位置","not specified / not applicable","not applicable / unspecified","not applicable / unspecified","","{""id"":""src.nvidia-nvl72-ra"",""url"":""https://docs.nvidia.com/enterprise-reference-architectures/nvl72-ai-factory/latest/overview.html"",""localFile"":null,""locator"":""Overview，「18 compute trays connected via the fifth generation of NVLink」""}","2026-09-12","2026-08","已按所列官方位置核验并采纳；限定条件随值展示。"
"asm.gb300.nvswitch-tray:countClaim","9","9","reviewed","retained","[""sys.gb300-nvl72""]","asm.gb300.nvswitch-tray","个","asm.gb300.nvswitch-tray / countClaim；适用范围见限定条件与来源位置","not specified / not applicable","not applicable / unspecified","not applicable / unspecified","","{""id"":""src.nvidia-nvl72-ra"",""url"":""https://docs.nvidia.com/enterprise-reference-architectures/nvl72-ai-factory/latest/components.html"",""localFile"":null,""locator"":""System Hardware & Components，「9 NVSwitch trays for full non-blocking P2P connectivity of all 72 Blackwell Ultra GPUs」""}","2026-09-12","2026-08","已按所列官方位置核验并采纳；限定条件随值展示。"
"asm.gb300.grace-cpu:countClaim","2","2","reviewed","retained","[""sys.gb300-nvl72""]","asm.gb300.grace-cpu","个","asm.gb300.grace-cpu / countClaim；适用范围见限定条件与来源位置","not specified / not applicable","not applicable / unspecified","not applicable / unspecified","","{""id"":""src.nvidia-nvl72-ra"",""url"":""https://docs.nvidia.com/enterprise-reference-architectures/nvl72-ai-factory/latest/components.html"",""localFile"":null,""locator"":""System Hardware & Components Table 1，「NVIDIA Grace Processor … | 2」""}","2026-09-12","2026-08","已按所列官方位置核验并采纳；限定条件随值展示。"
"asm.gb300.b300-gpu:countClaim","4","4","reviewed","retained","[""sys.gb300-nvl72""]","asm.gb300.b300-gpu","个","asm.gb300.b300-gpu / countClaim；适用范围见限定条件与来源位置","not specified / not applicable","not applicable / unspecified","not applicable / unspecified","","{""id"":""src.nvidia-nvl72-ra"",""url"":""https://docs.nvidia.com/enterprise-reference-architectures/nvl72-ai-factory/latest/components.html"",""localFile"":null,""locator"":""System Hardware & Components Table 1，「NVIDIA B300 GPU … | 4」""}","2026-09-12","2026-08","已按所列官方位置核验并采纳；限定条件随值展示。"
"asm.gb300.mezz-board:countClaim","2","2","reviewed","retained","[""sys.gb300-nvl72""]","asm.gb300.mezz-board","个","asm.gb300.mezz-board / countClaim；适用范围见限定条件与来源位置","not specified / not applicable","not applicable / unspecified","not applicable / unspecified","","{""id"":""src.nvidia-nvl72-ra"",""url"":""https://docs.nvidia.com/enterprise-reference-architectures/nvl72-ai-factory/latest/components.html"",""localFile"":null,""locator"":""System Hardware & Components Table 1，「NVIDIA ConnectX-8 Mezzanine Boards … | 2」""}","2026-09-12","2026-08","已按所列官方位置核验并采纳；限定条件随值展示。"
"asm.gb300.cx8-nic:countClaim","2","2","reviewed","retained","[""sys.gb300-nvl72""]","asm.gb300.cx8-nic","个","asm.gb300.cx8-nic / countClaim；适用范围见限定条件与来源位置","not specified / not applicable","not applicable / unspecified","not applicable / unspecified","","{""id"":""src.nvidia-nvl72-ra"",""url"":""https://docs.nvidia.com/enterprise-reference-architectures/nvl72-ai-factory/latest/components.html"",""localFile"":null,""locator"":""System Hardware & Components Table 1，「NVIDIA ConnectX-8 Mezzanine Boards, with 2 ConnectX-8 network adapters each」""}","2026-09-12","2026-08","已按所列官方位置核验并采纳；限定条件随值展示。"
"asm.gb300.bf3-dpu:countClaim","1","1","reviewed","retained","[""sys.gb300-nvl72""]","asm.gb300.bf3-dpu","个","asm.gb300.bf3-dpu / countClaim；适用范围见限定条件与来源位置","not specified / not applicable","not applicable / unspecified","not applicable / unspecified","","{""id"":""src.nvidia-nvl72-ra"",""url"":""https://docs.nvidia.com/enterprise-reference-architectures/nvl72-ai-factory/latest/components.html"",""localFile"":null,""locator"":""System Hardware & Components Table 1，「Dual-port QSFP112 NVIDIA BlueField-3 B3240 DPU | 1」""}","2026-09-12","2026-08","已按所列官方位置核验并采纳；限定条件随值展示。"
"asm.gb300.os-nvme:countClaim","1","1","reviewed","retained","[""sys.gb300-nvl72""]","asm.gb300.os-nvme","个","asm.gb300.os-nvme / countClaim；适用范围见限定条件与来源位置","not specified / not applicable","not applicable / unspecified","not applicable / unspecified","","{""id"":""src.nvidia-nvl72-ra"",""url"":""https://docs.nvidia.com/enterprise-reference-architectures/nvl72-ai-factory/latest/components.html"",""localFile"":null,""locator"":""System Hardware & Components，「Each tray also includes 1 M.2 NVMe device for Operating System (OS) storage」""}","2026-09-12","2026-08","已按所列官方位置核验并采纳；限定条件随值展示。"
"asm.gb300.cache-nvme:countClaim","4","4","reviewed","retained","[""sys.gb300-nvl72""]","asm.gb300.cache-nvme","个","asm.gb300.cache-nvme / countClaim；适用范围见限定条件与来源位置","not specified / not applicable","not applicable / unspecified","not applicable / unspecified","⚠️ 与 Appendix B Table 10 的「8 x 4 TB E1.S」冲突，本项目取正文值 4。","{""id"":""src.nvidia-nvl72-ra"",""url"":""https://docs.nvidia.com/enterprise-reference-architectures/nvl72-ai-factory/latest/components.html"",""localFile"":null,""locator"":""System Hardware & Components，「4 E1.S NVMe storage devices typically used as a fast, local cache」""}","2026-09-12","2026-08","已按所列官方位置核验并采纳；限定条件随值展示。"
"asm.gb300.nvswitch-asic:countClaim","2","2","reviewed","retained","[""sys.gb300-nvl72""]","asm.gb300.nvswitch-asic","个","asm.gb300.nvswitch-asic / countClaim；适用范围见限定条件与来源位置","not specified / not applicable","not applicable / unspecified","not applicable / unspecified","","{""id"":""src.nvidia-nvl72-ra"",""url"":""https://docs.nvidia.com/enterprise-reference-architectures/nvl72-ai-factory/latest/components.html"",""localFile"":null,""locator"":""NVIDIA NVLink Switch Tray 节，「9 NVLink Fifth-Generation switch trays, with 2 NVSwitch ASICs per tray」""}","2026-09-12","2026-08","已按所列官方位置核验并采纳；限定条件随值展示。"
"asm.rubin.compute-tray:countClaim","18","18","reviewed","retained","[""sys.vera-rubin-nvl72""]","asm.rubin.compute-tray","个","asm.rubin.compute-tray / countClaim；适用范围见限定条件与来源位置","not specified / not applicable","not applicable / unspecified","not applicable / unspecified","","{""id"":""src.nvidia-rubin-pod-blog"",""url"":""https://developer.nvidia.com/blog/nvidia-vera-rubin-pod-seven-chips-five-rack-scale-systems-one-ai-supercomputer/"",""localFile"":null,""locator"":""NVIDIA Vera Rubin NVL72 节，「…across 18 compute trays, alongside 9 NVLink switch trays」""}","2026-09-12","2026-03","已按所列官方位置核验并采纳；限定条件随值展示。"
"asm.rubin.nvswitch-tray:countClaim","9","9","reviewed","retained","[""sys.vera-rubin-nvl72""]","asm.rubin.nvswitch-tray","个","asm.rubin.nvswitch-tray / countClaim；适用范围见限定条件与来源位置","not specified / not applicable","not applicable / unspecified","not applicable / unspecified","DGX Vera Rubin NVL72 规格表独立佐证：「9x L1 NVIDIA NVLink Switches」。","{""id"":""src.nvidia-rubin-pod-blog"",""url"":""https://developer.nvidia.com/blog/nvidia-vera-rubin-pod-seven-chips-five-rack-scale-systems-one-ai-supercomputer/"",""localFile"":null,""locator"":""NVIDIA Vera Rubin NVL72 节，「…alongside 9 NVLink switch trays」""}","2026-09-12","2026-03","已按所列官方位置核验并采纳；限定条件随值展示。"
"asm.rubin.vera-cpu:countClaim","2","2","reviewed","retained","[""sys.vera-rubin-nvl72""]","asm.rubin.vera-cpu","个","asm.rubin.vera-cpu / countClaim；适用范围见限定条件与来源位置","not specified / not applicable","not applicable / unspecified","not applicable / unspecified","","{""id"":""src.nvidia-rubin-pod-blog"",""url"":""https://developer.nvidia.com/blog/nvidia-vera-rubin-pod-seven-chips-five-rack-scale-systems-one-ai-supercomputer/"",""localFile"":null,""locator"":""Compute and NVLink Switch trays 节，「Each compute tray features two NVIDIA Vera Rubin superchips」× 每超级芯片 1 颗 Vera CPU""}","2026-09-12","2026-03","已按所列官方位置核验并采纳；限定条件随值展示。"
"asm.rubin.rubin-gpu:countClaim","4","4","reviewed","retained","[""sys.vera-rubin-nvl72""]","asm.rubin.rubin-gpu","个","asm.rubin.rubin-gpu / countClaim；适用范围见限定条件与来源位置","not specified / not applicable","not applicable / unspecified","not applicable / unspecified","⚠️ 官方规格表脚注 1：「Preliminary information. All values are up to and subject to change.」（预发布口径，不是量产验收值）","{""id"":""src.nvidia-vera-rubin-page"",""url"":""https://www.nvidia.com/en-us/data-center/vera-rubin-nvl72/"",""localFile"":null,""locator"":""规格表 Vera Rubin Superchip 列「2 Rubin GPUs | 1 Vera CPU」× 每托盘 2 个超级芯片（POD 博客）""}","2026-09-12","2026-08","已按所列官方位置核验并采纳；限定条件随值展示。"
"asm.rubin.nic-board:countClaim","4","4","non-spec","retained","[""sys.vera-rubin-nvl72""]","asm.rubin.nic-board","个","asm.rubin.nic-board / countClaim；适用范围见限定条件与来源位置","not specified / not applicable","not applicable / unspecified","not applicable / unspecified","⚠️ **官方英文有歧义，本条是其中一种读法，不是确证事实**。六芯片博客只有两句涉及板级结构：「each compute tray contains quad ConnectX-9 SuperNIC boards, delivering 1.6Tb/s of network bandwidth per Rubin GPU」与「Each quad ConnectX-9 SuperNIC board connects to each Vera CPU.」——第二句把「quad ConnectX-9 SuperNIC board」当作一个复合名词（载 4 颗 CX-9 的板），配合每托盘 2 颗 Vera CPU，可读成 **2 块板 × 4 张**；第一句单独看又可读成 **4 块板 × 2 张**。两种读法总数都是 8 张/托盘（与 POD 博客「eight ConnectX-9 SuperNICs」一致）。★ 本项目只把「每托盘 8 张、每机架 144 张」当确证事实；板级拆分取 4×2 建模，仅为 3D 摆位需要一个确定形态，**不得当作官方规格引用**。","{""id"":""src.nvidia-rubin-chips-blog"",""url"":""https://developer.nvidia.com/blog/inside-the-nvidia-rubin-platform-six-new-chips-one-ai-supercomputer/"",""localFile"":null,""locator"":""ConnectX-9 节，「each compute tray contains quad ConnectX-9 SuperNIC boards, delivering 1.6Tb/s of network bandwidth per Rubin GPU」""}","2026-09-12","2026-01","保留厂商宣称、第三方推测或教学观点及证据标签，不作为官方硬件数学输入。"
"asm.rubin.cx9-nic:countClaim","2","2","non-spec","retained","[""sys.vera-rubin-nvl72""]","asm.rubin.cx9-nic","个","asm.rubin.cx9-nic / countClaim；适用范围见限定条件与来源位置","not specified / not applicable","not applicable / unspecified","not applicable / unspecified","⚠️ **官方英文有歧义，本条是其中一种读法，不是确证事实**。六芯片博客只有两句涉及板级结构：「each compute tray contains quad ConnectX-9 SuperNIC boards, delivering 1.6Tb/s of network bandwidth per Rubin GPU」与「Each quad ConnectX-9 SuperNIC board connects to each Vera CPU.」——第二句把「quad ConnectX-9 SuperNIC board」当作一个复合名词（载 4 颗 CX-9 的板），配合每托盘 2 颗 Vera CPU，可读成 **2 块板 × 4 张**；第一句单独看又可读成 **4 块板 × 2 张**。两种读法总数都是 8 张/托盘（与 POD 博客「eight ConnectX-9 SuperNICs」一致）。★ 本项目只把「每托盘 8 张、每机架 144 张」当确证事实；板级拆分取 4×2 建模，仅为 3D 摆位需要一个确定形态，**不得当作官方规格引用**。","{""id"":""src.nvidia-rubin-pod-blog"",""url"":""https://developer.nvidia.com/blog/nvidia-vera-rubin-pod-seven-chips-five-rack-scale-systems-one-ai-supercomputer/"",""localFile"":null,""locator"":""每托盘 8 张 ConnectX-9（POD 博客「eight ConnectX-9 SuperNICs」）÷ 4 块 SuperNIC 板（六芯片博客「quad ConnectX-9 SuperNIC boards」的一种读法）""}","2026-09-12","2026-03","保留厂商宣称、第三方推测或教学观点及证据标签，不作为官方硬件数学输入。"
"asm.rubin.bf4-dpu:countClaim","1","1","reviewed","retained","[""sys.vera-rubin-nvl72""]","asm.rubin.bf4-dpu","个","asm.rubin.bf4-dpu / countClaim；适用范围见限定条件与来源位置","not specified / not applicable","not applicable / unspecified","not applicable / unspecified","DGX 规格表独立佐证：「18x dual-port BlueField-4」= 每托盘 1 张。","{""id"":""src.nvidia-rubin-pod-blog"",""url"":""https://developer.nvidia.com/blog/nvidia-vera-rubin-pod-seven-chips-five-rack-scale-systems-one-ai-supercomputer/"",""localFile"":null,""locator"":""Compute and NVLink Switch trays 节，「…eight ConnectX-9 SuperNICs and one BlueField-4 DPU」""}","2026-09-12","2026-03","已按所列官方位置核验并采纳；限定条件随值展示。"
"asm.rubin.nvswitch-asic:countClaim","4","4","reviewed","retained","[""sys.vera-rubin-nvl72""]","asm.rubin.nvswitch-asic","个","asm.rubin.nvswitch-asic / countClaim；适用范围见限定条件与来源位置","not specified / not applicable","not applicable / unspecified","not applicable / unspecified","","{""id"":""src.nvidia-rubin-chips-blog"",""url"":""https://developer.nvidia.com/blog/inside-the-nvidia-rubin-platform-six-new-chips-one-ai-supercomputer/"",""localFile"":null,""locator"":""Vera Rubin NVL72 NVLink switch tray 节，「Each switch tray incorporates four NVLink 6 switch chips」""}","2026-09-12","2026-01","已按所列官方位置核验并采纳；限定条件随值展示。"
"asm.ru.rack:countClaim","8","8","non-spec","retained","[""sys.rubin-ultra-nvl576""]","asm.ru.rack","个","asm.ru.rack / countClaim；适用范围见限定条件与来源位置","not specified / not applicable","not applicable / unspecified","not applicable / unspecified","SemiAnalysis p.3 表①独立佐证：Form Factor =「8x Oberon Racks」；p.4 立面图标注 VRU NVL576 (Rack 1) … (Rack 8)。","{""id"":""src.nvidia-rubin-pod-blog"",""url"":""https://developer.nvidia.com/blog/nvidia-vera-rubin-pod-seven-chips-five-rack-scale-systems-one-ai-supercomputer/"",""localFile"":null,""locator"":""NVIDIA Vera Rubin Ultra NVL576 节，「combine eight separate MGX NVL racks」""}","2026-09-12","2026-03","保留厂商宣称、第三方推测或教学观点及证据标签，不作为官方硬件数学输入。"
"asm.ru.power-shelf:countClaim","4","4","non-spec","retained","[""sys.rubin-ultra-nvl576""]","asm.ru.power-shelf","个","asm.ru.power-shelf / countClaim；适用范围见限定条件与来源位置","not specified / not applicable","not applicable / unspecified","not applicable / unspecified","","{""id"":""src.semianalysis-nvl576"",""url"":null,""localFile"":""sources/Rubin Ultra NVL576 架构：快速概览.pdf"",""locator"":""p.4 立面图：顶部 U40.5–42.5 与 U43.5–45.5、底部 U1–3 与 U4–6 各一个 3U 电源架""}","2026-09-12","2026-08","保留厂商宣称、第三方推测或教学观点及证据标签，不作为官方硬件数学输入。"
"asm.ru.compute-tray:countClaim","18","18","non-spec","retained","[""sys.rubin-ultra-nvl576""]","asm.ru.compute-tray","个","asm.ru.compute-tray / countClaim；适用范围见限定条件与来源位置","not specified / not applicable","not applicable / unspecified","not applicable / unspecified","","{""id"":""src.semianalysis-nvl576"",""url"":null,""localFile"":""sources/Rubin Ultra NVL576 架构：快速概览.pdf"",""locator"":""p.5：计算托架总数仍为 18 个，均匀分布于机架顶部和底部（各 9 个）；p.4 立面图逐个标注""}","2026-09-12","2026-08","保留厂商宣称、第三方推测或教学观点及证据标签，不作为官方硬件数学输入。"
"asm.ru.nvswitch-tray:countClaim","18","18","non-spec","retained","[""sys.rubin-ultra-nvl576""]","asm.ru.nvswitch-tray","个","asm.ru.nvswitch-tray / countClaim；适用范围见限定条件与来源位置","not specified / not applicable","not applicable / unspecified","not applicable / unspecified","","{""id"":""src.semianalysis-nvl576"",""url"":null,""localFile"":""sources/Rubin Ultra NVL576 架构：快速概览.pdf"",""locator"":""p.5：NVLink Switch 托架数量翻倍至每机架 18 个，单托架高度缩减至 0.75U""}","2026-09-12","2026-08","保留厂商宣称、第三方推测或教学观点及证据标签，不作为官方硬件数学输入。"
"asm.ru.inrack-mgmt-switch:countClaim","2","2","non-spec","retained","[""sys.rubin-ultra-nvl576""]","asm.ru.inrack-mgmt-switch","台","asm.ru.inrack-mgmt-switch / countClaim；适用范围见限定条件与来源位置","not specified / not applicable","not applicable / unspecified","not applicable / unspecified","","{""id"":""src.semianalysis-nvl576"",""url"":null,""localFile"":""sources/Rubin Ultra NVL576 架构：快速概览.pdf"",""locator"":""p.4 立面图：U47.5「OOB 1Gbe MGMT Switch 02 - SN2201_M DC」与 U46.5「…Switch 01」""}","2026-09-12","2026-08","保留厂商宣称、第三方推测或教学观点及证据标签，不作为官方硬件数学输入。"
"asm.ru.vera-cpu:countClaim","2","2","non-spec","retained","[""sys.rubin-ultra-nvl576""]","asm.ru.vera-cpu","颗","asm.ru.vera-cpu / countClaim；适用范围见限定条件与来源位置","not specified / not applicable","not applicable / unspecified","not applicable / unspecified","","{""id"":""src.semianalysis-nvl576"",""url"":null,""localFile"":""sources/Rubin Ultra NVL576 架构：快速概览.pdf"",""locator"":""p.4 立面图内文，「1U Compute Tray (2 Vera CPU, 4 Rubin Ultra GPU)」""}","2026-09-12","2026-08","保留厂商宣称、第三方推测或教学观点及证据标签，不作为官方硬件数学输入。"
"asm.ru.gpu:countClaim","4","4","non-spec","retained","[""sys.rubin-ultra-nvl576""]","asm.ru.gpu","张","asm.ru.gpu / countClaim；适用范围见限定条件与来源位置","not specified / not applicable","not applicable / unspecified","not applicable / unspecified","","{""id"":""src.semianalysis-nvl576"",""url"":null,""localFile"":""sources/Rubin Ultra NVL576 架构：快速概览.pdf"",""locator"":""p.4 立面图内文，「1U Compute Tray (2 Vera CPU, 4 Rubin Ultra GPU)」""}","2026-09-12","2026-08","保留厂商宣称、第三方推测或教学观点及证据标签，不作为官方硬件数学输入。"
"asm.ru.hbm:countClaim","8","8","non-spec","retained","[""sys.rubin-ultra-nvl576""]","asm.ru.hbm","个","asm.ru.hbm / countClaim；适用范围见限定条件与来源位置","not specified / not applicable","not applicable / unspecified","not applicable / unspecified","","{""id"":""src.semianalysis-nvl576"",""url"":null,""localFile"":""sources/Rubin Ultra NVL576 架构：快速概览.pdf"",""locator"":""p.3 表①，HBM Stacks = 8""}","2026-09-12","2026-08","保留厂商宣称、第三方推测或教学观点及证据标签，不作为官方硬件数学输入。"
"asm.ru.nvswitch-asic:countClaim","4","4","non-spec","retained","[""sys.rubin-ultra-nvl576""]","asm.ru.nvswitch-asic","颗","asm.ru.nvswitch-asic / countClaim；适用范围见限定条件与来源位置","not specified / not applicable","not applicable / unspecified","not applicable / unspecified","","{""id"":""src.semianalysis-nvl576"",""url"":null,""localFile"":""sources/Rubin Ultra NVL576 架构：快速概览.pdf"",""locator"":""p.10：可扩展版本每托盘 4 个 NVLink Switch ASIC；p.4 立面图标注「0.75U Expandable NVSwitch7 Tray (4 NVSwitch7)」""}","2026-09-12","2026-08","保留厂商宣称、第三方推测或教学观点及证据标签，不作为官方硬件数学输入。"
"asm.ru.optics:countClaim","16","16","non-spec","retained","[""sys.rubin-ultra-nvl576""]","asm.ru.optics","个","asm.ru.optics / countClaim；适用范围见限定条件与来源位置","not specified / not applicable","not applicable / unspecified","not applicable / unspecified","","{""id"":""src.semianalysis-nvl576"",""url"":null,""localFile"":""sources/Rubin Ultra NVL576 架构：快速概览.pdf"",""locator"":""p.7 NPO 版托架俯视图：每颗 NVLink 7 Switch 旁 4 个 NPO 模块 × 4 颗 = 16 个""}","2026-09-12","2026-08","保留厂商宣称、第三方推测或教学观点及证据标签，不作为官方硬件数学输入。"
"asm.lpx.lpu-tray:countClaim","32","32","non-spec","retained","[""sys.groq3-lpx""]","asm.lpx.lpu-tray","个","asm.lpx.lpu-tray / countClaim；适用范围见限定条件与来源位置","not specified / not applicable","not applicable / unspecified","not applicable / unspecified","","{""id"":""src.nvidia-lpx-blog"",""url"":""https://developer.nvidia.com/blog/inside-nvidia-groq-3-lpx-the-low-latency-inference-accelerator-for-the-nvidia-vera-rubin-platform/"",""localFile"":null,""locator"":""Inside the NVIDIA Groq 3 LPX compute tray 节，「The LPX rack-scale accelerator houses 32 liquid-cooled 1U compute trays」""}","2026-09-12","2026-03","保留厂商宣称、第三方推测或教学观点及证据标签，不作为官方硬件数学输入。"
"asm.lpx.host-cpu:countClaim","1","1","non-spec","retained","[""sys.groq3-lpx""]","asm.lpx.host-cpu","个","asm.lpx.host-cpu / countClaim；适用范围见限定条件与来源位置","not specified / not applicable","not applicable / unspecified","not applicable / unspecified","","{""id"":""src.nvidia-lpx-blog"",""url"":""https://developer.nvidia.com/blog/inside-nvidia-groq-3-lpx-the-low-latency-inference-accelerator-for-the-nvidia-vera-rubin-platform/"",""localFile"":null,""locator"":""Inside the NVIDIA Groq 3 LPX compute tray 节，「eight LPU accelerators, a host processor, and fabric expansion logic」（图 2 图注中 Host CPU 为独立部件）""}","2026-09-12","2026-03","保留厂商宣称、第三方推测或教学观点及证据标签，不作为官方硬件数学输入。"
"asm.lpx.lp30:countClaim","8","8","non-spec","retained","[""sys.groq3-lpx""]","asm.lpx.lp30","个","asm.lpx.lp30 / countClaim；适用范围见限定条件与来源位置","not specified / not applicable","not applicable / unspecified","not applicable / unspecified","","{""id"":""src.nvidia-lpx-blog"",""url"":""https://developer.nvidia.com/blog/inside-nvidia-groq-3-lpx-the-low-latency-inference-accelerator-for-the-nvidia-vera-rubin-platform/"",""localFile"":null,""locator"":""表 2「LP30 chips | 8」（正文：「Every tray integrates eight LPU accelerators」）""}","2026-09-12","2026-03","保留厂商宣称、第三方推测或教学观点及证据标签，不作为官方硬件数学输入。"
"asm.lpx.fabric-expansion:countClaim","1","1","non-spec","retained","[""sys.groq3-lpx""]","asm.lpx.fabric-expansion","个","asm.lpx.fabric-expansion / countClaim；适用范围见限定条件与来源位置","not specified / not applicable","not applicable / unspecified","not applicable / unspecified","","{""id"":""src.nvidia-lpx-blog"",""url"":""https://developer.nvidia.com/blog/inside-nvidia-groq-3-lpx-the-low-latency-inference-accelerator-for-the-nvidia-vera-rubin-platform/"",""localFile"":null,""locator"":""Inside the NVIDIA Groq 3 LPX compute tray 节，「eight LPU accelerators, a host processor, and fabric expansion logic」""}","2026-09-12","2026-03","保留厂商宣称、第三方推测或教学观点及证据标签，不作为官方硬件数学输入。"
"asm.lpx.bf4-dpu:countClaim","1","1","non-spec","retained","[""sys.groq3-lpx""]","asm.lpx.bf4-dpu","个","asm.lpx.bf4-dpu / countClaim；适用范围见限定条件与来源位置","not specified / not applicable","not applicable / unspecified","not applicable / unspecified","","{""id"":""src.nvidia-lpx-blog"",""url"":""https://developer.nvidia.com/blog/inside-nvidia-groq-3-lpx-the-low-latency-inference-accelerator-for-the-nvidia-vera-rubin-platform/"",""localFile"":null,""locator"":""图 2 图注，「…an on-tray Fabric Expansion Logic, DRAM, Host CPU, BlueField-4 DPU, and backplane and front-panel connections」""}","2026-09-12","2026-03","保留厂商宣称、第三方推测或教学观点及证据标签，不作为官方硬件数学输入。"
"asm.hgx.scaleout-spine:countClaim","4","4","reviewed","retained","[""sys.hgx-b300""]","asm.hgx.scaleout-spine","个","asm.hgx.scaleout-spine / countClaim；适用范围见限定条件与来源位置","not specified / not applicable","not applicable / unspecified","not applicable / unspecified","32 节点设计点的双平面合计台数。64 节点为 8 台、128 节点为 16 台。","{""id"":""src.nvidia-hgx-ra"",""url"":""https://docs.nvidia.com/enterprise-reference-architectures/hgx-ai-factory/latest/network-logical-architecture.html"",""localFile"":null,""locator"":""Networking Logical Architecture 节 Table 6，Nodes=32 行「Spine | 4」（表下注：「Figures shown are aggregate amounts for both planes.」）""}","2026-09-12","2026-08","已按所列官方位置核验并采纳；限定条件随值展示。"
"asm.hgx.scaleout-leaf:countClaim","8","8","reviewed","retained","[""sys.hgx-b300""]","asm.hgx.scaleout-leaf","个","asm.hgx.scaleout-leaf / countClaim；适用范围见限定条件与来源位置","not specified / not applicable","not applicable / unspecified","not applicable / unspecified","每平面 4 台、每台承载 2 条 rail。64 节点为 16 台、128 节点为 32 台。","{""id"":""src.nvidia-hgx-ra"",""url"":""https://docs.nvidia.com/enterprise-reference-architectures/hgx-ai-factory/latest/network-logical-architecture.html"",""localFile"":null,""locator"":""Networking Logical Architecture 节 Table 6，Nodes=32 行「Leaf | 8」（双平面合计；同节 32 节点设计点正文：「4 leaf switches per plane, each supporting 2 rails (1+5, 2+6, 3+7, 4+8)」）""}","2026-09-12","2026-08","已按所列官方位置核验并采纳；限定条件随值展示。"
"asm.hgx.converged-switch:countClaim","2","2","reviewed","retained","[""sys.hgx-b300""]","asm.hgx.converged-switch","个","asm.hgx.converged-switch / countClaim；适用范围见限定条件与来源位置","not specified / not applicable","not applicable / unspecified","not applicable / unspecified","32 节点设计点用两台交换机做汇聚网，不设 spine 层；64 节点起才有 spine（4 leaf + 2 spine）。","{""id"":""src.nvidia-hgx-ra"",""url"":""https://docs.nvidia.com/enterprise-reference-architectures/hgx-ai-factory/latest/network-logical-architecture.html"",""localFile"":null,""locator"":""Networking Logical Architecture 节 Table 7，Nodes=32 行「Leaf | 2」「Spine | N/A」（同节正文：「Cost-efficient converged two-switch fabric for CPU (North/South) Network」）""}","2026-09-12","2026-08","已按所列官方位置核验并采纳；限定条件随值展示。"
"asm.hgx.oob-fabric-switch:countClaim","4","4","reviewed","retained","[""sys.hgx-b300""]","asm.hgx.oob-fabric-switch","个","asm.hgx.oob-fabric-switch / countClaim；适用范围见限定条件与来源位置","not specified / not applicable","not applicable / unspecified","not applicable / unspecified","64 节点起改为每 SU 一台。每台经 2 × 100G 上联核心。⚠️ **128 节点这一档官方两说**：正文写「NVIDIA SN2201 switch per SU (32 switches total)」（32 台，即每 SU 一台 × 32 个 SU），appendix Table 9 的同一行写 **16**。32 与 64 节点两档则两处一致（分别是 4 与 8）。本项目按正文的「每 SU 一台」推导规模，Table 9 的 16 一并留痕。","{""id"":""src.nvidia-hgx-ra"",""url"":""https://docs.nvidia.com/enterprise-reference-architectures/hgx-ai-factory/latest/appendix-node-configurations.html"",""localFile"":null,""locator"":""Networking Logical Architecture 节 32 Nodes 设计点 Management，「SN2201 switch for every 2 SUs (4 switches total)」（appendix Table 9 同值：「SN2201 leaf switches for OOB management fabric | 4」）""}","2026-09-12","2026-08","已按所列官方位置核验并采纳；限定条件随值展示。"
"asm.hgx.control-plane-node:countClaim","7","7","reviewed","retained","[""sys.hgx-b300""]","asm.hgx.control-plane-node","个","asm.hgx.control-plane-node / countClaim；适用范围见限定条件与来源位置","not specified / not applicable","not applicable / unspecified","not applicable / unspecified","官方示例配置：2 台 BCM（高可用）+ 2 台 Slurm head + 3 台 K8s 控制面。上限是 8 台。⚠️ 与 GB300 NVL72 参考架构的 12 台不是同一个数字。","{""id"":""src.nvidia-hgx-ra"",""url"":""https://docs.nvidia.com/enterprise-reference-architectures/hgx-ai-factory/latest/components.html"",""localFile"":null,""locator"":""Components 节 Control Plane/Management Nodes，「a configuration using NVIDIA Base Command Manager, Slurm, and Kubernetes together can include seven control plane nodes in total ... This uses seven of the eight available control plane nodes possible.」""}","2026-09-12","2026-08","已按所列官方位置核验并采纳；限定条件随值展示。"
"asm.hgx.baseboard:countClaim","1","1","reviewed","retained","[""sys.hgx-b300""]","asm.hgx.baseboard","个","asm.hgx.baseboard / countClaim；适用范围见限定条件与来源位置","not specified / not applicable","not applicable / unspecified","not applicable / unspecified","每台服务器 1 块基板。","{""id"":""src.nvidia-hgx-ra"",""url"":""https://docs.nvidia.com/enterprise-reference-architectures/hgx-ai-factory/latest/components.html"",""localFile"":null,""locator"":""Components 节 Table 2「GPU configuration | Eight NVIDIA B300 GPUs on an HGX B300 baseboard with up to 2304 GB of GPU memory」（单数 baseboard）""}","2026-09-12","2026-08","已按所列官方位置核验并采纳；限定条件随值展示。"
"asm.hgx.host-cpu:countClaim","2","2","reviewed","retained","[""sys.hgx-b300""]","asm.hgx.host-cpu","个","asm.hgx.host-cpu / countClaim；适用范围见限定条件与来源位置","not specified / not applicable","not applicable / unspecified","not applicable / unspecified","⚠️ RA components.html Table 2 的「CPU sockets」一行内容被误填成 NVLink 的值，因此改引 Abstract 与 appendix。","{""id"":""src.nvidia-hgx-ra"",""url"":""https://docs.nvidia.com/enterprise-reference-architectures/hgx-ai-factory/latest/appendix-node-configurations.html"",""localFile"":null,""locator"":""Abstract，「a 2-8-9-800 infrastructure configuration (2 CPUs, 8 GPUs, 9 NICs at 800 Gb/s bandwidth per GPU)」（appendix Table 8「CPUs | 2」）""}","2026-09-12","2026-08","已按所列官方位置核验并采纳；限定条件随值展示。"
"asm.hgx.bf3-dpu:countClaim","1","1","reviewed","retained","[""sys.hgx-b300""]","asm.hgx.bf3-dpu","个","asm.hgx.bf3-dpu / countClaim；适用范围见限定条件与来源位置","not specified / not applicable","not applicable / unspecified","not applicable / unspecified","⚠️ DGX B300 是 2 张 BF-3，HGX 参考架构是 1 张。","{""id"":""src.nvidia-hgx-ra"",""url"":""https://docs.nvidia.com/enterprise-reference-architectures/hgx-ai-factory/latest/components.html"",""localFile"":null,""locator"":""Components 节 Table 2「DPU (North/South) | One NVIDIA® BlueField®-3 DPU per server」（Table 5：「One NVIDIA BlueField-3 B3240 dual port 400 GbE DPU」）""}","2026-09-12","2026-08","已按所列官方位置核验并采纳；限定条件随值展示。"
"asm.hgx.boot-nvme:countClaim","1","1","reviewed","retained","[""sys.hgx-b300""]","asm.hgx.boot-nvme","个","asm.hgx.boot-nvme / countClaim；适用范围见限定条件与来源位置","not specified / not applicable","not applicable / unspecified","not applicable / unspecified","","{""id"":""src.nvidia-hgx-ra"",""url"":""https://docs.nvidia.com/enterprise-reference-architectures/hgx-ai-factory/latest/components.html"",""localFile"":null,""locator"":""Components 节 Table 2「Local storage | ... • 1 TB NVMe boot drive」""}","2026-09-12","2026-08","已按所列官方位置核验并采纳；限定条件随值展示。"
"asm.hgx.b300-gpu:countClaim","8","8","reviewed","retained","[""sys.hgx-b300""]","asm.hgx.b300-gpu","个","asm.hgx.b300-gpu / countClaim；适用范围见限定条件与来源位置","not specified / not applicable","not applicable / unspecified","not applicable / unspecified","★ 这 8 张就是整个 NVLink 域的全部成员。","{""id"":""src.nvidia-hgx-ra"",""url"":""https://docs.nvidia.com/enterprise-reference-architectures/hgx-ai-factory/latest/components.html"",""localFile"":null,""locator"":""Components 节，「HGX B300 is a unified platform consisting of 8 Blackwell GPUs internally connected by NVLink」（Table 2「Eight NVIDIA B300 GPUs on an HGX B300 baseboard」）""}","2026-09-12","2026-08","已按所列官方位置核验并采纳；限定条件随值展示。"
"asm.hgx.hbm:countClaim","8","8","reviewed","retained","[""sys.hgx-b300""]","asm.hgx.hbm","个","asm.hgx.hbm / countClaim；适用范围见限定条件与来源位置","not specified / not applicable","not applicable / unspecified","not applicable / unspecified","★ 与前四代不同：这一代的 8 是**官方数字**，不是视觉示意。","{""id"":""src.nvidia-blackwell-ultra-blog"",""url"":""https://developer.nvidia.com/blog/inside-nvidia-blackwell-ultra-the-chip-powering-the-ai-factory-era/"",""localFile"":null,""locator"":""Memory 节 High bandwidth memory features，「HBM configuration: Eight 12-Hi stacks, 16 × 512-bit controllers (8,192-bit total width)」""}","2026-09-12","2025-08","已按所列官方位置核验并采纳；限定条件随值展示。"
"asm.hgx.cx8-nic:countClaim","8","8","reviewed","retained","[""sys.hgx-b300""]","asm.hgx.cx8-nic","个","asm.hgx.cx8-nic / countClaim；适用范围见限定条件与来源位置","not specified / not applicable","not applicable / unspecified","not applicable / unspecified","1:1 GPU:NIC。★ 单位是 per **baseboard**——网卡焊在 GPU 基板上，不是主机插卡。","{""id"":""src.nvidia-hgx-ra"",""url"":""https://docs.nvidia.com/enterprise-reference-architectures/hgx-ai-factory/latest/components.html"",""localFile"":null,""locator"":""Components 节 Table 2「Network Adapters/NICs speed (East/West) | Eight NVIDIA® ConnectX-8 SuperNICs per NVIDIA HGX B300 baseboard. Up to 800 Gbps per adapter.」""}","2026-09-12","2026-08","已按所列官方位置核验并采纳；限定条件随值展示。"
"con.gb300.gpu-nvswitch:bandwidth","1800","1800","reviewed","retained","[""sys.gb300-nvl72""]","con.gb300.gpu-nvswitch","GB/s","con.gb300.gpu-nvswitch / bandwidth；适用范围见限定条件与来源位置","not specified / not applicable","not applicable / unspecified","not applicable / unspecified","","{""id"":""src.nvidia-nvl72-ra"",""url"":""https://docs.nvidia.com/enterprise-reference-architectures/nvl72-ai-factory/latest/components.html"",""localFile"":null,""locator"":""NVIDIA NVLink 节，「delivering up to 1800 GB/s per GPU」""}","2026-09-12","2026-08","已按所列官方位置核验并采纳；限定条件随值展示。"
"con.gb300.gpu-cx8:bandwidth","800","800","reviewed","retained","[""sys.gb300-nvl72""]","con.gb300.gpu-cx8","Gb/s","con.gb300.gpu-cx8 / bandwidth；适用范围见限定条件与来源位置","not specified / not applicable","not applicable / unspecified","not applicable / unspecified","","{""id"":""src.nvidia-nvl72-ra"",""url"":""https://docs.nvidia.com/enterprise-reference-architectures/nvl72-ai-factory/latest/components.html"",""localFile"":null,""locator"":""Compute (Node East/West) Ethernet Networking，「Each ConnectX-8 SuperNIC offers up to 800 Gb/s」""}","2026-09-12","2026-08","已按所列官方位置核验并采纳；限定条件随值展示。"
"con.gb300.cx8-leaf:bandwidth","400","400","reviewed","retained","[""sys.gb300-nvl72""]","con.gb300.cx8-leaf","Gb/s","con.gb300.cx8-leaf / bandwidth；适用范围见限定条件与来源位置","not specified / not applicable","not applicable / unspecified","not applicable / unspecified","每个接口 400 Gb/s，两个接口分属两个平面。⚠️ locator 是原文两句相邻完整句，不要合并改写。","{""id"":""src.nvidia-nvl72-ra"",""url"":""https://docs.nvidia.com/enterprise-reference-architectures/nvl72-ai-factory/latest/networking-physical-topologies.html"",""localFile"":null,""locator"":""Networking Physical Topologies 节 Dual Plane Topology，「With each GPU generating 800 Gb/s bandwidth through the ConnectX-8 SuperNICs, dual plane topology involves breaking the interface to 2x400 Gb/s interfaces.」＋「Every such interface is then connected to a different leaf switch, and every such leaf switch is part of an independent fabric that scales to 1024 interfaces of 400 Gb/s as part of this reference architecture.」""}","2026-09-12","2026-08","已按所列官方位置核验并采纳；限定条件随值展示。"
"con.gb300.bf3-converged:bandwidth","400","400","reviewed","retained","[""sys.gb300-nvl72""]","con.gb300.bf3-converged","Gb/s","con.gb300.bf3-converged / bandwidth；适用范围见限定条件与来源位置","not specified / not applicable","not applicable / unspecified","not applicable / unspecified","双端口各 400 Gb/s，分别接到两台交换机。⚠️ Network Logical Architecture 节 Spine-Leaf Networking 的写法略有不同：「Each compute and management node are connected with two 400 Gb/s ports to two separate switches」——那里把管理节点也写成 400 Gb/s，与本条原文的「four 200 Gb/s ports」不一致，两说并存。","{""id"":""src.nvidia-nvl72-ra"",""url"":""https://docs.nvidia.com/enterprise-reference-architectures/nvl72-ai-factory/latest/networking-physical-topologies.html"",""localFile"":null,""locator"":""Networking Physical Topologies 节 CPU Converged (Node North/South) Network，「Each compute tray connects to two separate switches using dual 400 Gb/s ports, while each management connects to the same switches with four 200 Gb/s ports.」""}","2026-09-12","2026-08","已按所列官方位置核验并采纳；限定条件随值展示。"
"con.gb300.converged-storage:bandwidth","40","40","reviewed","retained","[""sys.gb300-nvl72""]","con.gb300.converged-storage","GB/s","con.gb300.converged-storage / bandwidth；适用范围见限定条件与来源位置","not specified / not applicable","not applicable / unspecified","not applicable / unspecified","这是每计算节点的存储带宽上限。","{""id"":""src.nvidia-nvl72-ra"",""url"":""https://docs.nvidia.com/enterprise-reference-architectures/nvl72-ai-factory/latest/networking-physical-topologies.html"",""localFile"":null,""locator"":""Networking Physical Topologies，「per-node storage bandwidth of up to 40 GB/s」""}","2026-09-12","2026-08","已按所列官方位置核验并采纳；限定条件随值展示。"
"con.gb300.mgmt-node-converged:bandwidth","200","200","reviewed","retained","[""sys.gb300-nvl72""]","con.gb300.mgmt-node-converged","Gb/s","con.gb300.mgmt-node-converged / bandwidth；适用范围见限定条件与来源位置","not specified / not applicable","not applicable / unspecified","not applicable / unspecified","管理节点单端口 200 Gb/s，共 4 口。","{""id"":""src.nvidia-nvl72-ra"",""url"":""https://docs.nvidia.com/enterprise-reference-architectures/nvl72-ai-factory/latest/components.html"",""localFile"":null,""locator"":""Table 2: Management Node Components，Storage/in-band Network Adapter，「4x ConnectX-7 200G single-port」""}","2026-09-12","2026-08","已按所列官方位置核验并采纳；限定条件随值展示。"
"con.gb300.tray-bmc-mgmt:bandwidth","1","1","reviewed","retained","[""sys.gb300-nvl72""]","con.gb300.tray-bmc-mgmt","Gb/s","con.gb300.tray-bmc-mgmt / bandwidth；适用范围见限定条件与来源位置","not specified / not applicable","not applicable / unspecified","not applicable / unspecified","★ 官方**是**公布了托盘侧带外口的（此前本项目误记为「未单独公布」）：每托盘 3 条 1 Gb/s，全机架 18 × 3 = 54 条。（管理节点侧另有 Table 2「Management Network | 2 x 1 Gb/s In-band port」，是另一类节点的口径，别混用。）","{""id"":""src.nvidia-nvl72-ra"",""url"":""https://docs.nvidia.com/enterprise-reference-architectures/nvl72-ai-factory/latest/network-logical-architecture.html"",""localFile"":null,""locator"":""Network Logical Architecture 节 Enterprise RA Scalable Unit (SU)，「For the Out-of-band Management fabric, 18 trays, each with 3x 1Gb/s connections providing 54 x 1Gb/s for management」""}","2026-09-12","2026-08","已按所列官方位置核验并采纳；限定条件随值展示。"
"con.gb300.bf3-oob:bandwidth","1","1","reviewed","retained","[""sys.gb300-nvl72""]","con.gb300.bf3-oob","Gb/s","con.gb300.bf3-oob / bandwidth；适用范围见限定条件与来源位置","not specified / not applicable","not applicable / unspecified","not applicable / unspecified","","{""id"":""src.nvidia-nvl72-ra"",""url"":""https://docs.nvidia.com/enterprise-reference-architectures/nvl72-ai-factory/latest/components.html"",""localFile"":null,""locator"":""Converged (Node North/South) Ethernet Networking，「a 1Gb/s out-of-band management port that connects to the data center and management network」""}","2026-09-12","2026-08","已按所列官方位置核验并采纳；限定条件随值展示。"
"con.gb300.power-shelf-busbar:bandwidth","33","33","reviewed","retained","[""sys.gb300-nvl72""]","con.gb300.power-shelf-busbar","kW","con.gb300.power-shelf-busbar / bandwidth；适用范围见限定条件与来源位置","not specified / not applicable","not applicable / unspecified","not applicable / unspecified","单个电源架输出能力；8 架合计 264 kW，服务最高 142 kW 的机架负载。","{""id"":""src.nvidia-nvl72-ra"",""url"":""https://docs.nvidia.com/enterprise-reference-architectures/nvl72-ai-factory/latest/components.html"",""localFile"":null,""locator"":""System Hardware & Components，「8 power shelves of 33 kW, with each shelf having six 5.5 kW PSUs」""}","2026-09-12","2026-08","已按所列官方位置核验并采纳；限定条件随值展示。"
"con.rubin.gpu-nvswitch:bandwidth","3600","3000","reviewed","corrected","[""sys.vera-rubin-nvl72""]","con.rubin.gpu-nvswitch","GB/s","con.rubin.gpu-nvswitch / bandwidth；适用范围见限定条件与来源位置","bidirectional aggregate","not applicable / unspecified","not applicable / unspecified","单 GPU 双向合计。 Preliminary information; up to，规格随配置而变。","{""id"":""src.nvidia-vera-rubin-page"",""url"":""https://www.nvidia.com/en-us/data-center/vera-rubin-nvl72/"",""localFile"":null,""locator"":""GPU Specifications / NVLink""}","2026-09-12","2026-09","已按所列官方位置核验并采纳；限定条件随值展示。"
"con.rubin.tray-midplane:bandwidth","14.4","12","reviewed","corrected","[""sys.vera-rubin-nvl72""]","con.rubin.tray-midplane","TB/s","con.rubin.tray-midplane / bandwidth；适用范围见限定条件与来源位置","bidirectional aggregate","not applicable / unspecified","not applicable / unspecified","按四个 GPU 端点的双向合计相加；非一根物理链路。 Preliminary information; up to，规格随配置而变。","{""id"":""src.nvidia-vera-rubin-page"",""url"":""https://www.nvidia.com/en-us/data-center/vera-rubin-nvl72/"",""localFile"":null,""locator"":""NVL72 Specs / 3 TB/s per GPU × 4 GPUs per tray""}","2026-09-12","2026-09","已按所列官方位置核验并采纳；限定条件随值展示。"
"con.rubin.vera-gpu-c2c:bandwidth","1800","1800","non-spec","retained","[""sys.vera-rubin-nvl72""]","con.rubin.vera-gpu-c2c","GB/s","con.rubin.vera-gpu-c2c / bandwidth；适用范围见限定条件与来源位置","not specified / not applicable","not applicable / unspecified","not applicable / unspecified","★ 这条边的带宽是**每超级芯片**（1 Vera + 2 Rubin）口径，不是每张 GPU：36 × 1.8 = 64.8 ≈ 官方整机架 65 TB/s。产品页规格表的 Rubin GPU 列在这一行是「-」——官方刻意不给单卡 C2C 数字。⚠️ GPU 架构博客另有一句出现在 Rubin GPU 语境里的「NVLink-C2C delivers 1,800 GB/s for coherent CPU-GPU communication」，官方没说明是否为单卡口径，两说并存见 cmp.rubin.rubin-gpu.specs.c2cBandwidthGBs。
⚠️ 官方规格表脚注 1：「Preliminary information. All values are up to and subject to change.」（预发布口径，不是量产验收值）","{""id"":""src.nvidia-vera-rubin-page"",""url"":""https://www.nvidia.com/en-us/data-center/vera-rubin-nvl72/"",""localFile"":null,""locator"":""规格表 NVLink-C2C Bandwidth 行，Vera Rubin Superchip 列「1.8 TB/s」（同行 NVL72 列「65 TB/s」、Rubin GPU 列「-」）""}","2026-09-12","2026-08","保留厂商宣称、第三方推测或教学观点及证据标签，不作为官方硬件数学输入。"
"con.rubin.gpu-cx9:bandwidth","1.6","1.6","scope-conflict","retained","[""sys.vera-rubin-nvl72""]","con.rubin.gpu-cx9","Tb/s","con.rubin.gpu-cx9 / bandwidth；适用范围见限定条件与来源位置","unidirectional","not applicable / unspecified","not applicable / unspecified","DGX 已列网口配置折合 1.6 Tb/s/ GPU 单向；当前 NVL72 网页 MaxLPS 的 0.45 TB/s/GPU 双向是另一组系统规格。实际网卡板数与端口映射仍需确认。Preliminary information，所有值以配置为准。","{""id"":""src.nvidia-dgx-rubin-page"",""url"":""https://www.nvidia.com/en-us/data-center/dgx-vera-rubin-nvl72/"",""localFile"":null,""locator"":""DGX specifications / 144 × 800 Gb/s ports ÷ 72 GPUs""}","2026-09-12","2026-08","原始资料存在配置、数量或范围差异；保留出处供对照，不作为已确认的统一配置。 DGX 已列网口配置折合 1.6 Tb/s/ GPU 单向；当前 NVL72 网页 MaxLPS 的 0.45 TB/s/GPU 双向是另一组系统规格。实际网卡板数与端口映射仍需确认。Preliminary information，所有值以配置为准。"
"con.rubin.cx9-leaf:bandwidth","800","800","reviewed","retained","[""sys.vera-rubin-nvl72""]","con.rubin.cx9-leaf","Gb/s","con.rubin.cx9-leaf / bandwidth；适用范围见限定条件与来源位置","not specified / not applicable","not applicable / unspecified","not applicable / unspecified","⚠️ 官方规格表脚注 1：「Preliminary information. All values are up to and subject to change.」（预发布口径，不是量产验收值）","{""id"":""src.nvidia-dgx-rubin-page"",""url"":""https://www.nvidia.com/en-us/data-center/dgx-vera-rubin-nvl72/"",""localFile"":null,""locator"":""DGX 规格表 Networking 行，「144x OSFP single-port NVIDIA ConnectX-9 VPI with 800 Gb/s」""}","2026-09-12","2026-08","已按所列官方位置核验并采纳；限定条件随值展示。"
"con.rubin.bf4-converged:bandwidth","400","400","reviewed","retained","[""sys.vera-rubin-nvl72""]","con.rubin.bf4-converged","Gb/s","con.rubin.bf4-converged / bandwidth；适用范围见限定条件与来源位置","not specified / not applicable","not applicable / unspecified","not applicable / unspecified","双口各 400 Gb/s，DPU 整体最高 800 Gb/s。
⚠️ 官方规格表脚注 1：「Preliminary information. All values are up to and subject to change.」（预发布口径，不是量产验收值）","{""id"":""src.nvidia-dgx-rubin-page"",""url"":""https://www.nvidia.com/en-us/data-center/dgx-vera-rubin-nvl72/"",""localFile"":null,""locator"":""DGX 规格表 Networking 行，「18x dual-port NVIDIA BlueField-4 VPI with 400 Gb/s」""}","2026-09-12","2026-08","已按所列官方位置核验并采纳；限定条件随值展示。"
"con.ru.gpu-nvswitch:bandwidth","1800","1800","non-spec","retained","[""sys.rubin-ultra-nvl576""]","con.ru.gpu-nvswitch","GB/s","con.ru.gpu-nvswitch / bandwidth；适用范围见限定条件与来源位置","unidirectional","not applicable / unspecified","not applicable / unspecified","单向口径。","{""id"":""src.semianalysis-nvl576"",""url"":null,""localFile"":""sources/Rubin Ultra NVL576 架构：快速概览.pdf"",""locator"":""p.3 表②，Bandwidth per Logical GPU (GB/s uni-di) = 1,800""}","2026-09-12","2026-08","保留厂商宣称、第三方推测或教学观点及证据标签，不作为官方硬件数学输入。"
"con.ru.power-shelf-busbar:bandwidth","110","110","non-spec","retained","[""sys.rubin-ultra-nvl576""]","con.ru.power-shelf-busbar","kW","con.ru.power-shelf-busbar / bandwidth；适用范围见限定条件与来源位置","not specified / not applicable","not applicable / unspecified","not applicable / unspecified","","{""id"":""src.semianalysis-nvl576"",""url"":null,""localFile"":""sources/Rubin Ultra NVL576 架构：快速概览.pdf"",""locator"":""p.4 立面图，「3U Power Shelf 110kW (6*18.3kW)」""}","2026-09-12","2026-08","保留厂商宣称、第三方推测或教学观点及证据标签，不作为官方硬件数学输入。"
"con.ru.tray-mgmt:bandwidth","1","1","non-spec","retained","[""sys.rubin-ultra-nvl576""]","con.ru.tray-mgmt","Gb/s","con.ru.tray-mgmt / bandwidth；适用范围见限定条件与来源位置","not specified / not applicable","not applicable / unspecified","not applicable / unspecified","","{""id"":""src.semianalysis-nvl576"",""url"":null,""localFile"":""sources/Rubin Ultra NVL576 架构：快速概览.pdf"",""locator"":""p.4 立面图，「OOB 1Gbe MGMT Switch 01/02 - SN2201_M DC」""}","2026-09-12","2026-08","保留厂商宣称、第三方推测或教学观点及证据标签，不作为官方硬件数学输入。"
"con.lpx.lpu-lpu-c2c:bandwidth","2.5","2.5","non-spec","retained","[""sys.groq3-lpx""]","con.lpx.lpu-lpu-c2c","TB/s","con.lpx.lpu-lpu-c2c / bandwidth；适用范围见限定条件与来源位置","bidirectional aggregate","not applicable / unspecified","not applicable / unspecified","","{""id"":""src.nvidia-lpx-blog"",""url"":""https://developer.nvidia.com/blog/inside-nvidia-groq-3-lpx-the-low-latency-inference-accelerator-for-the-nvidia-vera-rubin-platform/"",""localFile"":null,""locator"":""C2C scaling with predictable communication 节，「Each LPU connects through 96 C2C links running at 112 Gbps each, enabling a streamlined LPX scale-up topology with high aggregate I/O bi-directional bandwidth of 2.5 TB/s」""}","2026-09-12","2026-03","保留厂商宣称、第三方推测或教学观点及证据标签，不作为官方硬件数学输入。"
"con.lpx.fabric-spine:bandwidth","20","20","non-spec","retained","[""sys.groq3-lpx""]","con.lpx.fabric-spine","TB/s","con.lpx.fabric-spine / bandwidth；适用范围见限定条件与来源位置","not specified / not applicable","not applicable / unspecified","not applicable / unspecified","","{""id"":""src.nvidia-lpx-blog"",""url"":""https://developer.nvidia.com/blog/inside-nvidia-groq-3-lpx-the-low-latency-inference-accelerator-for-the-nvidia-vera-rubin-platform/"",""localFile"":null,""locator"":""表 2「Scale-up bandwidth | 20 TB/s」（每托盘口径）""}","2026-09-12","2026-03","保留厂商宣称、第三方推测或教学观点及证据标签，不作为官方硬件数学输入。"
"con.lpx.tray-spine:bandwidth","640","640","non-spec","retained","[""sys.groq3-lpx""]","con.lpx.tray-spine","TB/s","con.lpx.tray-spine / bandwidth；适用范围见限定条件与来源位置","not specified / not applicable","not applicable / unspecified","not applicable / unspecified","","{""id"":""src.nvidia-lpx-blog"",""url"":""https://developer.nvidia.com/blog/inside-nvidia-groq-3-lpx-the-low-latency-inference-accelerator-for-the-nvidia-vera-rubin-platform/"",""localFile"":null,""locator"":""表 1「Scale-up bandwidth | 640 TB/s」（机架级口径）""}","2026-09-12","2026-03","保留厂商宣称、第三方推测或教学观点及证据标签，不作为官方硬件数学输入。"
"con.hgx.gpu-nvswitch:bandwidth","1800","1800","reviewed","retained","[""sys.hgx-b300""]","con.hgx.gpu-nvswitch","GB/s","con.hgx.gpu-nvswitch / bandwidth；适用范围见限定条件与来源位置","not specified / not applicable","not applicable / unspecified","not applicable / unspecified","","{""id"":""src.nvidia-hgx-ra"",""url"":""https://docs.nvidia.com/enterprise-reference-architectures/hgx-ai-factory/latest/components.html"",""localFile"":null,""locator"":""Components 节 Table 2「NVIDIA® NVLink™ and NVSwitch™ | ... • GPU-to-GPU Bandwidth 1800GB/s」（数据手册第 3 页：「1,800 GBps NVLink between GPUs via NVSwitch™ chip」）""}","2026-09-12","2026-08","已按所列官方位置核验并采纳；限定条件随值展示。"
"con.hgx.nvswitch-baseboard:bandwidth","14.4","14.4","reviewed","retained","[""sys.hgx-b300""]","con.hgx.nvswitch-baseboard","TB/s","con.hgx.nvswitch-baseboard / bandwidth；适用范围见限定条件与来源位置","not specified / not applicable","not applicable / unspecified","not applicable / unspecified","","{""id"":""src.nvidia-hgx-ra"",""url"":""https://docs.nvidia.com/enterprise-reference-architectures/hgx-ai-factory/latest/components.html"",""localFile"":null,""locator"":""Components 节 Table 2「• Total Aggregate Bandwidth 14.4TB/s」（HGX 产品页「Total NVLink Bandwidth | 14.4 TB/s」）""}","2026-09-12","2026-08","已按所列官方位置核验并采纳；限定条件随值展示。"
"con.hgx.cx8-leaf:bandwidth","800","800","reviewed","retained","[""sys.hgx-b300""]","con.hgx.cx8-leaf","Gb/s","con.hgx.cx8-leaf / bandwidth；适用范围见限定条件与来源位置","not specified / not applicable","not applicable / unspecified","not applicable / unspecified","每 GPU 口径。双平面下两个 400 Gb/s 接口分别落到两张独立 fabric 的不同 leaf。","{""id"":""src.nvidia-hgx-ra"",""url"":""https://docs.nvidia.com/enterprise-reference-architectures/hgx-ai-factory/latest/networking-physical-topologies.html"",""localFile"":null,""locator"":""Components 节，「externally connected by a network interface of 800 Gb/s (2 x 400Gb/s Ethernet) per GPU」（Networking Physical Topologies 节 Dual Plane Topology：「dual plane topology involves breaking the interface to 2x400 Gb/s interfaces. Every such interface is then connected to a different leaf switch」）""}","2026-09-12","2026-08","已按所列官方位置核验并采纳；限定条件随值展示。"
"con.hgx.leaf-spine:bandwidth","400","400","reviewed","retained","[""sys.hgx-b300""]","con.hgx.leaf-spine","Gb/s","con.hgx.leaf-spine / bandwidth；适用范围见限定条件与来源位置","not specified / not applicable","not applicable / unspecified","not applicable / unspecified","每台 leaf 32 条 400G 上联 spine（32 节点设计点；64 节点 16 条、128 节点 8 条）。","{""id"":""src.nvidia-hgx-ra"",""url"":""https://docs.nvidia.com/enterprise-reference-architectures/hgx-ai-factory/latest/network-logical-architecture.html"",""localFile"":null,""locator"":""Networking Logical Architecture 节 Table 6，Nodes=32 行「Uplinks per leaf to spine @ 400G | 32」""}","2026-09-12","2026-08","已按所列官方位置核验并采纳；限定条件随值展示。"
"con.hgx.bf3-converged:bandwidth","400","400","reviewed","retained","[""sys.hgx-b300""]","con.hgx.bf3-converged","GbE","con.hgx.bf3-converged / bandwidth；适用范围见限定条件与来源位置","not specified / not applicable","not applicable / unspecified","not applicable / unspecified","每节点两个 400 GbE 口接到两台不同交换机（冗余），节点侧存储吞吐可达 40 GB/s。","{""id"":""src.nvidia-hgx-ra"",""url"":""https://docs.nvidia.com/enterprise-reference-architectures/hgx-ai-factory/latest/networking-physical-topologies.html"",""localFile"":null,""locator"":""Networking Physical Topologies 节 CPU Converged (Node North/South) Network，「Each compute and management node is connected with two 400 GbE ports to two separate switches to provide redundancy and high storage throughput that can reach up to 40 GB/s per node.」""}","2026-09-12","2026-08","已按所列官方位置核验并采纳；限定条件随值展示。"
"con.hgx.converged-control-plane:bandwidth","200","200","reviewed","retained","[""sys.hgx-b300""]","con.hgx.converged-control-plane","GbE","con.hgx.converged-control-plane / bandwidth；适用范围见限定条件与来源位置","unidirectional","not applicable / unspecified","not applicable / unspecified","⚠️ 与计算节点的双 400 GbE 不同，管理节点是双 200 GbE——但这一条官方两说：Networking Physical Topologies 节写「Each compute and management node is connected with two 400 GbE ports to two separate switches」，把管理节点也算成 400 GbE。本项目取 200 GbE，因为 Components 节 Table 3 的控制面节点配的是「NVIDIA BlueField-3 B3220 DPU with two 200G ports」，证据链更完整。两说并存、不做单向断言。","{""id"":""src.nvidia-hgx-ra"",""url"":""https://docs.nvidia.com/enterprise-reference-architectures/hgx-ai-factory/latest/network-logical-architecture.html"",""localFile"":null,""locator"":""Networking Logical Architecture 节 Spine-Leaf Networking，「Each compute node is connected with two 400 GbE ports and each management node is connected with two 200 GbE ports to two separate switches to provide redundancy and high storage throughput.」""}","2026-09-12","2026-08","已按所列官方位置核验并采纳；限定条件随值展示。"
"con.hgx.server-bmc-oob:bandwidth","1","1","reviewed","retained","[""sys.hgx-b300""]","con.hgx.server-bmc-oob","Gb/s","con.hgx.server-bmc-oob / bandwidth；适用范围见限定条件与来源位置","not specified / not applicable","not applicable / unspecified","not applicable / unspecified","每台服务器 6 个 1 Gb 带外口。","{""id"":""src.nvidia-hgx-ra"",""url"":""https://docs.nvidia.com/enterprise-reference-architectures/hgx-ai-factory/latest/network-logical-architecture.html"",""localFile"":null,""locator"":""Networking Logical Architecture 节 4-Node SU，「For the Out-of-band Management fabric, 4 servers, each with 6x 1Gb/s connections providing 24x 1Gb/s for management」（Out-of-Band (OOB) Management Network 节：「The NVIDIA SN2201 switch is used to connect to the BMC/OOB 1 Gbps ports of these components.」）""}","2026-09-12","2026-08","已按所列官方位置核验并采纳；限定条件随值展示。"
"tech.nixl:figures.0.claim","targeted for accelerating point to point communications in AI inference frameworks such as NVIDIA Dynamo, while providing an abstraction over various types of memory (e.g., CPU and GPU) and storage (e.g., file, block and object store) through a modular plug-in architecture","targeted for accelerating point to point communications in AI inference frameworks such as NVIDIA Dynamo, while providing an abstraction over various types of memory (e.g., CPU and GPU) and storage (e.g., file, block and object store) through a modular plug-in architecture","reviewed","retained","[]","tech.nixl","null","tech.nixl / claim；适用范围见限定条件与来源位置","not specified / not applicable","not applicable / unspecified","not applicable / unspecified","能力描述；README 无任何硬性能数字，本项目因此不为 NIXL 建任何数值 Claim。","{""id"":""src.nvidia-nixl-repo"",""url"":""https://github.com/ai-dynamo/nixl"",""localFile"":null,""locator"":""README 首段""}","2026-09-12","2026-09","已按所列官方位置核验并采纳；限定条件随值展示。"
"tech.nixl:figures.1.claim","UCX、GDS、POSIX、OBJ（对象存储）、AZURE_BLOB、HF3FS、MOONCAKE、GUSLI、UCCL、GPUNETIO、LIBFABRIC、NVSHMEM","UCX、GDS、POSIX、OBJ（对象存储）、AZURE_BLOB、HF3FS、MOONCAKE、GUSLI、UCCL、GPUNETIO、LIBFABRIC、NVSHMEM","reviewed","retained","[]","tech.nixl","null","tech.nixl / claim；适用范围见限定条件与来源位置","not specified / not applicable","not applicable / unspecified","not applicable / unspecified","插件化后端即「同一接口、介质可换」的证据：网络（UCX/RDMA）与存储（GDS/对象）在同一抽象下。","{""id"":""src.nvidia-nixl-repo"",""url"":""https://github.com/ai-dynamo/nixl"",""localFile"":null,""locator"":""README 插件列表""}","2026-09-12","2026-09","已按所列官方位置核验并采纳；限定条件随值展示。"
"tech.kvbm:figures.0.claim","a scalable runtime component designed to handle memory allocation, management, and remote sharing of Key-Value (KV) blocks for inference tasks across heterogeneous and distributed environments","a scalable runtime component designed to handle memory allocation, management, and remote sharing of Key-Value (KV) blocks for inference tasks across heterogeneous and distributed environments","reviewed","retained","[]","tech.kvbm","null","tech.kvbm / claim；适用范围见限定条件与来源位置","not specified / not applicable","not applicable / unspecified","not applicable / unspecified","","{""id"":""src.nvidia-dynamo-docs"",""url"":""https://docs.nvidia.com/dynamo/latest/"",""localFile"":null,""locator"":""docs.nvidia.com/dynamo/v-0-8-1/components/kvbm/overview（latest 路径已改版，见源 note）""}","2026-09-12","2026-09","已按所列官方位置核验并采纳；限定条件随值展示。"
"tech.kvbm:figures.1.claim","GPU memory (in future), pinned host memory, remote RDMA-accessible memory, local or distributed pool of SSDs and remote file/object/cloud storage systems","GPU memory (in future), pinned host memory, remote RDMA-accessible memory, local or distributed pool of SSDs and remote file/object/cloud storage systems","reviewed","retained","[]","tech.kvbm","null","tech.kvbm / claim；适用范围见限定条件与来源位置","not specified / not applicable","not applicable / unspecified","not applicable / unspecified","「显存不够、层级来凑」的官方层级清单；各层带宽官方未给统一数字，本项目不编。","{""id"":""src.nvidia-dynamo-docs"",""url"":""https://docs.nvidia.com/dynamo/latest/"",""localFile"":null,""locator"":""docs.nvidia.com/dynamo/v-0-8-1/components/kvbm/overview""}","2026-09-12","2026-09","已按所列官方位置核验并采纳；限定条件随值展示。"
"tech.model-streamer:figures.0.claim","4.88","4.88","non-spec","retained","[]","tech.model-streamer","秒","tech.model-streamer / claim；适用范围见限定条件与来源位置","not specified / not applicable","not applicable / unspecified","not applicable / unspecified","厂商自测 benchmark。对照：Tensorizer 同实验最优 37.36 秒（16 workers）。","{""id"":""src.runai-model-streamer"",""url"":""https://github.com/run-ai/runai-model-streamer/blob/master/docs/src/benchmarks.md"",""localFile"":null,""locator"":""benchmarks.md Experiment #3（Amazon S3，同区）：Meta-Llama-3-8B（15 GB Safetensors）× AWS g5.12xlarge（A10G）× vLLM 0.5.5，Model Streamer concurrency 32""}","2026-09-12","2026-09","保留厂商宣称、第三方推测或教学观点及证据标签，不作为官方硬件数学输入。"
"tech.model-streamer:figures.1.claim","37.36","37.36","non-spec","retained","[]","tech.model-streamer","秒","tech.model-streamer / claim；适用范围见限定条件与来源位置","not specified / not applicable","not applicable / unspecified","not applicable / unspecified","⚠️ 37.36s 是 **Tensorizer** 的成绩，不是 Safetensors Loader——后者不支持 S3，未参与该实验（v1.6 实访逐字核对订正）。","{""id"":""src.runai-model-streamer"",""url"":""https://github.com/run-ai/runai-model-streamer/blob/master/docs/src/benchmarks.md"",""localFile"":null,""locator"":""benchmarks.md Experiment #3（Amazon S3）：Tensorizer 2.9.0 最优 16 workers，模型/实例配置同上""}","2026-09-12","2026-09","保留厂商宣称、第三方推测或教学观点及证据标签，不作为官方硬件数学输入。"
"tech.model-streamer:figures.2.claim","47.99","47.99","non-spec","retained","[]","tech.model-streamer","秒","tech.model-streamer / claim；适用范围见限定条件与来源位置","not specified / not applicable","not applicable / unspecified","not applicable / unspecified","同一块盘、同一个模型：单线程顺序读 vs 并发流式读的差距，与存储介质无关。","{""id"":""src.runai-model-streamer"",""url"":""https://github.com/run-ai/runai-model-streamer/blob/master/docs/src/benchmarks.md"",""localFile"":null,""locator"":""benchmarks.md Experiment #1（GP3 SSD，1,000 MiB/s 上限）：Safetensors Loader 47.99s vs Model Streamer 14.34s（concurrency 16）""}","2026-09-12","2026-09","保留厂商宣称、第三方推测或教学观点及证据标签，不作为官方硬件数学输入。"
"tech.gds:figures.0.claim","GPUDirect Storage (GDS) enables a direct data path for direct memory access (DMA) transfers between GPU memory and storage, which avoids a bounce buffer through the CPU","GPUDirect Storage (GDS) enables a direct data path for direct memory access (DMA) transfers between GPU memory and storage, which avoids a bounce buffer through the CPU","reviewed","retained","[]","tech.gds","null","tech.gds / claim；适用范围见限定条件与来源位置","not specified / not applicable","not applicable / unspecified","not applicable / unspecified","","{""id"":""src.nvidia-gds-docs"",""url"":""https://docs.nvidia.com/gpudirect-storage/overview-guide/index.html"",""localFile"":null,""locator"":""Overview Guide v1.18 首节""}","2026-09-12","2026-09","已按所列官方位置核验并采纳；限定条件随值展示。"
"tech.gds:figures.1.claim","2","2","non-spec","retained","[]","tech.gds","倍（≥）","tech.gds / claim；适用范围见限定条件与来源位置","not specified / not applicable","not applicable / unspecified","not applicable / unspecified","⚠️ 官方原句带限定：仅指经 PCIe switch（或充当 PCIe switch 的网卡）的**部分系统**，且比较对象是经 CPU 的路径峰值带宽——不是任意平台的普适倍数。另有定性结论「latency improvements are most apparent with small transfers」。","{""id"":""src.nvidia-gds-docs"",""url"":""https://docs.nvidia.com/gpudirect-storage/overview-guide/index.html"",""localFile"":null,""locator"":""Overview Guide：「a direct path … through a PCIe switch or a NIC acting as a PCIe switch offers at least twice the peak bandwidth as compared to taking a data path through the CPU」""}","2026-09-12","2026-09","保留厂商宣称、第三方推测或教学观点及证据标签，不作为官方硬件数学输入。"
"tech.sharp:figures.0.claim","improves the performance of MPI and Machine Learning collective operation, by offloading collective operations from CPUs and GPUs to the network and eliminating the need to send data multiple times between endpoints","improves the performance of MPI and Machine Learning collective operation, by offloading collective operations from CPUs and GPUs to the network and eliminating the need to send data multiple times between endpoints","reviewed","retained","[]","tech.sharp","null","tech.sharp / claim；适用范围见限定条件与来源位置","not specified / not applicable","not applicable / unspecified","not applicable / unspecified","SHARP 文档本身无硬数字；NVLink 6 代的 14.4 TFLOPS FP8 见切面章节引用的 Rubin 芯片博客。","{""id"":""src.nvidia-sharp-docs"",""url"":""https://networking-docs.nvidia.com/sharpum/300"",""localFile"":null,""locator"":""SHARP 文档 Rev 3.0.0 概述""}","2026-09-12","2026-09","已按所列官方位置核验并采纳；限定条件随值展示。"
"tech.pd-disagg:figures.0.claim","Separates prefill and decode into independently scalable GPU pools","Separates prefill and decode into independently scalable GPU pools","reviewed","retained","[]","tech.pd-disagg","null","tech.pd-disagg / claim；适用范围见限定条件与来源位置","not specified / not applicable","not applicable / unspecified","not applicable / unspecified","README/营销页上另有各类吞吐倍数，本项目 2026-09 实访未逐字核到稳定口径，按纪律不建数值 Claim。","{""id"":""src.nvidia-dynamo-docs"",""url"":""https://docs.nvidia.com/dynamo/latest/"",""localFile"":null,""locator"":""github.com/ai-dynamo/dynamo README（disaggregated serving 一节）""}","2026-09-12","2026-09","已按所列官方位置核验并采纳；限定条件随值展示。"
"tech.ep-alltoall:figures.0.claim","130","130","reviewed","retained","[]","tech.ep-alltoall","TB/s","tech.ep-alltoall / claim；适用范围见限定条件与来源位置","unidirectional","not applicable / unspecified","not applicable / unspecified","双向口径（与内容包 sys.gb300-nvl72 keySpecs 同源同值）。每卡 1.8 TB/s 亦为双向——与单向口径的网卡数字并排比较时必须先统一口径（LEARNING.md v1.5 订正纪律）。","{""id"":""src.nvidia-gb300-page"",""url"":""https://www.nvidia.com/en-us/data-center/gb300-nvl72/"",""localFile"":null,""locator"":""GB300 NVL72 产品页规格表（NVLink 带宽行）""}","2026-09-12","2026-09","已按所列官方位置核验并采纳；限定条件随值展示。"
"tech.rail-routing:figures.0.claim","每 GPU 800 Gb/s 拆成 2×400 Gb/s，分别接入两个独立平面的不同 leaf（rail-optimized）","每 GPU 800 Gb/s 拆成 2×400 Gb/s，分别接入两个独立平面的不同 leaf（rail-optimized）","reviewed","retained","[]","tech.rail-routing","null","tech.rail-routing / claim；适用范围见限定条件与来源位置","not specified / not applicable","not applicable / unspecified","not applicable / unspecified","双平面负载均衡由谁做，RA 同页两说并存（NCCL 主机侧 vs ConnectX-8 硬件侧），见 src.nvidia-nvl72-ra 的源 note ④，引用时如实并存。","{""id"":""src.nvidia-nvl72-ra"",""url"":""https://docs.nvidia.com/enterprise-reference-architectures/nvl72-ai-factory/latest/networking-physical-topologies.html"",""localFile"":null,""locator"":""Networking Physical Topologies，Multi-Plane / Dual Plane Topology 两节""}","2026-09-12","2026-09","已按所列官方位置核验并采纳；限定条件随值展示。"
"tech.adaptive-routing:figures.0.claim","Adaptive routing is a feature where the Spectrum-X Ethernet switch and SuperNIC work in tight coordination to dynamically route traffic, enabling the highest effective bandwidth and network resiliency for AI fabrics","Adaptive routing is a feature where the Spectrum-X Ethernet switch and SuperNIC work in tight coordination to dynamically route traffic, enabling the highest effective bandwidth and network resiliency for AI fabrics","reviewed","retained","[]","tech.adaptive-routing","null","tech.adaptive-routing / claim；适用范围见限定条件与来源位置","not specified / not applicable","not applicable / unspecified","not applicable / unspecified","","{""id"":""src.nvidia-spectrumx-docs"",""url"":""https://www.nvidia.com/en-us/networking/spectrumx/"",""localFile"":null,""locator"":""Spectrum-X 产品页 Adaptive Routing 一节""}","2026-09-12","2026-09","已按所列官方位置核验并采纳；限定条件随值展示。"
"tech.adaptive-routing:figures.1.claim","1.6","1.6","non-spec","retained","[]","tech.adaptive-routing","倍","tech.adaptive-routing / claim；适用范围见限定条件与来源位置","not specified / not applicable","not applicable / unspecified","not applicable / unspecified","⚠️ 对比对象是 off-the-shelf 以太网整体方案，不是单指 adaptive routing 一个特性的收益。","{""id"":""src.nvidia-spectrumx-docs"",""url"":""https://www.nvidia.com/en-us/networking/spectrumx/"",""localFile"":null,""locator"":""Spectrum-X 产品页：「Accelerate AI network performance by 1.6x over off-the-shelf (OTS) Ethernet」""}","2026-09-12","2026-09","保留厂商宣称、第三方推测或教学观点及证据标签，不作为官方硬件数学输入。"
"lens.network.nvlink-domain:chapters.0.keyFigures.0.claim","1.8","1.8","reviewed","retained","[]","lens.network.nvlink-domain","TB/s","lens.network.nvlink-domain / claim；适用范围见限定条件与来源位置","bidirectional aggregate","not applicable / unspecified","not applicable / unspecified","⚠️ **双向口径**。与单向口径的网卡数字（如 800 Gb/s）并排比较前必须先统一口径（LEARNING.md v1.5 订正纪律：18× 那笔账就是这么算错的）。","{""id"":""src.nvidia-blackwell-ultra-blog"",""url"":""https://developer.nvidia.com/blog/inside-nvidia-blackwell-ultra-the-chip-powering-the-ai-factory-era/"",""localFile"":null,""locator"":""「NVLink 5「1.8 TB/s bidirectional (18 links x 100 GB/s)」」""}","2026-09-12","2026-09","已按所列官方位置核验并采纳；限定条件随值展示。"
"lens.network.nvlink-domain:chapters.0.keyFigures.1.claim","130","130","reviewed","retained","[]","lens.network.nvlink-domain","TB/s","lens.network.nvlink-domain / claim；适用范围见限定条件与来源位置","not specified / not applicable","not applicable / unspecified","not applicable / unspecified","双向口径，与 sys.gb300-nvl72 keySpecs 同源同值。","{""id"":""src.nvidia-gb300-page"",""url"":""https://www.nvidia.com/en-us/data-center/gb300-nvl72/"",""localFile"":null,""locator"":""GB300 NVL72 产品页规格表（NVLink 带宽行）""}","2026-09-12","2026-09","已按所列官方位置核验并采纳；限定条件随值展示。"
"lens.network.rail-planes:chapters.1.keyFigures.0.claim","800","800","reviewed","retained","[]","lens.network.rail-planes","Gb/s","lens.network.rail-planes / claim；适用范围见限定条件与来源位置","unidirectional","not applicable / unspecified","not applicable / unspecified","⚠️ 端口速率（单向口径惯例），与 NVLink 的双向 TB/s 数字不可直接并排相除。","{""id"":""src.nvidia-nvl72-ra"",""url"":""https://docs.nvidia.com/enterprise-reference-architectures/nvl72-ai-factory/latest/overview.html"",""localFile"":null,""locator"":""Overview 首句 2-4-5-800 口径（每 GPU 800 Gb/s）""}","2026-09-12","2026-09","已按所列官方位置核验并采纳；限定条件随值展示。"
"lens.network.rail-planes:chapters.1.keyFigures.1.claim","2×400 Gb/s 接入两个独立平面的不同 Leaf（rail-optimized）","2×400 Gb/s 接入两个独立平面的不同 Leaf（rail-optimized）","reviewed","retained","[]","lens.network.rail-planes","null","lens.network.rail-planes / claim；适用范围见限定条件与来源位置","not specified / not applicable","not applicable / unspecified","not applicable / unspecified","双平面负载均衡由谁做官方两说并存（NCCL 主机侧 vs ConnectX-8 硬件侧），见源 note。","{""id"":""src.nvidia-nvl72-ra"",""url"":""https://docs.nvidia.com/enterprise-reference-architectures/nvl72-ai-factory/latest/networking-physical-topologies.html"",""localFile"":null,""locator"":""Networking Physical Topologies，Multi-Plane / Dual Plane Topology 两节""}","2026-09-12","2026-09","已按所列官方位置核验并采纳；限定条件随值展示。"
"lens.network.rail-planes:chapters.1.keyFigures.2.claim","1.6","1.6","non-spec","retained","[]","lens.network.rail-planes","倍","lens.network.rail-planes / claim；适用范围见限定条件与来源位置","not specified / not applicable","not applicable / unspecified","not applicable / unspecified","对比对象是现成以太网整体方案；adaptive routing 单项收益官方未拆分出数。","{""id"":""src.nvidia-spectrumx-docs"",""url"":""https://www.nvidia.com/en-us/networking/spectrumx/"",""localFile"":null,""locator"":""「Accelerate AI network performance by 1.6x over off-the-shelf (OTS) Ethernet」""}","2026-09-12","2026-09","保留厂商宣称、第三方推测或教学观点及证据标签，不作为官方硬件数学输入。"
"lens.network.sharp-innetwork:chapters.2.keyFigures.0.claim","14.4","14.4","reviewed","retained","[]","lens.network.sharp-innetwork","TFLOPS","lens.network.sharp-innetwork / claim；适用范围见限定条件与来源位置","not specified / not applicable","not applicable / unspecified","not applicable / unspecified","与 cmp.rubin.nvswitch-tray.specs.sharpFp8Tflops 同源同值（content.test 有一致锁）。","{""id"":""src.nvidia-rubin-chips-blog"",""url"":""https://developer.nvidia.com/blog/inside-the-nvidia-rubin-platform-six-new-chips-one-ai-supercomputer/"",""localFile"":null,""locator"":""NVLink switch tray 图注，「14.4 TFLOPS of FP8 in-network compute enabled by NVLink 6 SHARP acceleration」""}","2026-09-12","2026-09","已按所列官方位置核验并采纳；限定条件随值展示。"
"lens.network.sharp-innetwork:chapters.2.keyFigures.1.claim","null","null","not-found","retained","[]","lens.network.sharp-innetwork","TFLOPS","lens.network.sharp-innetwork / claim；适用范围见限定条件与来源位置","not specified / not applicable","not applicable / unspecified","not applicable / unspecified","官方未公布 GB300 代（NVLink 5 交换托盘）的 SHARP 在网算力数字——「上一代有没有/有多少」不能从 NVLink 6 的 14.4 倒推，本项目不编数。","{""id"":""src.nvidia-gb300-page"",""url"":""https://www.nvidia.com/en-us/data-center/gb300-nvl72/"",""localFile"":null,""locator"":null}","2026-09-12","2026-09","截至 2026-09-12，所查官方资料仍未提供可采纳的适用值；不能据此断言从未公开。 官方未公布 GB300 代（NVLink 5 交换托盘）的 SHARP 在网算力数字——「上一代有没有/有多少」不能从 NVLink 6 的 14.4 倒推，本项目不编数。"
"lens.network.storage-fabric:chapters.3.keyFigures.0.claim","40","40","reviewed","retained","[]","lens.network.storage-fabric","GB/s","lens.network.storage-fabric / claim；适用范围见限定条件与来源位置","not specified / not applicable","not applicable / unspecified","not applicable / unspecified","与 con.gb300.converged-storage.bandwidth 同源同值。up to 口径，不是承诺值。","{""id"":""src.nvidia-nvl72-ra"",""url"":""https://docs.nvidia.com/enterprise-reference-architectures/nvl72-ai-factory/latest/networking-physical-topologies.html"",""localFile"":null,""locator"":""Networking Physical Topologies，「per-node storage bandwidth of up to 40 GB/s」""}","2026-09-12","2026-09","已按所列官方位置核验并采纳；限定条件随值展示。"
"lens.network.storage-fabric:chapters.3.keyFigures.1.claim","双 400 Gb/s 端口，分别接入两台汇聚交换机","双 400 Gb/s 端口，分别接入两台汇聚交换机","reviewed","retained","[]","lens.network.storage-fabric","null","lens.network.storage-fabric / claim；适用范围见限定条件与来源位置","not specified / not applicable","not applicable / unspecified","not applicable / unspecified","","{""id"":""src.nvidia-nvl72-ra"",""url"":""https://docs.nvidia.com/enterprise-reference-architectures/nvl72-ai-factory/latest/networking-physical-topologies.html"",""localFile"":null,""locator"":""Networking Physical Topologies 节 CPU Converged (Node North/South) Network，「Each compute tray connects to two separate switches using dual 400 Gb/s ports」""}","2026-09-12","2026-09","已按所列官方位置核验并采纳；限定条件随值展示。"
"lens.network.storage-fabric:chapters.3.keyFigures.2.claim","官方点名的未来负载：分布式推理把 KV cache 卸载到高速网络存储，需要更高的每 GPU 突发 I/O 能力","官方点名的未来负载：分布式推理把 KV cache 卸载到高速网络存储，需要更高的每 GPU 突发 I/O 能力","reviewed","retained","[]","lens.network.storage-fabric","null","lens.network.storage-fabric / claim；适用范围见限定条件与来源位置","not specified / not applicable","not applicable / unspecified","not applicable / unspecified","与 cmp.hgx.local-nvme.specs.kvCacheOffloadNote 同源同句（content.test 有一致锁）。","{""id"":""src.nvidia-hgx-ra"",""url"":""https://docs.nvidia.com/enterprise-reference-architectures/hgx-ai-factory/latest/components.html"",""localFile"":null,""locator"":""Components 节 Converged (Node North/South) Ethernet Networking 的 Note，「For HGX B300 deployments, it can be helpful to consider future workloads such as distributed inference that may use KV cache offloads to highspeed, network attached storage. In these cases, having higher burst I/O capacity per GPU can be advantageous, even if the average bandwidth needs for typical training workloads are not very high.」""}","2026-09-12","2026-09","已按所列官方位置核验并采纳；限定条件随值展示。"
"lens.network.mgmt-mttr:chapters.4.keyFigures.0.claim","48","48","reviewed","retained","[]","lens.network.mgmt-mttr","端口","lens.network.mgmt-mttr / claim；适用范围见限定条件与来源位置","not specified / not applicable","not applicable / unspecified","not applicable / unspecified","与 cmp.shared.sn2201.specs.ports 同源同值。","{""id"":""src.nvidia-nvl72-ra"",""url"":""https://docs.nvidia.com/enterprise-reference-architectures/nvl72-ai-factory/latest/networking-hardware.html"",""localFile"":null,""locator"":""Networking Hardware，「NVIDIA SN2201 Switch … 48 ports」""}","2026-09-12","2026-09","已按所列官方位置核验并采纳；限定条件随值展示。"
"lens.network.mgmt-mttr:chapters.4.keyFigures.1.claim","1","1","reviewed","retained","[]","lens.network.mgmt-mttr","Gb/s","lens.network.mgmt-mttr / claim；适用范围见限定条件与来源位置","not specified / not applicable","not applicable / unspecified","not applicable / unspecified","与 con.gb300.tray-bmc-mgmt.bandwidth 同源同值（每托盘 3 个 1 Gb/s 带外口）。","{""id"":""src.nvidia-nvl72-ra"",""url"":""https://docs.nvidia.com/enterprise-reference-architectures/nvl72-ai-factory/latest/network-logical-architecture.html"",""localFile"":null,""locator"":""Network Logical Architecture 节 Enterprise RA Scalable Unit (SU)，「For the Out-of-band Management fabric, 18 trays, each with 3x 1Gb/s connections providing 54 x 1Gb/s for management」""}","2026-09-12","2026-09","已按所列官方位置核验并采纳；限定条件随值展示。"
"lens.network.mgmt-mttr:chapters.4.keyFigures.2.claim","null","null","deployment-dependent","retained","[]","lens.network.mgmt-mttr","分钟","lens.network.mgmt-mttr / claim；适用范围见限定条件与来源位置","not specified / not applicable","not applicable / unspecified","not applicable / unspecified","官方未公布任何 MTTR 目标或统计——修复时长取决于客户的备件、流程与人力，本项目不编数；讲解时用客户自己的运维基线做对比。","{""id"":""src.nvidia-nvl72-ra"",""url"":""https://docs.nvidia.com/enterprise-reference-architectures/nvl72-ai-factory/latest/components.html"",""localFile"":null,""locator"":null}","2026-09-12","2026-09","需要 OEM 型号、机房条件或部署拓扑才能确定；没有适用于所有系统的通用值。 官方未公布任何 MTTR 目标或统计——修复时长取决于客户的备件、流程与人力，本项目不编数；讲解时用客户自己的运维基线做对比。"
"lens.network.domain-size-hgx:chapters.5.keyFigures.0.claim","14.4","14.4","reviewed","retained","[]","lens.network.domain-size-hgx","TB/s","lens.network.domain-size-hgx / claim；适用范围见限定条件与来源位置","not specified / not applicable","not applicable / unspecified","not applicable / unspecified","⚠️ 双向聚合口径（8 卡合计）。","{""id"":""src.nvidia-hgx-page"",""url"":""https://www.nvidia.com/en-us/data-center/hgx/"",""localFile"":null,""locator"":""HGX 平台页规格表「Total NVLink Bandwidth 14.4 TB/s」""}","2026-09-12","2026-09","已按所列官方位置核验并采纳；限定条件随值展示。"
"lens.network.domain-size-hgx:chapters.5.keyFigures.1.claim","800","800","reviewed","retained","[]","lens.network.domain-size-hgx","Gb/s","lens.network.domain-size-hgx / claim；适用范围见限定条件与来源位置","unidirectional","not applicable / unspecified","not applicable / unspecified","⚠️ 端口速率（单向口径惯例）。与板内 14.4 TB/s 并排是为了看量级差，**两个口径不同，不可直接相除**（v1.5 订正纪律的代码化）。","{""id"":""src.nvidia-hgx-ra"",""url"":""https://docs.nvidia.com/enterprise-reference-architectures/hgx-ai-factory/latest/abstract.html"",""localFile"":null,""locator"":""Abstract，2-8-9-800 口径「9 NICs at 800 Gb/s bandwidth per GPU」""}","2026-09-12","2026-09","已按所列官方位置核验并采纳；限定条件随值展示。"
"lens.storage.model-distribution:chapters.0.keyFigures.0.claim","null","null","deployment-dependent","retained","[]","lens.storage.model-distribution","GB/s","lens.storage.model-distribution / claim；适用范围见限定条件与来源位置","not specified / not applicable","not applicable / unspecified","not applicable / unspecified","官方未公布：参考架构不涉及对象存储，吞吐取决于客户选型与集群规模——本项目不编数（对比：L2 共享存储有每节点 40 GB/s 的官方目标）。","{""id"":""src.nvidia-dynamo-docs"",""url"":""https://docs.nvidia.com/dynamo/latest/"",""localFile"":null,""locator"":null}","2026-09-12","2026-09","需要 OEM 型号、机房条件或部署拓扑才能确定；没有适用于所有系统的通用值。 官方未公布：参考架构不涉及对象存储，吞吐取决于客户选型与集群规模——本项目不编数（对比：L2 共享存储有每节点 40 GB/s 的官方目标）。"
"lens.storage.model-distribution:chapters.0.keyFigures.1.claim","4.88","4.88","non-spec","retained","[]","lens.storage.model-distribution","秒","lens.storage.model-distribution / claim；适用范围见限定条件与来源位置","not specified / not applicable","not applicable / unspecified","not applicable / unspecified","厂商自测 benchmark。对照组是 **Tensorizer 37.36 秒（16 workers）**——Safetensors 原生 loader 不支持 S3 直读，未参与该实验。","{""id"":""src.runai-model-streamer"",""url"":""https://github.com/run-ai/runai-model-streamer/blob/master/docs/src/benchmarks.md"",""localFile"":null,""locator"":""benchmarks.md Experiment #3（Amazon S3，同区）：Meta-Llama-3-8B（15 GB Safetensors）× AWS g5.12xlarge（A10G）× vLLM 0.5.5，concurrency 32""}","2026-09-12","2026-09","保留厂商宣称、第三方推测或教学观点及证据标签，不作为官方硬件数学输入。"
"lens.storage.cold-start:chapters.1.keyFigures.0.claim","40","40","reviewed","retained","[]","lens.storage.cold-start","GB/s","lens.storage.cold-start / claim；适用范围见限定条件与来源位置","not specified / not applicable","not applicable / unspecified","not applicable / unspecified","与 con.gb300.converged-storage.bandwidth 同源同值。up to 口径。","{""id"":""src.nvidia-nvl72-ra"",""url"":""https://docs.nvidia.com/enterprise-reference-architectures/nvl72-ai-factory/latest/networking-physical-topologies.html"",""localFile"":null,""locator"":""Networking Physical Topologies，「per-node storage bandwidth of up to 40 GB/s」""}","2026-09-12","2026-09","已按所列官方位置核验并采纳；限定条件随值展示。"
"lens.storage.cold-start:chapters.1.keyFigures.1.claim","4.88 秒（concurrency 32） vs 37.36 秒（Tensorizer，16 workers）","4.88 秒（concurrency 32） vs 37.36 秒（Tensorizer，16 workers）","non-spec","retained","[]","lens.storage.cold-start","null","lens.storage.cold-start / claim；适用范围见限定条件与来源位置","not specified / not applicable","not applicable / unspecified","not applicable / unspecified","⚠️ 对照对象是 Tensorizer，不是 Safetensors loader（后者不支持 S3）。","{""id"":""src.runai-model-streamer"",""url"":""https://github.com/run-ai/runai-model-streamer/blob/master/docs/src/benchmarks.md"",""localFile"":null,""locator"":""benchmarks.md Experiment #3（Amazon S3）：Meta-Llama-3-8B（15 GB）× g5.12xlarge × vLLM 0.5.5""}","2026-09-12","2026-09","保留厂商宣称、第三方推测或教学观点及证据标签，不作为官方硬件数学输入。"
"lens.storage.cold-start:chapters.1.keyFigures.2.claim","null","null","deployment-dependent","retained","[]","lens.storage.cold-start","GB/s","lens.storage.cold-start / claim；适用范围见限定条件与来源位置","not specified / not applicable","not applicable / unspecified","not applicable / unspecified","官方未公布：RA 只给了 E1.S 的数量与容量（且 components 正文写 4 块、appendix Table 10 写 8×4 TB，两说已在源 note 留痕），没有任何带宽数字。","{""id"":""src.nvidia-nvl72-ra"",""url"":""https://docs.nvidia.com/enterprise-reference-architectures/nvl72-ai-factory/latest/components.html"",""localFile"":null,""locator"":null}","2026-09-12","2026-09","需要 OEM 型号、机房条件或部署拓扑才能确定；没有适用于所有系统的通用值。 官方未公布：RA 只给了 E1.S 的数量与容量（且 components 正文写 4 块、appendix Table 10 写 8×4 TB，两说已在源 note 留痕），没有任何带宽数字。"
"lens.storage.kv-runtime:chapters.2.keyFigures.0.claim","官方点名的未来负载：分布式推理把 KV cache 卸载到高速网络存储，需要更高的每 GPU 突发 I/O 能力","官方点名的未来负载：分布式推理把 KV cache 卸载到高速网络存储，需要更高的每 GPU 突发 I/O 能力","reviewed","retained","[]","lens.storage.kv-runtime","null","lens.storage.kv-runtime / claim；适用范围见限定条件与来源位置","not specified / not applicable","not applicable / unspecified","not applicable / unspecified","与 cmp.hgx.local-nvme.specs.kvCacheOffloadNote 同源同句（content.test 有一致锁）。","{""id"":""src.nvidia-hgx-ra"",""url"":""https://docs.nvidia.com/enterprise-reference-architectures/hgx-ai-factory/latest/components.html"",""localFile"":null,""locator"":""Components 节 Converged (Node North/South) Ethernet Networking 的 Note，「For HGX B300 deployments, it can be helpful to consider future workloads such as distributed inference that may use KV cache offloads to highspeed, network attached storage. In these cases, having higher burst I/O capacity per GPU can be advantageous, even if the average bandwidth needs for typical training workloads are not very high.」""}","2026-09-12","2026-09","已按所列官方位置核验并采纳；限定条件随值展示。"
"lens.storage.kv-runtime:chapters.2.keyFigures.1.claim","+59% ~ +498%","+59% ~ +498%","non-spec","retained","[]","lens.storage.kv-runtime","null","lens.storage.kv-runtime / claim；适用范围见限定条件与来源位置","not specified / not applicable","not applicable / unspecified","not applicable / unspecified","厂商自述系统论文（Moonshot AI + 清华，FAST 25 Best Paper），非独立评测。⚠️ arXiv 版摘要写的是「up to 525%」——本项目登记 FAST 25 页，只引正式版数字。","{""id"":""src.mooncake-fast25"",""url"":""https://www.usenix.org/conference/fast25/presentation/qin"",""localFile"":null,""locator"":""FAST 25 摘要，「Mooncake increases the effective request capacity by 59%~498% when compared to baseline methods, all while complying with SLOs」""}","2026-09-12","2026-09","保留厂商宣称、第三方推测或教学观点及证据标签，不作为官方硬件数学输入。"
"lens.storage.kv-runtime:chapters.2.keyFigures.2.claim","A800 集群 +115% / H800 集群 +107%","A800 集群 +115% / H800 集群 +107%","non-spec","retained","[]","lens.storage.kv-runtime","null","lens.storage.kv-runtime / claim；适用范围见限定条件与来源位置","not specified / not applicable","not applicable / unspecified","not applicable / unspecified","⚠️ arXiv 版写的是「75% more requests」——版本不同数字不同，只引 FAST 25 版。","{""id"":""src.mooncake-fast25"",""url"":""https://www.usenix.org/conference/fast25/presentation/qin"",""localFile"":null,""locator"":""FAST 25 摘要，「enables Kimi to handle 115% and 107% more requests on NVIDIA A800 and H800 clusters, respectively, compared to previous systems」""}","2026-09-12","2026-09","保留厂商宣称、第三方推测或教学观点及证据标签，不作为官方硬件数学输入。"
"lens.storage.kv-runtime:chapters.2.keyFigures.3.claim","null","null","deployment-dependent","retained","[]","lens.storage.kv-runtime","%","lens.storage.kv-runtime / claim；适用范围见限定条件与来源位置","not specified / not applicable","not applicable / unspecified","not applicable / unspecified","没有可脱离负载引用的通用命中率：命中率由业务的前缀共享度决定（系统 prompt 越长、多轮占比越高越划算），论文数字都绑定具体 trace，本项目不抽一个数出来。","{""id"":""src.mooncake-fast25"",""url"":""https://www.usenix.org/conference/fast25/presentation/qin"",""localFile"":null,""locator"":null}","2026-09-12","2026-09","需要 OEM 型号、机房条件或部署拓扑才能确定；没有适用于所有系统的通用值。 没有可脱离负载引用的通用命中率：命中率由业务的前缀共享度决定（系统 prompt 越长、多轮占比越高越划算），论文数字都绑定具体 trace，本项目不抽一个数出来。"
"lens.storage.archive-mirror:chapters.3.keyFigures.0.claim","null","null","deployment-dependent","retained","[]","lens.storage.archive-mirror","GB/s","lens.storage.archive-mirror / claim；适用范围见限定条件与来源位置","not specified / not applicable","not applicable / unspecified","not applicable / unspecified","官方未公布：归档层的吞吐与 RTO 完全取决于客户的存储选型、副本布局与恢复流程，参考架构不覆盖这一层——本项目不编数。","{""id"":""src.nvidia-dynamo-docs"",""url"":""https://docs.nvidia.com/dynamo/latest/"",""localFile"":null,""locator"":null}","2026-09-12","2026-09","需要 OEM 型号、机房条件或部署拓扑才能确定；没有适用于所有系统的通用值。 官方未公布：归档层的吞吐与 RTO 完全取决于客户的存储选型、副本布局与恢复流程，参考架构不覆盖这一层——本项目不编数。"
"lens.storage.rag-l4:chapters.4.keyFigures.0.claim","41","41","non-spec","retained","[]","lens.storage.rag-l4","倍","lens.storage.rag-l4 / claim；适用范围见限定条件与来源位置","not specified / not applicable","not applicable / unspecified","not applicable / unspecified","⚠️ 存储厂商营销口径：对比对象是「无 KV 分层、全量重算」的基线，非独立评测。","{""id"":""src.weka-materials"",""url"":""https://www.weka.io/blog/ai-ml/unlocking-scalable-inference-with-weka-augmented-memory-grid/"",""localFile"":null,""locator"":""WEKA 博客「Unlocking Scalable Inference with WEKA Augmented Memory Grid」，「achieving a 41x improvement based on a 128,000-token context window」（Llama-405B Int4，DGX H100 环境）""}","2026-09-12","2026-09","保留厂商宣称、第三方推测或教学观点及证据标签，不作为官方硬件数学输入。"
"lens.storage.rag-l4:chapters.4.keyFigures.1.claim","TTFT 62 秒（重算 prefill）→ 3 秒（从 VAST 加载 KV cache）","TTFT 62 秒（重算 prefill）→ 3 秒（从 VAST 加载 KV cache）","non-spec","retained","[]","lens.storage.rag-l4","null","lens.storage.rag-l4 / claim；适用范围见限定条件与来源位置","not specified / not applicable","not applicable / unspecified","not applicable / unspecified","⚠️ 存储厂商营销口径，非独立评测；链路利用率宣称达 200 Gbps 链路的 ~99%。","{""id"":""src.vast-materials"",""url"":""https://www.vastdata.com/blog/nvidia-dynamo-vast-scalable-optimized-inference"",""localFile"":null,""locator"":""VAST 博客「NVIDIA Dynamo + VAST = Scalable, Optimized Inference」：HGX H100 8 卡 × Llama 3.1-405B × 127,188-token prompt，经 Dynamo NIXL + GDS/RoCE""}","2026-09-12","2026-09","保留厂商宣称、第三方推测或教学观点及证据标签，不作为官方硬件数学输入。"
"sys.gb300-nvl72:keySpecs.perNodeStorageBandwidthGBs","null","40","reviewed","added","[""sys.gb300-nvl72""]","NVIDIA GB300 NVL72","GB/s","NVIDIA GB300 NVL72 / perNodeStorageBandwidthGBs；适用范围见限定条件与来源位置","not specified / not applicable","not applicable / unspecified","not applicable / unspecified","GB300 企业参考架构的每节点部署带宽目标；不是存储阵列通用规格。","{""id"":""src.nvidia-nvl72-ra"",""url"":""https://docs.nvidia.com/enterprise-reference-architectures/nvl72-ai-factory/latest/networking-physical-topologies.html"",""localFile"":null,""locator"":""Networking Physical Topologies，「per-node storage bandwidth of up to 40 GB/s」""}","2026-09-12","2026-08","已按所列官方位置核验并采纳；限定条件随值展示。"
"cmp.shared.sn2201:specs.uplinkPorts100G","null","4","reviewed","added","[""sys.gb300-nvl72"",""sys.vera-rubin-nvl72"",""sys.rubin-ultra-nvl576"",""sys.groq3-lpx"",""sys.hgx-b300""]","NVIDIA SN2201 管理交换机","QSFP28 接口","NVIDIA SN2201 管理交换机 / uplinkPorts100G；适用范围见限定条件与来源位置","not specified / not applicable","not applicable / unspecified","not applicable / unspecified","除 48×1GbE RJ45 以外的 4×100GbE 上联。","{""id"":""src.nvidia-sn2201-manual"",""url"":""https://networking-docs.nvidia.com/sn2201hw/specifications"",""localFile"":null,""locator"":""Specifications / Interfaces""}","2026-09-12","2026-09","已按所列官方位置核验并采纳；限定条件随值展示。"
"cmp.gb300.b300-gpu:specs.hbmArchitectureGB","null","288","reviewed","added","[""sys.gb300-nvl72""]","NVIDIA B300（Blackwell Ultra）GPU","GB","NVIDIA B300（Blackwell Ultra）GPU / hbmArchitectureGB；适用范围见限定条件与来源位置","not specified / not applicable","not applicable / unspecified","not applicable / unspecified","288 GB：架构/参考架构口径。默认模拟用数据手册 GB300 SKU 的 279 GB。","{""id"":""src.nvidia-nvl72-ra"",""url"":""https://docs.nvidia.com/enterprise-reference-architectures/nvl72-ai-factory/latest/components.html"",""localFile"":null,""locator"":""System Hardware & Components Table 1，「NVIDIA B300 GPU, with 1,152 GB aggregated HBM3 memory」（每托盘 4 张，÷4 得单卡值）""}","2026-09-12","2026-08","已按所列官方位置核验并采纳；限定条件随值展示。"
"cmp.gb300.b300-gpu:specs.memoryBandwidthTBs","null","8","reviewed","added","[""sys.gb300-nvl72""]","NVIDIA B300（Blackwell Ultra）GPU","TB/s","NVIDIA B300（Blackwell Ultra）GPU / memoryBandwidthTBs；适用范围见限定条件与来源位置","not specified / not applicable","not applicable / unspecified","not applicable / unspecified","","{""id"":""src.nvidia-blackwell-ultra-datasheet"",""url"":""https://dam-cdn.nvd.orangelogic.com/AssetLink/1k0p832eq8r5ca0u5383ie5o4tp3bst1.pdf"",""localFile"":null,""locator"":""p.5 / GB300 GPU memory bandwidth""}","2026-09-12","2026-09","已按所列官方位置核验并采纳；限定条件随值展示。"
"cmp.gb300.b300-gpu:specs.fp16DenseTflops","null","2500","reviewed","added","[""sys.gb300-nvl72""]","NVIDIA B300（Blackwell Ultra）GPU","TFLOPS","NVIDIA B300（Blackwell Ultra）GPU / fp16DenseTflops；适用范围见限定条件与来源位置","not specified / not applicable","FP16/BF16","dense","5 PFLOPS sparse ÷ 2 = 2.5 PFLOPS dense。","{""id"":""src.nvidia-blackwell-ultra-datasheet"",""url"":""https://dam-cdn.nvd.orangelogic.com/AssetLink/1k0p832eq8r5ca0u5383ie5o4tp3bst1.pdf"",""localFile"":null,""locator"":""p.5 / FP16/BF16 Tensor Core""}","2026-09-12","2026-09","已按所列官方位置核验并采纳；限定条件随值展示。"
"cmp.gb300.b300-gpu:specs.fp8DenseTflops","null","5000","reviewed","added","[""sys.gb300-nvl72""]","NVIDIA B300（Blackwell Ultra）GPU","TFLOPS","NVIDIA B300（Blackwell Ultra）GPU / fp8DenseTflops；适用范围见限定条件与来源位置","not specified / not applicable","FP8","dense","10 PFLOPS sparse ÷ 2。","{""id"":""src.nvidia-blackwell-ultra-datasheet"",""url"":""https://dam-cdn.nvd.orangelogic.com/AssetLink/1k0p832eq8r5ca0u5383ie5o4tp3bst1.pdf"",""localFile"":null,""locator"":""p.5 / FP8 Tensor Core""}","2026-09-12","2026-09","已按所列官方位置核验并采纳；限定条件随值展示。"
"cmp.gb300.b300-gpu:specs.pcieBidirectionalGBs","null","256","reviewed","added","[""sys.gb300-nvl72""]","NVIDIA B300（Blackwell Ultra）GPU","GB/s","NVIDIA B300（Blackwell Ultra）GPU / pcieBidirectionalGBs；适用范围见限定条件与来源位置","bidirectional aggregate","not applicable / unspecified","not applicable / unspecified","单 GPU 双向合计接口上限；有效 DMA 路径仍取决于 OEM 布线。","{""id"":""src.nvidia-blackwell-ultra-datasheet"",""url"":""https://dam-cdn.nvd.orangelogic.com/AssetLink/1k0p832eq8r5ca0u5383ie5o4tp3bst1.pdf"",""localFile"":null,""locator"":""p.5 / PCIe Gen6""}","2026-09-12","2026-09","已按所列官方位置核验并采纳；限定条件随值展示。"
"cmp.gb300.grace-cpu:specs.coresPerCpu","null","72","reviewed","added","[""sys.gb300-nvl72""]","NVIDIA Grace CPU","核","NVIDIA Grace CPU / coresPerCpu；适用范围见限定条件与来源位置","not specified / not applicable","not applicable / unspecified","not applicable / unspecified","2592 ÷ 36 = 72 核/CPU。","{""id"":""src.nvidia-gb300-page"",""url"":""https://www.nvidia.com/en-us/data-center/gb300-nvl72/"",""localFile"":null,""locator"":""Specifications / 36 CPUs, 2,592 cores""}","2026-09-12","2026-09","已按所列官方位置核验并采纳；限定条件随值展示。"
"cmp.gb300.hbm3e:specs.stackHeight","null","12","reviewed","added","[""sys.gb300-nvl72""]","HBM3e 高带宽显存堆栈","层","HBM3e 高带宽显存堆栈 / stackHeight；适用范围见限定条件与来源位置","not specified / not applicable","not applicable / unspecified","not applicable / unspecified","","{""id"":""src.nvidia-blackwell-ultra-blog"",""url"":""https://developer.nvidia.com/blog/inside-nvidia-blackwell-ultra-the-chip-powering-the-ai-factory-era/"",""localFile"":null,""locator"":""Blackwell Ultra memory subsystem""}","2026-09-12","2026-09","已按所列官方位置核验并采纳；限定条件随值展示。"
"cmp.gb300.sn5610:specs.breakoutPorts400G","null","128","reviewed","added","[""sys.gb300-nvl72""]","NVIDIA Spectrum-X SN5610 以太网交换机","逻辑端口","NVIDIA Spectrum-X SN5610 以太网交换机 / breakoutPorts400G；适用范围见限定条件与来源位置","not specified / not applicable","not applicable / unspecified","not applicable / unspecified","部署使用数量依参考架构，不代表 128 个物理接口。","{""id"":""src.nvidia-sn5000-manual"",""url"":""https://networking-docs.nvidia.com/sn5000hw/introduction"",""localFile"":null,""locator"":""Introduction / breakout""}","2026-09-12","2026-09","已按所列官方位置核验并采纳；限定条件随值展示。"
"cmp.gb300.sn5610:specs.siliconGeneration","null","NVIDIA Spectrum-4","reviewed","added","[""sys.gb300-nvl72""]","NVIDIA Spectrum-X SN5610 以太网交换机","null","NVIDIA Spectrum-X SN5610 以太网交换机 / siliconGeneration；适用范围见限定条件与来源位置","not specified / not applicable","not applicable / unspecified","not applicable / unspecified","SN5600 与 SN5610 均在手册明确列为 Spectrum-4。","{""id"":""src.nvidia-sn5000-manual"",""url"":""https://networking-docs.nvidia.com/sn5000hw/introduction"",""localFile"":null,""locator"":""Introduction / Spectrum-4 ASIC""}","2026-09-12","2026-09","已按所列官方位置核验并采纳；限定条件随值展示。"
"cmp.gb300.sn5610:specs.switchingThroughputTbs","null","51.2","reviewed","added","[""sys.gb300-nvl72""]","NVIDIA Spectrum-X SN5610 以太网交换机","Tb/s","NVIDIA Spectrum-X SN5610 以太网交换机 / switchingThroughputTbs；适用范围见限定条件与来源位置","bidirectional aggregate","not applicable / unspecified","not applicable / unspecified","按厂商 Throughput 字段保留；手册又称 bidirectional switching capacity，方向表述存在歧义，不用来计算端口间传输时间。","{""id"":""src.nvidia-sn5000-manual"",""url"":""https://networking-docs.nvidia.com/sn5000hw/introduction"",""localFile"":null,""locator"":""Introduction / SN5600, SN5610 Throughput""}","2026-09-12","2026-09","已按所列官方位置核验并采纳；限定条件随值展示。"
"cmp.rubin.rubin-gpu:specs.scaleOutPerGpuTBs","null","0.45","reviewed","added","[""sys.vera-rubin-nvl72""]","NVIDIA Rubin GPU","TB/s","NVIDIA Rubin GPU / scaleOutPerGpuTBs；适用范围见限定条件与来源位置","bidirectional aggregate","not applicable / unspecified","not applicable / unspecified","单 GPU 双向合计；不等于端口线速。 Preliminary information; up to，规格随配置而变。","{""id"":""src.nvidia-vera-rubin-page"",""url"":""https://www.nvidia.com/en-us/data-center/vera-rubin-nvl72/"",""localFile"":null,""locator"":""Specifications / Scale-out bandwidth""}","2026-09-12","2026-09","已按所列官方位置核验并采纳；限定条件随值展示。"
"cmp.rubin.rubin-gpu:specs.fp16DenseTflops","null","4000","reviewed","added","[""sys.vera-rubin-nvl72""]","NVIDIA Rubin GPU","TFLOPS","NVIDIA Rubin GPU / fp16DenseTflops；适用范围见限定条件与来源位置","not specified / not applicable","FP16/BF16","dense","稠密值。 Preliminary information; up to，规格随配置而变。","{""id"":""src.nvidia-vera-rubin-page"",""url"":""https://www.nvidia.com/en-us/data-center/vera-rubin-nvl72/"",""localFile"":null,""locator"":""GPU specifications / FP16/BF16 training""}","2026-09-12","2026-09","已按所列官方位置核验并采纳；限定条件随值展示。"
"cmp.rubin.rubin-gpu:specs.fp8DenseTflops","null","17500","reviewed","added","[""sys.vera-rubin-nvl72""]","NVIDIA Rubin GPU","TFLOPS","NVIDIA Rubin GPU / fp8DenseTflops；适用范围见限定条件与来源位置","not specified / not applicable","FP8","dense","稠密值；非 FP4 inference sparse。 Preliminary information; up to，规格随配置而变。","{""id"":""src.nvidia-vera-rubin-page"",""url"":""https://www.nvidia.com/en-us/data-center/vera-rubin-nvl72/"",""localFile"":null,""locator"":""GPU specifications / FP8 training""}","2026-09-12","2026-09","已按所列官方位置核验并采纳；限定条件随值展示。"
"cmp.rubin.hbm4:specs.memoryBandwidthTBs","null","19.2","reviewed","added","[""sys.vera-rubin-nvl72""]","HBM4 高带宽显存堆栈","TB/s","HBM4 高带宽显存堆栈 / memoryBandwidthTBs；适用范围见限定条件与来源位置","not specified / not applicable","not applicable / unspecified","not applicable / unspecified","DSX MaxLPS at-scale 配置；不得与手册上限配置混用。 Preliminary information; up to，规格随配置而变。","{""id"":""src.nvidia-vera-rubin-page"",""url"":""https://www.nvidia.com/en-us/data-center/vera-rubin-nvl72/"",""localFile"":null,""locator"":""GPU Specifications / HBM bandwidth""}","2026-09-12","2026-09","已按所列官方位置核验并采纳；限定条件随值展示。"
"cmp.rubin.nvlink6-switch-tray:specs.trayBandwidthUpperTBs","null","28.8","reviewed","added","[""sys.vera-rubin-nvl72""]","NVLink 第六代交换托盘","TB/s","NVLink 第六代交换托盘 / trayBandwidthUpperTBs；适用范围见限定条件与来源位置","not specified / not applicable","not applicable / unspecified","not applicable / unspecified","六芯片博客 / 手册上限配置；不作为 MaxLPS 配置的有效托盘带宽。","{""id"":""src.nvidia-rubin-chips-blog"",""url"":""https://developer.nvidia.com/blog/inside-the-nvidia-rubin-platform-six-new-chips-one-ai-supercomputer/"",""localFile"":null,""locator"":""NVLink switch tray 图注，「28.8 TB/s of total tray bandwidth」""}","2026-09-12","2026-01","已按所列官方位置核验并采纳；限定条件随值展示。"
"cmp.rubin.bluefield-4:specs.memoryCapacityGB","null","128","reviewed","added","[""sys.vera-rubin-nvl72"",""sys.groq3-lpx""]","NVIDIA BlueField-4 DPU","GB","NVIDIA BlueField-4 DPU / memoryCapacityGB；适用范围见限定条件与来源位置","not specified / not applicable","not applicable / unspecified","not applicable / unspecified","最高 128 GB LPDDR5X，具体板卡配置独立确认。","{""id"":""src.nvidia-bf4-datasheet"",""url"":""https://dam-cdn.nvd.orangelogic.com/AssetLink/whs8mhb340t412js4612g3356607hapf.pdf"",""localFile"":null,""locator"":""p.2 / Memory""}","2026-09-12","2026-09","已按所列官方位置核验并采纳；限定条件随值展示。"
"cmp.rubin.bluefield-4:specs.pcieInterface","null","PCIe Gen6 ×16","reviewed","added","[""sys.vera-rubin-nvl72"",""sys.groq3-lpx""]","NVIDIA BlueField-4 DPU","null","NVIDIA BlueField-4 DPU / pcieInterface；适用范围见限定条件与来源位置","not specified / not applicable","not applicable / unspecified","not applicable / unspecified","","{""id"":""src.nvidia-bf4-datasheet"",""url"":""https://dam-cdn.nvd.orangelogic.com/AssetLink/whs8mhb340t412js4612g3356607hapf.pdf"",""localFile"":null,""locator"":""p.2 / Host interface""}","2026-09-12","2026-09","已按所列官方位置核验并采纳；限定条件随值展示。"
"cmp.hgx.b300-sxm:specs.fp16DenseTflops","null","2250","reviewed","added","[""sys.hgx-b300""]","NVIDIA B300 SXM（Blackwell Ultra，HGX 口径）","TFLOPS","NVIDIA B300 SXM（Blackwell Ultra，HGX 口径） / fp16DenseTflops；适用范围见限定条件与来源位置","not specified / not applicable","FP16/BF16","dense","4.5 PFLOPS sparse ÷ 2。","{""id"":""src.nvidia-blackwell-ultra-datasheet"",""url"":""https://dam-cdn.nvd.orangelogic.com/AssetLink/1k0p832eq8r5ca0u5383ie5o4tp3bst1.pdf"",""localFile"":null,""locator"":""p.5 / HGX B300 GPU FP16/BF16""}","2026-09-12","2026-09","已按所列官方位置核验并采纳；限定条件随值展示。"
"cmp.hgx.b300-sxm:specs.pcieBidirectionalGBs","null","256","reviewed","added","[""sys.hgx-b300""]","NVIDIA B300 SXM（Blackwell Ultra，HGX 口径）","GB/s","NVIDIA B300 SXM（Blackwell Ultra，HGX 口径） / pcieBidirectionalGBs；适用范围见限定条件与来源位置","bidirectional aggregate","not applicable / unspecified","not applicable / unspecified","单 GPU 双向合计接口上限；有效 DMA 路径仍取决于 OEM 布线。","{""id"":""src.nvidia-blackwell-ultra-datasheet"",""url"":""https://dam-cdn.nvd.orangelogic.com/AssetLink/1k0p832eq8r5ca0u5383ie5o4tp3bst1.pdf"",""localFile"":null,""locator"":""p.5 / HGX B300 GPU PCIe Gen6""}","2026-09-12","2026-09","已按所列官方位置核验并采纳；限定条件随值展示。"
"cmp.hgx.sn5600:specs.breakoutPorts400G","null","128","reviewed","added","[""sys.hgx-b300""]","NVIDIA Spectrum-4 SN5600 以太网交换机","逻辑端口","NVIDIA Spectrum-4 SN5600 以太网交换机 / breakoutPorts400G；适用范围见限定条件与来源位置","not specified / not applicable","not applicable / unspecified","not applicable / unspecified","部署使用数量依参考架构，不代表 128 个物理接口。","{""id"":""src.nvidia-sn5000-manual"",""url"":""https://networking-docs.nvidia.com/sn5000hw/introduction"",""localFile"":null,""locator"":""Introduction / breakout""}","2026-09-12","2026-09","已按所列官方位置核验并采纳；限定条件随值展示。"
"cmp.hgx.sn5600:specs.switchingThroughputTbs","null","51.2","reviewed","added","[""sys.hgx-b300""]","NVIDIA Spectrum-4 SN5600 以太网交换机","Tb/s","NVIDIA Spectrum-4 SN5600 以太网交换机 / switchingThroughputTbs；适用范围见限定条件与来源位置","bidirectional aggregate","not applicable / unspecified","not applicable / unspecified","按厂商 Throughput 字段保留；手册又称 bidirectional switching capacity，方向表述存在歧义，不用来计算端口间传输时间。","{""id"":""src.nvidia-sn5000-manual"",""url"":""https://networking-docs.nvidia.com/sn5000hw/introduction"",""localFile"":null,""locator"":""Introduction / SN5600, SN5610 Throughput""}","2026-09-12","2026-09","已按所列官方位置核验并采纳；限定条件随值展示。"
"cmp.pod.vera-cpu-rack:specs.cpuCount","null","256","reviewed","added","[""sys.vera-rubin-nvl72""]","Vera CPU Rack · Agent 执行","CPU","Vera CPU Rack · Agent 执行 / cpuCount；适用范围见限定条件与来源位置","not specified / not applicable","not applicable / unspecified","not applicable / unspecified"," Preliminary information; up to，规格随配置而变。","{""id"":""src.nvidia-vera-cpu-rack"",""url"":""https://www.nvidia.com/en-us/data-center/products/vera-rack/"",""localFile"":null,""locator"":""Specifications / CPU count""}","2026-09-12","2026-09","已按所列官方位置核验并采纳；限定条件随值展示。"
"cmp.pod.vera-cpu-rack:specs.cpuCoreCount","null","22528","reviewed","added","[""sys.vera-rubin-nvl72""]","Vera CPU Rack · Agent 执行","核","Vera CPU Rack · Agent 执行 / cpuCoreCount；适用范围见限定条件与来源位置","not specified / not applicable","not applicable / unspecified","not applicable / unspecified"," Preliminary information; up to，规格随配置而变。","{""id"":""src.nvidia-vera-cpu-rack"",""url"":""https://www.nvidia.com/en-us/data-center/products/vera-rack/"",""localFile"":null,""locator"":""Specifications / Cores""}","2026-09-12","2026-09","已按所列官方位置核验并采纳；限定条件随值展示。"
"cmp.pod.vera-cpu-rack:specs.cpuMemoryTB","null","400","reviewed","added","[""sys.vera-rubin-nvl72""]","Vera CPU Rack · Agent 执行","TB","Vera CPU Rack · Agent 执行 / cpuMemoryTB；适用范围见限定条件与来源位置","not specified / not applicable","not applicable / unspecified","not applicable / unspecified","最高容量；推荐配置 200 TB，单独于 NVL72 CPU 内存。 Preliminary information; up to，规格随配置而变。","{""id"":""src.nvidia-vera-cpu-rack"",""url"":""https://www.nvidia.com/en-us/data-center/products/vera-rack/"",""localFile"":null,""locator"":""Specifications / System memory""}","2026-09-12","2026-09","已按所列官方位置核验并采纳；限定条件随值展示。"
"cmp.pod.bf4-stx-cmx:specs.moduleConfiguration","null","Dual STX storage processors","reviewed","added","[""sys.vera-rubin-nvl72""]","BlueField-4 STX / CMX · KV 存储","null","BlueField-4 STX / CMX · KV 存储 / moduleConfiguration；适用范围见限定条件与来源位置","not specified / not applicable","not applicable / unspecified","not applicable / unspecified","","{""id"":""src.nvidia-stx-datasheet"",""url"":""https://dam-cdn.nvd.orangelogic.com/AssetLink/2pgc1k5w103r3rfnn4n5weq08hec7038.pdf"",""localFile"":null,""locator"":""Specifications table""}","2026-09-12","2026-09","已按所列官方位置核验并采纳；限定条件随值展示。"
"cmp.pod.bf4-stx-cmx:specs.networkBandwidthTbs","null","3.2","reviewed","added","[""sys.vera-rubin-nvl72""]","BlueField-4 STX / CMX · KV 存储","Tb/s","BlueField-4 STX / CMX · KV 存储 / networkBandwidthTbs；适用范围见限定条件与来源位置","not specified / not applicable","not applicable / unspecified","not applicable / unspecified","双处理器模块网络能力；非整架吞吐，方向与部署有效吞吐需按 SKU 核实。","{""id"":""src.nvidia-stx-datasheet"",""url"":""https://dam-cdn.nvd.orangelogic.com/AssetLink/2pgc1k5w103r3rfnn4n5weq08hec7038.pdf"",""localFile"":null,""locator"":""Dual STX / Networking""}","2026-09-12","2026-09","已按所列官方位置核验并采纳；限定条件随值展示。"
"cmp.pod.bf4-stx-cmx:specs.pcieInterface","null","PCIe Gen6 ×96","reviewed","added","[""sys.vera-rubin-nvl72""]","BlueField-4 STX / CMX · KV 存储","null","BlueField-4 STX / CMX · KV 存储 / pcieInterface；适用范围见限定条件与来源位置","not specified / not applicable","not applicable / unspecified","not applicable / unspecified","","{""id"":""src.nvidia-stx-datasheet"",""url"":""https://dam-cdn.nvd.orangelogic.com/AssetLink/2pgc1k5w103r3rfnn4n5weq08hec7038.pdf"",""localFile"":null,""locator"":""Dual STX / PCIe""}","2026-09-12","2026-09","已按所列官方位置核验并采纳；限定条件随值展示。"
"cmp.pod.bf4-stx-cmx:specs.memoryCapacityGB","null","384","reviewed","added","[""sys.vera-rubin-nvl72""]","BlueField-4 STX / CMX · KV 存储","GB","BlueField-4 STX / CMX · KV 存储 / memoryCapacityGB；适用范围见限定条件与来源位置","not specified / not applicable","not applicable / unspecified","not applicable / unspecified","","{""id"":""src.nvidia-stx-datasheet"",""url"":""https://dam-cdn.nvd.orangelogic.com/AssetLink/2pgc1k5w103r3rfnn4n5weq08hec7038.pdf"",""localFile"":null,""locator"":""Dual STX / Memory""}","2026-09-12","2026-09","已按所列官方位置核验并采纳；限定条件随值展示。"
"cmp.pod.bf4-stx-cmx:specs.cpuCoreCount","null","null","scope-conflict","added","[""sys.vera-rubin-nvl72""]","BlueField-4 STX / CMX · KV 存储","核","BlueField-4 STX / CMX · KV 存储 / cpuCoreCount；适用范围见限定条件与来源位置","not specified / not applicable","not applicable / unspecified","not applicable / unspecified","来源范围不清：STX 手册写每 CPU up to 84 Neoverse V2，与 Vera CPU 通用 88 Olympus 不一致；不套用通用值。","{""id"":""src.nvidia-stx-datasheet"",""url"":""https://dam-cdn.nvd.orangelogic.com/AssetLink/2pgc1k5w103r3rfnn4n5weq08hec7038.pdf"",""localFile"":null,""locator"":""CPU table""}","2026-09-12","2026-09","原始资料存在配置、数量或范围差异；保留出处供对照，不作为已确认的统一配置。 来源范围不清：STX 手册写每 CPU up to 84 Neoverse V2，与 Vera CPU 通用 88 Olympus 不一致；不套用通用值。"
"cmp.pod.spectrum6-spx:specs.asicBandwidthTbs","null","102.4","reviewed","added","[""sys.vera-rubin-nvl72""]","Spectrum-6 SPX · POD 网络","Tb/s","Spectrum-6 SPX · POD 网络 / asicBandwidthTbs；适用范围见限定条件与来源位置","not specified / not applicable","not applicable / unspecified","not applicable / unspecified","单 Spectrum-6 ASIC 交换能力，非机架吞吐。 Preliminary information; up to，规格随配置而变。","{""id"":""src.nvidia-rubin-chips-blog"",""url"":""https://developer.nvidia.com/blog/inside-the-nvidia-rubin-platform-six-new-chips-one-ai-supercomputer/"",""localFile"":null,""locator"":""Spectrum-6 / 512 lanes of 200G""}","2026-09-12","2026-09","已按所列官方位置核验并采纳；限定条件随值展示。"
"cmp.pod.spectrum6-spx:specs.serdesLanes","null","512","reviewed","added","[""sys.vera-rubin-nvl72""]","Spectrum-6 SPX · POD 网络","lane","Spectrum-6 SPX · POD 网络 / serdesLanes；适用范围见限定条件与来源位置","not specified / not applicable","not applicable / unspecified","not applicable / unspecified"," Preliminary information; up to，规格随配置而变。","{""id"":""src.nvidia-rubin-chips-blog"",""url"":""https://developer.nvidia.com/blog/inside-the-nvidia-rubin-platform-six-new-chips-one-ai-supercomputer/"",""localFile"":null,""locator"":""Spectrum-6""}","2026-09-12","2026-09","已按所列官方位置核验并采纳；限定条件随值展示。"
"cmp.pod.spectrum6-spx:specs.serdesSpeedGbs","null","200","reviewed","added","[""sys.vera-rubin-nvl72""]","Spectrum-6 SPX · POD 网络","Gb/s","Spectrum-6 SPX · POD 网络 / serdesSpeedGbs；适用范围见限定条件与来源位置","not specified / not applicable","not applicable / unspecified","not applicable / unspecified"," Preliminary information; up to，规格随配置而变。","{""id"":""src.nvidia-rubin-chips-blog"",""url"":""https://developer.nvidia.com/blog/inside-the-nvidia-rubin-platform-six-new-chips-one-ai-supercomputer/"",""localFile"":null,""locator"":""Spectrum-6""}","2026-09-12","2026-09","已按所列官方位置核验并采纳；限定条件随值展示。"
"cmp.pod.spectrum6-spx:specs.switchesPerRack","null","null","deployment-dependent","added","[""sys.vera-rubin-nvl72""]","Spectrum-6 SPX · POD 网络","交换机","Spectrum-6 SPX · POD 网络 / switchesPerRack；适用范围见限定条件与来源位置","not specified / not applicable","not applicable / unspecified","not applicable / unspecified","按集群规模与 OEM 网络配置决定。 Preliminary information; up to，规格随配置而变。","{""id"":""src.nvidia-rubin-pod-blog"",""url"":""https://developer.nvidia.com/blog/nvidia-vera-rubin-pod-seven-chips-five-rack-scale-systems-one-ai-supercomputer/"",""localFile"":null,""locator"":""Spectrum-6 SPX rack""}","2026-09-12","2026-09","需要 OEM 型号、机房条件或部署拓扑才能确定；没有适用于所有系统的通用值。 按集群规模与 OEM 网络配置决定。 Preliminary information; up to，规格随配置而变。"
"asm.gb300.hbm:countClaim","null","8","reviewed","added","[""sys.gb300-nvl72""]","asm.gb300.hbm","堆栈","asm.gb300.hbm / countClaim；适用范围见限定条件与来源位置","not specified / not applicable","not applicable / unspecified","not applicable / unspecified","每 GPU 8 个 12-Hi HBM3E 堆栈。","{""id"":""src.nvidia-blackwell-ultra-blog"",""url"":""https://developer.nvidia.com/blog/inside-nvidia-blackwell-ultra-the-chip-powering-the-ai-factory-era/"",""localFile"":null,""locator"":""Blackwell Ultra memory subsystem""}","2026-09-12","2026-09","已按所列官方位置核验并采纳；限定条件随值展示。"
